timestamp,role,dex,pair_address,block_number,transaction_hash,log_index,event_name,reserve_base_post,reserve_quote_post,mid_price_quote_per_base
2026-04-11 02:02:47+00:00,arb_pair,sushiswap_arbitrum,0x515e252b2b5c22b4b2b6df66c2ebeea871aa4d69,451220704,0x8aa3675ab9d7caea53402d5c0009da2b4e07dc792d2dba33ffae18ad7e7cc15c,26,Sync,0.15919104,5.160224008933433,32.41529177102827
2026-04-11 13:04:16+00:00,arb_pair,sushiswap_arbitrum,0x515e252b2b5c22b4b2b6df66c2ebeea871aa4d69,451379409,0xc9d440d7846292d73dfeef2771ad08be2449b3a09f113138e0cbad7d93b9d570,25,Sync,0.159193,5.160160666341028,32.414494772640936
2026-04-11 13:04:16+00:00,arb_pair,sushiswap_arbitrum,0x515e252b2b5c22b4b2b6df66c2ebeea871aa4d69,451379409,0xc9d440d7846292d73dfeef2771ad08be2449b3a09f113138e0cbad7d93b9d570,26,Swap,0.159193,5.160160666341028,32.414494772640936
2026-04-11 13:11:08+00:00,arb_pair,sushiswap_arbitrum,0x515e252b2b5c22b4b2b6df66c2ebeea871aa4d69,451381058,0x1052bafbd903102bebc5b33de5ce0e0a7dd5cc81fd4d4e09ebe542d506b5472a,62,Sync,0.15919754,5.1600139501918,32.41264877705899
2026-04-11 13:11:08+00:00,arb_pair,sushiswap_arbitrum,0x515e252b2b5c22b4b2b6df66c2ebeea871aa4d69,451381058,0x1052bafbd903102bebc5b33de5ce0e0a7dd5cc81fd4d4e09ebe542d506b5472a,63,Swap,0.15919754,5.1600139501918,32.41264877705899
2026-04-11 13:11:08+00:00,arb_pair,sushiswap_arbitrum,0x515e252b2b5c22b4b2b6df66c2ebeea871aa4d69,451381058,0x29d2f333d124987755be3088ccf6275349f9685759bbae6a155810a8531ff27d,77,Sync,0.15919822,5.159991975806016,32.41237229791901
2026-04-11 13:11:08+00:00,arb_pair,sushiswap_arbitrum,0x515e252b2b5c22b4b2b6df66c2ebeea871aa4d69,451381058,0x29d2f333d124987755be3088ccf6275349f9685759bbae6a155810a8531ff27d,78,Swap,0.15919822,5.159991975806016,32.41237229791901
2026-04-11 15:17:51+00:00,arb_pair,sushiswap_arbitrum,0x515e252b2b5c22b4b2b6df66c2ebeea871aa4d69,451411457,0x8c2ec8fbb36895c14d99f16b7d6e3e3e4e743facdb9ad1ec522004bcf9ecf6cb,91,Sync,0.15928716,5.157119467665926,32.37624092027208
2026-04-11 15:17:51+00:00,arb_pair,sushiswap_arbitrum,0x515e252b2b5c22b4b2b6df66c2ebeea871aa4d69,451411457,0x8c2ec8fbb36895c14d99f16b7d6e3e3e4e743facdb9ad1ec522004bcf9ecf6cb,92,Swap,0.15928716,5.157119467665926,32.37624092027208
2026-04-11 16:41:08+00:00,arb_pair,sushiswap_arbitrum,0x515e252b2b5c22b4b2b6df66c2ebeea871aa4d69,451431432,0x62d367c243233f255cfea8d817c498b522f2c494bd58a7d89347073037514f44,36,Sync,0.15949417,5.150446015466937,32.2923779312243
2026-04-11 16:41:08+00:00,arb_pair,sushiswap_arbitrum,0x515e252b2b5c22b4b2b6df66c2ebeea871aa4d69,451431432,0x62d367c243233f255cfea8d817c498b522f2c494bd58a7d89347073037514f44,37,Swap,0.15949417,5.150446015466937,32.2923779312243
2026-04-11 17:06:14+00:00,arb_pair,sushiswap_arbitrum,0x515e252b2b5c22b4b2b6df66c2ebeea871aa4d69,451437474,0xb2d4d9d98fe3527c9c1495c1a15cc815b48cb27d93c4ff84a1b955962630d6d7,17,Sync,0.15949439,5.150438932466502,32.29228897935847
2026-04-11 17:06:14+00:00,arb_pair,sushiswap_arbitrum,0x515e252b2b5c22b4b2b6df66c2ebeea871aa4d69,451437474,0xb2d4d9d98fe3527c9c1495c1a15cc815b48cb27d93c4ff84a1b955962630d6d7,18,Swap,0.15949439,5.150438932466502,32.29228897935847
2026-04-11 18:35:27+00:00,arb_pair,sushiswap_arbitrum,0x515e252b2b5c22b4b2b6df66c2ebeea871aa4d69,451458853,0xe800c9742dbf0c7496440b5dfe3ecb391fcc72bda11cf15647626d16a814d42d,2,Sync,0.15966196,5.145049592488258,32.224642566634266
2026-04-11 18:35:27+00:00,arb_pair,sushiswap_arbitrum,0x515e252b2b5c22b4b2b6df66c2ebeea871aa4d69,451458853,0xe800c9742dbf0c7496440b5dfe3ecb391fcc72bda11cf15647626d16a814d42d,3,Swap,0.15966196,5.145049592488258,32.224642566634266
2026-04-11 18:35:47+00:00,arb_pair,sushiswap_arbitrum,0x515e252b2b5c22b4b2b6df66c2ebeea871aa4d69,451458932,0xc5c6a0759b3750539524e69f0a7588f2b18c53ad08d8c4e896bf1559256d67ec,3,Sync,0.1598345,5.139512198856822,32.15521179005047
2026-04-11 18:35:47+00:00,arb_pair,sushiswap_arbitrum,0x515e252b2b5c22b4b2b6df66c2ebeea871aa4d69,451458932,0xc5c6a0759b3750539524e69f0a7588f2b18c53ad08d8c4e896bf1559256d67ec,4,Swap,0.1598345,5.139512198856822,32.15521179005047
2026-04-11 18:36:47+00:00,arb_pair,sushiswap_arbitrum,0x515e252b2b5c22b4b2b6df66c2ebeea871aa4d69,451459174,0x4096716b36c34afbaf54a55d838adff25c5362196fbffab69553277e47155f6c,51,Sync,0.16001769,5.133646060295248,32.081740839373744
2026-04-11 18:36:47+00:00,arb_pair,sushiswap_arbitrum,0x515e252b2b5c22b4b2b6df66c2ebeea871aa4d69,451459174,0x4096716b36c34afbaf54a55d838adff25c5362196fbffab69553277e47155f6c,52,Swap,0.16001769,5.133646060295248,32.081740839373744
2026-04-11 18:39:57+00:00,arb_pair,sushiswap_arbitrum,0x515e252b2b5c22b4b2b6df66c2ebeea871aa4d69,451459934,0xdd5427e3ed8f01c9bfe0c5d1120a4861dee936e835bbc1146dac76d18897cd7b,6,Sync,0.16012592,5.130186602933081,32.03845200660256
2026-04-11 18:39:57+00:00,arb_pair,sushiswap_arbitrum,0x515e252b2b5c22b4b2b6df66c2ebeea871aa4d69,451459934,0xdd5427e3ed8f01c9bfe0c5d1120a4861dee936e835bbc1146dac76d18897cd7b,7,Swap,0.16012592,5.130186602933081,32.03845200660256
2026-04-11 18:48:26+00:00,arb_pair,sushiswap_arbitrum,0x515e252b2b5c22b4b2b6df66c2ebeea871aa4d69,451461968,0xc058bbaeb42b06c2283d85af990eda0c1a8011707b24a17260d73d923a4e51a2,10,Sync,0.16023414,5.126732130937814,31.995254762423375
2026-04-11 18:48:26+00:00,arb_pair,sushiswap_arbitrum,0x515e252b2b5c22b4b2b6df66c2ebeea871aa4d69,451461968,0xc058bbaeb42b06c2283d85af990eda0c1a8011707b24a17260d73d923a4e51a2,11,Swap,0.16023414,5.126732130937814,31.995254762423375
2026-04-11 18:59:55+00:00,arb_pair,sushiswap_arbitrum,0x515e252b2b5c22b4b2b6df66c2ebeea871aa4d69,451464742,0xa82442bc82b95bd52b23d894bdd17ca9ea2ffef1624cbeff574ead2e1db8af69,36,Sync,0.16033151,5.123627979766155,31.956463079317064
2026-04-11 18:59:55+00:00,arb_pair,sushiswap_arbitrum,0x515e252b2b5c22b4b2b6df66c2ebeea871aa4d69,451464742,0xa82442bc82b95bd52b23d894bdd17ca9ea2ffef1624cbeff574ead2e1db8af69,37,Swap,0.16033151,5.123627979766155,31.956463079317064
2026-04-11 19:01:41+00:00,arb_pair,sushiswap_arbitrum,0x515e252b2b5c22b4b2b6df66c2ebeea871aa4d69,451465164,0x876e62194e4138a32130ca7d84a338a668da87590f6b0c0f89561b5ed8028b2c,19,Sync,0.16043973,5.120182345062269,31.913431573727213
2026-04-11 19:01:41+00:00,arb_pair,sushiswap_arbitrum,0x515e252b2b5c22b4b2b6df66c2ebeea871aa4d69,451465164,0x876e62194e4138a32130ca7d84a338a668da87590f6b0c0f89561b5ed8028b2c,20,Swap,0.16043973,5.120182345062269,31.913431573727213
2026-04-11 19:05:42+00:00,arb_pair,sushiswap_arbitrum,0x515e252b2b5c22b4b2b6df66c2ebeea871aa4d69,451466129,0x669001d7941634843992ce435581212c6c20554a132ec066e1d54a2fe4131383,117,Sync,0.16066949,5.112882335035066,31.82235989567818
2026-04-11 19:05:42+00:00,arb_pair,sushiswap_arbitrum,0x515e252b2b5c22b4b2b6df66c2ebeea871aa4d69,451466129,0x669001d7941634843992ce435581212c6c20554a132ec066e1d54a2fe4131383,118,Swap,0.16066949,5.112882335035066,31.82235989567818
2026-04-11 19:11:03+00:00,arb_pair,sushiswap_arbitrum,0x515e252b2b5c22b4b2b6df66c2ebeea871aa4d69,451467416,0x038e5aefd40c66c0ea5a4e9cccc91a8afe338223485e3b6f6a0cf1d7ab5565e3,63,Sync,0.16067057,5.112848070220458,31.821932729935906
2026-04-11 19:11:03+00:00,arb_pair,sushiswap_arbitrum,0x515e252b2b5c22b4b2b6df66c2ebeea871aa4d69,451467416,0x038e5aefd40c66c0ea5a4e9cccc91a8afe338223485e3b6f6a0cf1d7ab5565e3,64,Swap,0.16067057,5.112848070220458,31.821932729935906
2026-04-11 19:11:03+00:00,arb_pair,sushiswap_arbitrum,0x515e252b2b5c22b4b2b6df66c2ebeea871aa4d69,451467416,0xf4561e53e07fa78e66d7e7637f0a7ed0b66cae986a01878a16cb723c80008414,73,Sync,0.16067101,5.112834110613122,31.821758701915932
2026-04-11 19:11:03+00:00,arb_pair,sushiswap_arbitrum,0x515e252b2b5c22b4b2b6df66c2ebeea871aa4d69,451467416,0xf4561e53e07fa78e66d7e7637f0a7ed0b66cae986a01878a16cb723c80008414,74,Swap,0.16067101,5.112834110613122,31.821758701915932
2026-04-11 19:29:05+00:00,arb_pair,sushiswap_arbitrum,0x515e252b2b5c22b4b2b6df66c2ebeea871aa4d69,451471746,0x73f10847573398cdd347206772ff41c9fcc10c6f6cce949b7d92085a3c0e2b91,17,Sync,0.16077923,5.109402995234138,31.77899903634405
2026-04-11 19:29:05+00:00,arb_pair,sushiswap_arbitrum,0x515e252b2b5c22b4b2b6df66c2ebeea871aa4d69,451471746,0x73f10847573398cdd347206772ff41c9fcc10c6f6cce949b7d92085a3c0e2b91,18,Swap,0.16077923,5.109402995234138,31.77899903634405
2026-04-11 19:31:24+00:00,arb_pair,sushiswap_arbitrum,0x515e252b2b5c22b4b2b6df66c2ebeea871aa4d69,451472299,0x11f1bd104aff7b86d1ad8b137b2ddf3c5f8c757ef052cd719278270d776e172e,25,Sync,0.16088745,5.105976488779984,31.73632554173731
2026-04-11 19:31:24+00:00,arb_pair,sushiswap_arbitrum,0x515e252b2b5c22b4b2b6df66c2ebeea871aa4d69,451472299,0x11f1bd104aff7b86d1ad8b137b2ddf3c5f8c757ef052cd719278270d776e172e,26,Swap,0.16088745,5.105976488779984,31.73632554173731
2026-04-11 20:32:24+00:00,arb_pair,sushiswap_arbitrum,0x515e252b2b5c22b4b2b6df66c2ebeea871aa4d69,451486927,0xe0d413dd435b38325c3e4f99bccadd06bc63a528031d56238e3c2a24bc67d9be,14,Sync,0.16077827,5.109454400779984,31.779508516791378
2026-04-11 20:32:24+00:00,arb_pair,sushiswap_arbitrum,0x515e252b2b5c22b4b2b6df66c2ebeea871aa4d69,451486927,0xe0d413dd435b38325c3e4f99bccadd06bc63a528031d56238e3c2a24bc67d9be,15,Swap,0.16077827,5.109454400779984,31.779508516791378
2026-04-11 23:06:12+00:00,arb_pair,sushiswap_arbitrum,0x515e252b2b5c22b4b2b6df66c2ebeea871aa4d69,451523788,0x5446c21cfc492c5b2d538db51253287a97e3669c70ddfa052e6201846dadb8df,47,Sync,0.16062327,5.114399904247815,31.84096491279137
2026-04-11 23:06:12+00:00,arb_pair,sushiswap_arbitrum,0x515e252b2b5c22b4b2b6df66c2ebeea871aa4d69,451523788,0x5446c21cfc492c5b2d538db51253287a97e3669c70ddfa052e6201846dadb8df,48,Swap,0.16062327,5.114399904247815,31.84096491279137
2026-04-12 01:37:59+00:00,arb_pair,sushiswap_arbitrum,0x515e252b2b5c22b4b2b6df66c2ebeea871aa4d69,451560159,0x95f2af5ddd638d2cb3874b99d8d61651f6fbded538060dc7127c2d764c571b0a,12,Sync,0.16044558,5.12008103460836,31.911636547472106
2026-04-12 01:37:59+00:00,arb_pair,sushiswap_arbitrum,0x515e252b2b5c22b4b2b6df66c2ebeea871aa4d69,451560159,0x95f2af5ddd638d2cb3874b99d8d61651f6fbded538060dc7127c2d764c571b0a,13,Swap,0.16044558,5.12008103460836,31.911636547472106
2026-04-12 01:39:15+00:00,arb_pair,sushiswap_arbitrum,0x515e252b2b5c22b4b2b6df66c2ebeea871aa4d69,451560463,0xf50c205d7e15c9300a185a2ff08656ef3e60f7e03db782308c3c4669d41c92d7,49,Sync,0.16029753,5.124824421558629,31.970701117843983
2026-04-12 01:39:15+00:00,arb_pair,sushiswap_arbitrum,0x515e252b2b5c22b4b2b6df66c2ebeea871aa4d69,451560463,0xf50c205d7e15c9300a185a2ff08656ef3e60f7e03db782308c3c4669d41c92d7,50,Swap,0.16029753,5.124824421558629,31.970701117843983
2026-04-12 01:39:43+00:00,arb_pair,sushiswap_arbitrum,0x515e252b2b5c22b4b2b6df66c2ebeea871aa4d69,451560574,0xdfd0ccc0d2d552002cc8da2beb4dfc1d90a93687165efcef9fbc3fa4f437ca46,93,Sync,0.16029791,5.124812309167432,31.970549766790047
2026-04-12 01:39:43+00:00,arb_pair,sushiswap_arbitrum,0x515e252b2b5c22b4b2b6df66c2ebeea871aa4d69,451560574,0xdfd0ccc0d2d552002cc8da2beb4dfc1d90a93687165efcef9fbc3fa4f437ca46,94,Swap,0.16029791,5.124812309167432,31.970549766790047
2026-04-12 01:41:14+00:00,arb_pair,sushiswap_arbitrum,0x515e252b2b5c22b4b2b6df66c2ebeea871aa4d69,451560941,0x1d3c611b5a8d002b843188f7cf023ae54a41c19b41f7f18c801cde2eb3ead316,53,Sync,0.16011459,5.130697610662672,32.04391061840568
2026-04-12 01:41:14+00:00,arb_pair,sushiswap_arbitrum,0x515e252b2b5c22b4b2b6df66c2ebeea871aa4d69,451560941,0x1d3c611b5a8d002b843188f7cf023ae54a41c19b41f7f18c801cde2eb3ead316,54,Swap,0.16011459,5.130697610662672,32.04391061840568
2026-04-12 01:48:08+00:00,arb_pair,sushiswap_arbitrum,0x515e252b2b5c22b4b2b6df66c2ebeea871aa4d69,451562602,0x5d8a3c5912efcdaa623bfde88d73e54e75b6fc1d02cfceda79f17fb7a83435f7,39,Sync,0.15995142,5.135947339863837,32.10942009682588
2026-04-12 01:48:08+00:00,arb_pair,sushiswap_arbitrum,0x515e252b2b5c22b4b2b6df66c2ebeea871aa4d69,451562602,0x5d8a3c5912efcdaa623bfde88d73e54e75b6fc1d02cfceda79f17fb7a83435f7,40,Swap,0.15995142,5.135947339863837,32.10942009682588
2026-04-12 01:48:08+00:00,arb_pair,sushiswap_arbitrum,0x515e252b2b5c22b4b2b6df66c2ebeea871aa4d69,451562603,0xa39dadbdac08d19f1ac30165e61460489229e8e2aeadeefc17ce3721843df240,42,Sync,0.15980133,5.140785985949646,32.169857321898675
2026-04-12 01:48:08+00:00,arb_pair,sushiswap_arbitrum,0x515e252b2b5c22b4b2b6df66c2ebeea871aa4d69,451562603,0xa39dadbdac08d19f1ac30165e61460489229e8e2aeadeefc17ce3721843df240,43,Swap,0.15980133,5.140785985949646,32.169857321898675
2026-04-12 01:49:08+00:00,arb_pair,sushiswap_arbitrum,0x515e252b2b5c22b4b2b6df66c2ebeea871aa4d69,451562841,0xc28192f811e479304212833626ed77c92c684221743628d7da9d90fb2d517213,25,Sync,0.15980173,5.140773156642563,32.169696514815975
2026-04-12 01:49:08+00:00,arb_pair,sushiswap_arbitrum,0x515e252b2b5c22b4b2b6df66c2ebeea871aa4d69,451562841,0xc28192f811e479304212833626ed77c92c684221743628d7da9d90fb2d517213,26,Swap,0.15980173,5.140773156642563,32.169696514815975
2026-04-12 02:02:00+00:00,arb_pair,sushiswap_arbitrum,0x515e252b2b5c22b4b2b6df66c2ebeea871aa4d69,451565937,0x47481f4eda792040b5a35b6808f133fd2803fdc1d3c8af43b2aceb18076beb71,82,Sync,0.1598031,5.140729216751362,32.16914575969654
2026-04-12 02:02:00+00:00,arb_pair,sushiswap_arbitrum,0x515e252b2b5c22b4b2b6df66c2ebeea871aa4d69,451565937,0x47481f4eda792040b5a35b6808f133fd2803fdc1d3c8af43b2aceb18076beb71,83,Swap,0.1598031,5.140729216751362,32.16914575969654
2026-04-12 05:14:52+00:00,arb_pair,sushiswap_arbitrum,0x515e252b2b5c22b4b2b6df66c2ebeea871aa4d69,451612190,0x20b36e52065ae0e25ce3086552da05e9ca5593690ef78662bbfdb30e08f505f6,20,Sync,0.15980683,5.14060958859431,32.16764633022449
2026-04-12 05:14:52+00:00,arb_pair,sushiswap_arbitrum,0x515e252b2b5c22b4b2b6df66c2ebeea871aa4d69,451612190,0x20b36e52065ae0e25ce3086552da05e9ca5593690ef78662bbfdb30e08f505f6,21,Swap,0.15980683,5.14060958859431,32.16764633022449
2026-04-12 10:53:54+00:00,arb_pair,sushiswap_arbitrum,0x515e252b2b5c22b4b2b6df66c2ebeea871aa4d69,451693570,0xdce8cf74439f7664855af3a7db3695e457384cd3a701a5d4509abf05df3d0706,26,Sync,0.15958739,5.147699635406842,32.256305685598605
2026-04-12 10:53:54+00:00,arb_pair,sushiswap_arbitrum,0x515e252b2b5c22b4b2b6df66c2ebeea871aa4d69,451693570,0xdce8cf74439f7664855af3a7db3695e457384cd3a701a5d4509abf05df3d0706,27,Swap,0.15958739,5.147699635406842,32.256305685598605
2026-04-12 10:53:56+00:00,arb_pair,sushiswap_arbitrum,0x515e252b2b5c22b4b2b6df66c2ebeea871aa4d69,451693577,0x19ddb1dba3e3a6d8bd9d1ef3a47e48b7722f6f4789eb0f6870f07e82705229bd,17,Sync,0.15949103,5.150819280539242,32.2953540430408
2026-04-12 10:53:56+00:00,arb_pair,sushiswap_arbitrum,0x515e252b2b5c22b4b2b6df66c2ebeea871aa4d69,451693577,0x19ddb1dba3e3a6d8bd9d1ef3a47e48b7722f6f4789eb0f6870f07e82705229bd,18,Swap,0.15949103,5.150819280539242,32.2953540430408
2026-04-12 14:11:54+00:00,arb_pair,sushiswap_arbitrum,0x515e252b2b5c22b4b2b6df66c2ebeea871aa4d69,451741092,0x55b22e2977f9bca18117470492c25982695cceb0e0808d838d15064202d90e24,22,Sync,0.15949089,5.150823891776001,32.29541130390583
2026-04-12 14:11:54+00:00,arb_pair,sushiswap_arbitrum,0x515e252b2b5c22b4b2b6df66c2ebeea871aa4d69,451741092,0x55b22e2977f9bca18117470492c25982695cceb0e0808d838d15064202d90e24,23,Swap,0.15949089,5.150823891776001,32.29541130390583
2026-04-12 15:30:30+00:00,arb_pair,sushiswap_arbitrum,0x515e252b2b5c22b4b2b6df66c2ebeea871aa4d69,451759944,0x6625decec52a9533b2250db56d514de7421b1e167160a1183f3e84f98ddce618,64,Sync,0.15949146,5.150805538682107,32.29518081207675
2026-04-12 15:30:30+00:00,arb_pair,sushiswap_arbitrum,0x515e252b2b5c22b4b2b6df66c2ebeea871aa4d69,451759944,0x6625decec52a9533b2250db56d514de7421b1e167160a1183f3e84f98ddce618,65,Swap,0.15949146,5.150805538682107,32.29518081207675
2026-04-12 20:46:30+00:00,arb_pair,sushiswap_arbitrum,0x515e252b2b5c22b4b2b6df66c2ebeea871aa4d69,451835553,0x83a52daafc38cfe4d16bb06d8f5801c1ff97c9fb08b80509211afdbd6ae24343,6,Sync,0.15958745,5.1477166777742696,32.25640034836242
2026-04-12 20:46:30+00:00,arb_pair,sushiswap_arbitrum,0x515e252b2b5c22b4b2b6df66c2ebeea871aa4d69,451835553,0x83a52daafc38cfe4d16bb06d8f5801c1ff97c9fb08b80509211afdbd6ae24343,7,Swap,0.15958745,5.1477166777742696,32.25640034836242
2026-04-13 03:43:25+00:00,arb_pair,sushiswap_arbitrum,0x515e252b2b5c22b4b2b6df66c2ebeea871aa4d69,451935245,0x107069f80e0b074141019042005b39886e48af30769034035772d2b9c5e55e25,12,Sync,0.15958873,5.147675513775574,32.25588369414039
2026-04-13 03:43:25+00:00,arb_pair,sushiswap_arbitrum,0x515e252b2b5c22b4b2b6df66c2ebeea871aa4d69,451935245,0x107069f80e0b074141019042005b39886e48af30769034035772d2b9c5e55e25,13,Swap,0.15958873,5.147675513775574,32.25588369414039
2026-04-13 10:20:24+00:00,arb_pair,sushiswap_arbitrum,0x515e252b2b5c22b4b2b6df66c2ebeea871aa4d69,452030157,0x39597a54f0e31965b62c28fee2ef38696e16d70f5a3f399556abefbe61ab5a8d,3,Sync,0.15957469,5.148130059230119,32.261570172751824
2026-04-13 10:20:24+00:00,arb_pair,sushiswap_arbitrum,0x515e252b2b5c22b4b2b6df66c2ebeea871aa4d69,452030157,0x39597a54f0e31965b62c28fee2ef38696e16d70f5a3f399556abefbe61ab5a8d,4,Swap,0.15957469,5.148130059230119,32.261570172751824
2026-04-13 12:29:48+00:00,arb_pair,sushiswap_arbitrum,0x515e252b2b5c22b4b2b6df66c2ebeea871aa4d69,452061090,0xf9dee55d458be52295b0d00442471c39f254fc1ac6d9e693d54cb50810b05067,14,Sync,0.15948088,5.151167898504165,32.29959540293586
2026-04-13 12:29:48+00:00,arb_pair,sushiswap_arbitrum,0x515e252b2b5c22b4b2b6df66c2ebeea871aa4d69,452061090,0xf9dee55d458be52295b0d00442471c39f254fc1ac6d9e693d54cb50810b05067,15,Swap,0.15948088,5.151167898504165,32.29959540293586
2026-04-13 15:34:15+00:00,arb_pair,sushiswap_arbitrum,0x515e252b2b5c22b4b2b6df66c2ebeea871aa4d69,452105352,0xd9d5533d75b2fac64ec552ef4bda90972ba557f9f3018a64758f20a0c683e00f,16,Sync,0.15945259,5.152084592548512,32.31107498817367
2026-04-13 15:34:15+00:00,arb_pair,sushiswap_arbitrum,0x515e252b2b5c22b4b2b6df66c2ebeea871aa4d69,452105352,0xd9d5533d75b2fac64ec552ef4bda90972ba557f9f3018a64758f20a0c683e00f,17,Swap,0.15945259,5.152084592548512,32.31107498817367
2026-04-13 15:36:56+00:00,arb_pair,sushiswap_arbitrum,0x515e252b2b5c22b4b2b6df66c2ebeea871aa4d69,452105991,0x3f77a816739e6d46ed147efe925c54c914ebb1021add5b592ea73357f717e95b,107,Sync,0.15938137,5.154394070658821,32.34000354407056
2026-04-13 15:36:56+00:00,arb_pair,sushiswap_arbitrum,0x515e252b2b5c22b4b2b6df66c2ebeea871aa4d69,452105991,0x3f77a816739e6d46ed147efe925c54c914ebb1021add5b592ea73357f717e95b,108,Swap,0.15938137,5.154394070658821,32.34000354407056
2026-04-13 15:47:26+00:00,arb_pair,sushiswap_arbitrum,0x515e252b2b5c22b4b2b6df66c2ebeea871aa4d69,452108515,0xdffbed2a86e7cd88665da980fe190f501abe2f08c6ab94079fe3e09423e28f46,3,Sync,0.15926985,5.158014070658822,32.385376583570725
2026-04-13 15:47:26+00:00,arb_pair,sushiswap_arbitrum,0x515e252b2b5c22b4b2b6df66c2ebeea871aa4d69,452108515,0xdffbed2a86e7cd88665da980fe190f501abe2f08c6ab94079fe3e09423e28f46,4,Swap,0.15926985,5.158014070658822,32.385376583570725
2026-04-13 19:21:11+00:00,arb_pair,sushiswap_arbitrum,0x515e252b2b5c22b4b2b6df66c2ebeea871aa4d69,452159693,0x7fe2d3ea264fd0ca03ca01a4dc6046354ead9cf7967a17325b4971fbc6c64c68,47,Sync,0.15927028,5.158000186761397,32.38520197717614
2026-04-13 19:21:11+00:00,arb_pair,sushiswap_arbitrum,0x515e252b2b5c22b4b2b6df66c2ebeea871aa4d69,452159693,0x7fe2d3ea264fd0ca03ca01a4dc6046354ead9cf7967a17325b4971fbc6c64c68,48,Swap,0.15927028,5.158000186761397,32.38520197717614
2026-04-13 22:07:08+00:00,arb_pair,sushiswap_arbitrum,0x515e252b2b5c22b4b2b6df66c2ebeea871aa4d69,452199249,0xf5c8dcf096d7bd0b49adffc5bc07798e50e38faee1231a5538fb23519e7d16e1,24,Sync,0.15931075,5.156693820471856,32.368774991467035
2026-04-13 22:07:08+00:00,arb_pair,sushiswap_arbitrum,0x515e252b2b5c22b4b2b6df66c2ebeea871aa4d69,452199249,0xf5c8dcf096d7bd0b49adffc5bc07798e50e38faee1231a5538fb23519e7d16e1,25,Swap,0.15931075,5.156693820471856,32.368774991467035
2026-04-13 22:11:03+00:00,arb_pair,sushiswap_arbitrum,0x515e252b2b5c22b4b2b6df66c2ebeea871aa4d69,452200192,0xf7b4d589472fa13ef796d7d6406c4577da7d664b62ddac9972bc83ad908828ae,59,Sync,0.15944918,5.152230320215296,32.31267994112793
2026-04-13 22:11:03+00:00,arb_pair,sushiswap_arbitrum,0x515e252b2b5c22b4b2b6df66c2ebeea871aa4d69,452200192,0xf7b4d589472fa13ef796d7d6406c4577da7d664b62ddac9972bc83ad908828ae,60,Swap,0.15944918,5.152230320215296,32.31267994112793
2026-04-13 22:14:02+00:00,arb_pair,sushiswap_arbitrum,0x515e252b2b5c22b4b2b6df66c2ebeea871aa4d69,452200903,0x26229f8f2ab7eb8a75bbf549a0deadbf4f71b7617f87aed2365c13e2a94ab49a,2,Sync,0.15960166,5.147322742888651,32.25106018877655
2026-04-13 22:14:02+00:00,arb_pair,sushiswap_arbitrum,0x515e252b2b5c22b4b2b6df66c2ebeea871aa4d69,452200903,0x26229f8f2ab7eb8a75bbf549a0deadbf4f71b7617f87aed2365c13e2a94ab49a,3,Swap,0.15960166,5.147322742888651,32.25106018877655
2026-04-13 22:14:33+00:00,arb_pair,sushiswap_arbitrum,0x515e252b2b5c22b4b2b6df66c2ebeea871aa4d69,452201029,0x55bda2a537dd585d9681483e5e860abe01ddea42a89f489178d2e7a440a8ec7a,96,Sync,0.15983511,5.1398272507135445,32.157060177288606
2026-04-13 22:14:33+00:00,arb_pair,sushiswap_arbitrum,0x515e252b2b5c22b4b2b6df66c2ebeea871aa4d69,452201029,0x55bda2a537dd585d9681483e5e860abe01ddea42a89f489178d2e7a440a8ec7a,97,Swap,0.15983511,5.1398272507135445,32.157060177288606
2026-04-13 22:17:17+00:00,arb_pair,sushiswap_arbitrum,0x515e252b2b5c22b4b2b6df66c2ebeea871aa4d69,452201688,0xee3c231990aa181bb26ac05d4c903f5b26964aef9d30955a96db2b89574c1588,49,Sync,0.16002225,5.133834427625667,32.08200376901129
2026-04-13 22:17:17+00:00,arb_pair,sushiswap_arbitrum,0x515e252b2b5c22b4b2b6df66c2ebeea871aa4d69,452201688,0xee3c231990aa181bb26ac05d4c903f5b26964aef9d30955a96db2b89574c1588,50,Swap,0.16002225,5.133834427625667,32.08200376901129
2026-04-13 22:17:22+00:00,arb_pair,sushiswap_arbitrum,0x515e252b2b5c22b4b2b6df66c2ebeea871aa4d69,452201705,0x26ef5cfc1343c3e6e5dcad41733df4cb996b9b08b2e51f902d609b36d692d961,57,Sync,0.16016146,5.129385548941725,32.026341099423824
2026-04-13 22:17:22+00:00,arb_pair,sushiswap_arbitrum,0x515e252b2b5c22b4b2b6df66c2ebeea871aa4d69,452201705,0x26ef5cfc1343c3e6e5dcad41733df4cb996b9b08b2e51f902d609b36d692d961,58,Swap,0.16016146,5.129385548941725,32.026341099423824
2026-04-13 22:20:08+00:00,arb_pair,sushiswap_arbitrum,0x515e252b2b5c22b4b2b6df66c2ebeea871aa4d69,452202368,0x0f4c025f1d772b015f8dfa8ffbfd1f8df9fbff4a18ee49cbee395da152233fac,2,Sync,0.16032561,5.124149546718408,31.96089225369801
2026-04-13 22:20:08+00:00,arb_pair,sushiswap_arbitrum,0x515e252b2b5c22b4b2b6df66c2ebeea871aa4d69,452202368,0x0f4c025f1d772b015f8dfa8ffbfd1f8df9fbff4a18ee49cbee395da152233fac,3,Swap,0.16032561,5.124149546718408,31.96089225369801
2026-04-13 22:20:56+00:00,arb_pair,sushiswap_arbitrum,0x515e252b2b5c22b4b2b6df66c2ebeea871aa4d69,452202559,0x4d441afadf1d3a4c1ed63c83a4fbe16440b90e71d3a2d3dbfb129f9373283c65,32,Sync,0.16055736,5.116775457985791,31.868831537749443
2026-04-13 22:20:56+00:00,arb_pair,sushiswap_arbitrum,0x515e252b2b5c22b4b2b6df66c2ebeea871aa4d69,452202559,0x4d441afadf1d3a4c1ed63c83a4fbe16440b90e71d3a2d3dbfb129f9373283c65,33,Swap,0.16055736,5.116775457985791,31.868831537749443
2026-04-13 22:31:08+00:00,arb_pair,sushiswap_arbitrum,0x515e252b2b5c22b4b2b6df66c2ebeea871aa4d69,452205014,0xf195f6f59e1c9a77ca450cb7e14c1910a330d472230d41c8b4eef8ea7d03abe0,70,Sync,0.16073448,5.111153967149809,31.798740177899656
2026-04-13 22:31:08+00:00,arb_pair,sushiswap_arbitrum,0x515e252b2b5c22b4b2b6df66c2ebeea871aa4d69,452205014,0xf195f6f59e1c9a77ca450cb7e14c1910a330d472230d41c8b4eef8ea7d03abe0,71,Swap,0.16073448,5.111153967149809,31.798740177899656
2026-04-13 22:32:57+00:00,arb_pair,sushiswap_arbitrum,0x515e252b2b5c22b4b2b6df66c2ebeea871aa4d69,452205452,0xf617919843468df8d7b01ad078b921035e35678ee993b7bcec433e8dc5afe775,6,Sync,0.16084271,5.107725016178831,31.756024355588334
2026-04-13 22:32:57+00:00,arb_pair,sushiswap_arbitrum,0x515e252b2b5c22b4b2b6df66c2ebeea871aa4d69,452205452,0xf617919843468df8d7b01ad078b921035e35678ee993b7bcec433e8dc5afe775,7,Swap,0.16084271,5.107725016178831,31.756024355588334
2026-04-13 22:40:07+00:00,arb_pair,sushiswap_arbitrum,0x515e252b2b5c22b4b2b6df66c2ebeea871aa4d69,452207175,0x8153db1d85a8b3f89023987073bdd1ea59689872ece5dd528a08b71e425b497e,12,Sync,0.16095093,5.104300986017012,31.71339852473678
2026-04-13 22:40:07+00:00,arb_pair,sushiswap_arbitrum,0x515e252b2b5c22b4b2b6df66c2ebeea871aa4d69,452207175,0x8153db1d85a8b3f89023987073bdd1ea59689872ece5dd528a08b71e425b497e,13,Swap,0.16095093,5.104300986017012,31.71339852473678
2026-04-13 22:42:39+00:00,arb_pair,sushiswap_arbitrum,0x515e252b2b5c22b4b2b6df66c2ebeea871aa4d69,452207788,0x9722beaf4c362ca4bfcc94e9f7702d03a9b1db72d63d62b5f7f273aca54ae98b,20,Sync,0.16095157,5.104280750411905,31.713146696313093
2026-04-13 22:42:39+00:00,arb_pair,sushiswap_arbitrum,0x515e252b2b5c22b4b2b6df66c2ebeea871aa4d69,452207788,0x9722beaf4c362ca4bfcc94e9f7702d03a9b1db72d63d62b5f7f273aca54ae98b,21,Swap,0.16095157,5.104280750411905,31.713146696313093
2026-04-13 23:16:10+00:00,arb_pair,sushiswap_arbitrum,0x515e252b2b5c22b4b2b6df66c2ebeea871aa4d69,452215843,0x0e85b9488593017c6e1b01bde308c9ed206630f331b9f19f8996916353ccda4f,13,Sync,0.16095505,5.104170722118483,31.711777431764233
2026-04-13 23:16:10+00:00,arb_pair,sushiswap_arbitrum,0x515e252b2b5c22b4b2b6df66c2ebeea871aa4d69,452215843,0x0e85b9488593017c6e1b01bde308c9ed206630f331b9f19f8996916353ccda4f,14,Swap,0.16095505,5.104170722118483,31.711777431764233
2026-04-13 23:20:08+00:00,arb_pair,sushiswap_arbitrum,0x515e252b2b5c22b4b2b6df66c2ebeea871aa4d69,452216798,0xf1bf4355f5deaab9a4431c242de500bba62cbff5ced251d45f33a6c81e57191c,21,Sync,0.16115815,5.097757450372389,31.632017681838548
2026-04-13 23:20:08+00:00,arb_pair,sushiswap_arbitrum,0x515e252b2b5c22b4b2b6df66c2ebeea871aa4d69,452216798,0xf1bf4355f5deaab9a4431c242de500bba62cbff5ced251d45f33a6c81e57191c,22,Swap,0.16115815,5.097757450372389,31.632017681838548
2026-04-13 23:22:05+00:00,arb_pair,sushiswap_arbitrum,0x515e252b2b5c22b4b2b6df66c2ebeea871aa4d69,452217262,0x0b2aa1730a634c0f40a7fddda0e05fcdccf39d1a914cd03b7cbec0413e2413d9,3,Sync,0.1613157,5.092793615002341,31.570353133652464
2026-04-13 23:22:05+00:00,arb_pair,sushiswap_arbitrum,0x515e252b2b5c22b4b2b6df66c2ebeea871aa4d69,452217262,0x0b2aa1730a634c0f40a7fddda0e05fcdccf39d1a914cd03b7cbec0413e2413d9,4,Swap,0.1613157,5.092793615002341,31.570353133652464
2026-04-13 23:23:54+00:00,arb_pair,sushiswap_arbitrum,0x515e252b2b5c22b4b2b6df66c2ebeea871aa4d69,452217698,0x3c7f2314dc6696238fd623630994f60865c774ed1d2425409d5559616eed204e,20,Sync,0.16147548,5.087769398369441,31.50799984226361
2026-04-13 23:23:54+00:00,arb_pair,sushiswap_arbitrum,0x515e252b2b5c22b4b2b6df66c2ebeea871aa4d69,452217698,0x3c7f2314dc6696238fd623630994f60865c774ed1d2425409d5559616eed204e,21,Swap,0.16147548,5.087769398369441,31.50799984226361
2026-04-13 23:26:45+00:00,arb_pair,sushiswap_arbitrum,0x515e252b2b5c22b4b2b6df66c2ebeea871aa4d69,452218384,0x7a51a62227ed76efb9524053b286192be97073ef13c107ef398c0b2f847b52a8,25,Sync,0.16165481,5.082142250346438,31.438237132235272
2026-04-13 23:26:45+00:00,arb_pair,sushiswap_arbitrum,0x515e252b2b5c22b4b2b6df66c2ebeea871aa4d69,452218384,0x7a51a62227ed76efb9524053b286192be97073ef13c107ef398c0b2f847b52a8,26,Swap,0.16165481,5.082142250346438,31.438237132235272
2026-04-13 23:27:14+00:00,arb_pair,sushiswap_arbitrum,0x515e252b2b5c22b4b2b6df66c2ebeea871aa4d69,452218499,0x5fead830e467fb696bc04247930108ae36352a4aa8a3ef85dd5c7c9995bf8206,24,Sync,0.16182047,5.076955115863149,31.373998084810587
2026-04-13 23:27:14+00:00,arb_pair,sushiswap_arbitrum,0x515e252b2b5c22b4b2b6df66c2ebeea871aa4d69,452218499,0x5fead830e467fb696bc04247930108ae36352a4aa8a3ef85dd5c7c9995bf8206,25,Swap,0.16182047,5.076955115863149,31.373998084810587
2026-04-13 23:29:26+00:00,arb_pair,sushiswap_arbitrum,0x515e252b2b5c22b4b2b6df66c2ebeea871aa4d69,452219027,0x4beb51c65c0c4acd26ef34a1e2610776e52e061b29009bf21467918d837e18f1,188,Sync,0.16197866,5.07201177020791,31.312839420994777
2026-04-13 23:29:26+00:00,arb_pair,sushiswap_arbitrum,0x515e252b2b5c22b4b2b6df66c2ebeea871aa4d69,452219027,0x4beb51c65c0c4acd26ef34a1e2610776e52e061b29009bf21467918d837e18f1,189,Swap,0.16197866,5.07201177020791,31.312839420994777
2026-04-14 09:40:51+00:00,arb_pair,sushiswap_arbitrum,0x515e252b2b5c22b4b2b6df66c2ebeea871aa4d69,452365246,0x4371694487a25bd1a6d94bcaacffa2cdd438757baea0ead528a830584e8c3a99,18,Sync,0.16214092,5.066951245453846,31.250292927003535
2026-04-14 09:40:51+00:00,arb_pair,sushiswap_arbitrum,0x515e252b2b5c22b4b2b6df66c2ebeea871aa4d69,452365246,0x4371694487a25bd1a6d94bcaacffa2cdd438757baea0ead528a830584e8c3a99,19,Swap,0.16214092,5.066951245453846,31.250292927003535
2026-04-14 13:46:52+00:00,arb_pair,sushiswap_arbitrum,0x515e252b2b5c22b4b2b6df66c2ebeea871aa4d69,452424119,0x5843f58db1acfc963a73a04bc74bada86b1f54416a94abee65173aec034b2039,48,Sync,0.1619984,5.071422517460184,31.305386457274793
2026-04-14 13:46:52+00:00,arb_pair,sushiswap_arbitrum,0x515e252b2b5c22b4b2b6df66c2ebeea871aa4d69,452424119,0x5843f58db1acfc963a73a04bc74bada86b1f54416a94abee65173aec034b2039,49,Swap,0.1619984,5.071422517460184,31.305386457274793
2026-04-14 13:55:08+00:00,arb_pair,sushiswap_arbitrum,0x515e252b2b5c22b4b2b6df66c2ebeea871aa4d69,452426101,0x1bf6d792cbb09c9a1a9215efb12e2dda949d2baaa69ed8f11e247ff67cf3391c,18,Sync,0.1618921,5.074762517460184,31.346572917765496
2026-04-14 13:55:08+00:00,arb_pair,sushiswap_arbitrum,0x515e252b2b5c22b4b2b6df66c2ebeea871aa4d69,452426101,0x1bf6d792cbb09c9a1a9215efb12e2dda949d2baaa69ed8f11e247ff67cf3391c,19,Swap,0.1618921,5.074762517460184,31.346572917765496
2026-04-14 13:59:43+00:00,arb_pair,sushiswap_arbitrum,0x515e252b2b5c22b4b2b6df66c2ebeea871aa4d69,452427209,0x660687ebc69647769cefcc66d0185d78a291d3dc04260af847b2db6278981cfa,3,Sync,0.16178531,5.0781225174601845,31.388032185741615
2026-04-14 13:59:43+00:00,arb_pair,sushiswap_arbitrum,0x515e252b2b5c22b4b2b6df66c2ebeea871aa4d69,452427209,0x660687ebc69647769cefcc66d0185d78a291d3dc04260af847b2db6278981cfa,4,Swap,0.16178531,5.0781225174601845,31.388032185741615
2026-04-14 13:59:48+00:00,arb_pair,sushiswap_arbitrum,0x515e252b2b5c22b4b2b6df66c2ebeea871aa4d69,452427228,0xa8824739466e34f9b9647091c57bf6b9f3c236bc32f1ac9ad05cb19a02b9a8b9,8,Sync,0.16162538,5.083162517460184,31.45027419245779
2026-04-14 13:59:48+00:00,arb_pair,sushiswap_arbitrum,0x515e252b2b5c22b4b2b6df66c2ebeea871aa4d69,452427228,0xa8824739466e34f9b9647091c57bf6b9f3c236bc32f1ac9ad05cb19a02b9a8b9,9,Swap,0.16162538,5.083162517460184,31.45027419245779
2026-04-14 14:00:13+00:00,arb_pair,sushiswap_arbitrum,0x515e252b2b5c22b4b2b6df66c2ebeea871aa4d69,452427326,0x42567d1a3957422754eeea15d850b0897746a508d15e32d12b3ffdc505a284ab,15,Sync,0.15828149,5.1908738574601845,32.79520465381129
2026-04-14 14:00:13+00:00,arb_pair,sushiswap_arbitrum,0x515e252b2b5c22b4b2b6df66c2ebeea871aa4d69,452427326,0x42567d1a3957422754eeea15d850b0897746a508d15e32d12b3ffdc505a284ab,16,Swap,0.15828149,5.1908738574601845,32.79520465381129
2026-04-14 14:00:13+00:00,arb_pair,sushiswap_arbitrum,0x515e252b2b5c22b4b2b6df66c2ebeea871aa4d69,452427326,0x6de5acad973115ae6c73eb9d73db254adfe2b335ee12ddaaf475d8145a4a03aa,22,Sync,0.16124399,5.0957934095812325,31.602997479665646
2026-04-14 14:00:13+00:00,arb_pair,sushiswap_arbitrum,0x515e252b2b5c22b4b2b6df66c2ebeea871aa4d69,452427326,0x6de5acad973115ae6c73eb9d73db254adfe2b335ee12ddaaf475d8145a4a03aa,23,Swap,0.16124399,5.0957934095812325,31.602997479665646
2026-04-14 14:00:13+00:00,arb_pair,sushiswap_arbitrum,0x515e252b2b5c22b4b2b6df66c2ebeea871aa4d69,452427328,0x1a0f1171e43d93e8472fde366f3772811720888f50be14f569c3156c100763c4,43,Sync,0.16132637,5.0931990864841525,31.570778456641357
2026-04-14 14:00:13+00:00,arb_pair,sushiswap_arbitrum,0x515e252b2b5c22b4b2b6df66c2ebeea871aa4d69,452427328,0x1a0f1171e43d93e8472fde366f3772811720888f50be14f569c3156c100763c4,44,Swap,0.16132637,5.0931990864841525,31.570778456641357
2026-04-14 14:46:38+00:00,arb_pair,sushiswap_arbitrum,0x515e252b2b5c22b4b2b6df66c2ebeea871aa4d69,452438498,0xb2f00b21eb2e057fb5086834841e58fa9ec55f4dd08c2a78641ae1337398d70b,6,Sync,0.16126346,5.0951919975554825,31.595452544274334
2026-04-14 14:46:38+00:00,arb_pair,sushiswap_arbitrum,0x515e252b2b5c22b4b2b6df66c2ebeea871aa4d69,452438498,0xb2f00b21eb2e057fb5086834841e58fa9ec55f4dd08c2a78641ae1337398d70b,7,Swap,0.16126346,5.0951919975554825,31.595452544274334
2026-04-14 14:56:38+00:00,arb_pair,sushiswap_arbitrum,0x515e252b2b5c22b4b2b6df66c2ebeea871aa4d69,452440903,0x66954db2d81aa336502a7886630478e975af110153a559956573fe3c347a9409,15,Sync,0.16105043,5.101951997555482,31.679219965792594
2026-04-14 14:56:38+00:00,arb_pair,sushiswap_arbitrum,0x515e252b2b5c22b4b2b6df66c2ebeea871aa4d69,452440903,0x66954db2d81aa336502a7886630478e975af110153a559956573fe3c347a9409,16,Swap,0.16105043,5.101951997555482,31.679219965792594
2026-04-14 15:04:29+00:00,arb_pair,sushiswap_arbitrum,0x515e252b2b5c22b4b2b6df66c2ebeea871aa4d69,452442788,0x0b9b5d1d3f2b471e44924e4cbeb270e56fdfe7133dfb9fd310e8c1429fa6fc0d,18,Sync,0.1609435,5.105351997555482,31.721392895988238
2026-04-14 15:04:29+00:00,arb_pair,sushiswap_arbitrum,0x515e252b2b5c22b4b2b6df66c2ebeea871aa4d69,452442788,0x0b9b5d1d3f2b471e44924e4cbeb270e56fdfe7133dfb9fd310e8c1429fa6fc0d,19,Swap,0.1609435,5.105351997555482,31.721392895988238
2026-04-14 15:08:48+00:00,arb_pair,sushiswap_arbitrum,0x515e252b2b5c22b4b2b6df66c2ebeea871aa4d69,452443826,0xb36f31190daef2830502a8a48e1888e4ad82b8ba839f10862699f5fb2ed81bb1,6,Sync,0.16082077,5.109259919101228,31.769900859828166
2026-04-14 15:08:48+00:00,arb_pair,sushiswap_arbitrum,0x515e252b2b5c22b4b2b6df66c2ebeea871aa4d69,452443826,0xb36f31190daef2830502a8a48e1888e4ad82b8ba839f10862699f5fb2ed81bb1,7,Swap,0.16082077,5.109259919101228,31.769900859828166
2026-04-14 15:08:48+00:00,arb_pair,sushiswap_arbitrum,0x515e252b2b5c22b4b2b6df66c2ebeea871aa4d69,452443828,0x1f5fcd0a3c95fb1a81e5b0abb42365b638599e15da2951d04e93dd4ad2529b2f,29,Sync,0.16071352,5.112679919101228,31.812382176068496
2026-04-14 15:08:48+00:00,arb_pair,sushiswap_arbitrum,0x515e252b2b5c22b4b2b6df66c2ebeea871aa4d69,452443828,0x1f5fcd0a3c95fb1a81e5b0abb42365b638599e15da2951d04e93dd4ad2529b2f,30,Swap,0.16071352,5.112679919101228,31.812382176068496
2026-04-14 15:08:54+00:00,arb_pair,sushiswap_arbitrum,0x515e252b2b5c22b4b2b6df66c2ebeea871aa4d69,452443853,0x106faf766f8752688c4898d69ead95a3c359edfdab752a3f855b07d3076387a7,24,Sync,0.160611,5.1159535198862125,31.853070585988583
2026-04-14 15:08:54+00:00,arb_pair,sushiswap_arbitrum,0x515e252b2b5c22b4b2b6df66c2ebeea871aa4d69,452443853,0x106faf766f8752688c4898d69ead95a3c359edfdab752a3f855b07d3076387a7,25,Swap,0.160611,5.1159535198862125,31.853070585988583
2026-04-14 16:28:10+00:00,arb_pair,sushiswap_arbitrum,0x515e252b2b5c22b4b2b6df66c2ebeea871aa4d69,452462893,0x86208aa6dc1db9c1d3b2be6b3454d76c557e4c5bc96108c808ee1c9c82ba8447,42,Sync,0.16061179,5.1159284315752585,31.85275770586492
2026-04-14 16:28:10+00:00,arb_pair,sushiswap_arbitrum,0x515e252b2b5c22b4b2b6df66c2ebeea871aa4d69,452462893,0x86208aa6dc1db9c1d3b2be6b3454d76c557e4c5bc96108c808ee1c9c82ba8447,43,Swap,0.16061179,5.1159284315752585,31.85275770586492
2026-04-14 19:24:46+00:00,arb_pair,sushiswap_arbitrum,0x515e252b2b5c22b4b2b6df66c2ebeea871aa4d69,452505134,0x1a7e8aef45410364c36b03ad1ade6376bbd459bc07919c40861462037733e4ed,35,Sync,0.16049988,5.119506827813377,31.897262650996232
2026-04-14 19:24:46+00:00,arb_pair,sushiswap_arbitrum,0x515e252b2b5c22b4b2b6df66c2ebeea871aa4d69,452505134,0x1a7e8aef45410364c36b03ad1ade6376bbd459bc07919c40861462037733e4ed,36,Swap,0.16049988,5.119506827813377,31.897262650996232
2026-04-14 20:43:04+00:00,arb_pair,sushiswap_arbitrum,0x515e252b2b5c22b4b2b6df66c2ebeea871aa4d69,452523804,0x4c19a17ca0b9733698edd8370386fb06175a478de6c5a41e82401087abaf0f19,9,Sync,0.16044581,5.121237535859428,31.91879885089818
2026-04-14 20:43:04+00:00,arb_pair,sushiswap_arbitrum,0x515e252b2b5c22b4b2b6df66c2ebeea871aa4d69,452523804,0x4c19a17ca0b9733698edd8370386fb06175a478de6c5a41e82401087abaf0f19,10,Swap,0.16044581,5.121237535859428,31.91879885089818
2026-04-15 07:42:42+00:00,arb_pair,sushiswap_arbitrum,0x515e252b2b5c22b4b2b6df66c2ebeea871aa4d69,452680928,0x152b8abb622d58bdc60d252718ff867257af602080d367d219b67b00e13446fa,15,Sync,0.16055749,5.117686095090481,31.87447745409125
2026-04-15 07:42:42+00:00,arb_pair,sushiswap_arbitrum,0x515e252b2b5c22b4b2b6df66c2ebeea871aa4d69,452680928,0x152b8abb622d58bdc60d252718ff867257af602080d367d219b67b00e13446fa,16,Swap,0.16055749,5.117686095090481,31.87447745409125
2026-04-15 08:35:44+00:00,arb_pair,sushiswap_arbitrum,0x515e252b2b5c22b4b2b6df66c2ebeea871aa4d69,452693617,0x2741ff1bb356ceb0abdd8bacea48b3279a9a0601f241c1aa97909b9cde795137,13,Sync,0.16065779,5.114500659998358,31.834750496682158
2026-04-15 08:35:44+00:00,arb_pair,sushiswap_arbitrum,0x515e252b2b5c22b4b2b6df66c2ebeea871aa4d69,452693617,0x2741ff1bb356ceb0abdd8bacea48b3279a9a0601f241c1aa97909b9cde795137,14,Swap,0.16065779,5.114500659998358,31.834750496682158
2026-04-15 11:46:39+00:00,arb_pair,sushiswap_arbitrum,0x515e252b2b5c22b4b2b6df66c2ebeea871aa4d69,452739234,0x1e94121d184e5b89ebe5ea5fd524270fb153a864af6576f9e963b15052172310,6,Sync,0.16082175,5.109301982799819,31.769968818271273
2026-04-15 11:46:39+00:00,arb_pair,sushiswap_arbitrum,0x515e252b2b5c22b4b2b6df66c2ebeea871aa4d69,452739234,0x1e94121d184e5b89ebe5ea5fd524270fb153a864af6576f9e963b15052172310,7,Swap,0.16082175,5.109301982799819,31.769968818271273
2026-04-15 13:43:12+00:00,arb_pair,sushiswap_arbitrum,0x515e252b2b5c22b4b2b6df66c2ebeea871aa4d69,452767174,0x7b92a480bcf5bb240ded48055e429088281d3f46bc4ede2b28b0841000e77989,20,Sync,0.16082153,5.109309125797059,31.77005669450514
2026-04-15 13:43:12+00:00,arb_pair,sushiswap_arbitrum,0x515e252b2b5c22b4b2b6df66c2ebeea871aa4d69,452767174,0x7b92a480bcf5bb240ded48055e429088281d3f46bc4ede2b28b0841000e77989,21,Swap,0.16082153,5.109309125797059,31.77005669450514
2026-04-15 15:02:47+00:00,arb_pair,sushiswap_arbitrum,0x515e252b2b5c22b4b2b6df66c2ebeea871aa4d69,452786292,0x44c3cf31c337cabea2a3dbf6e5bcbd2ba1e72116e4bd17442dc63a90c9a441b1,32,Sync,0.16092951,5.105891174689045,31.727500908248867
2026-04-15 15:02:47+00:00,arb_pair,sushiswap_arbitrum,0x515e252b2b5c22b4b2b6df66c2ebeea871aa4d69,452786292,0x44c3cf31c337cabea2a3dbf6e5bcbd2ba1e72116e4bd17442dc63a90c9a441b1,33,Swap,0.16092951,5.105891174689045,31.727500908248867
2026-04-15 16:05:03+00:00,arb_pair,sushiswap_arbitrum,0x515e252b2b5c22b4b2b6df66c2ebeea871aa4d69,452801271,0x3f53b5df51020062b1d19652f29b878f31e59c0308ef33cf9f603be79d1325e3,118,Sync,0.16105076,5.102058634990987,31.679817189257523
2026-04-15 16:05:03+00:00,arb_pair,sushiswap_arbitrum,0x515e252b2b5c22b4b2b6df66c2ebeea871aa4d69,452801271,0x3f53b5df51020062b1d19652f29b878f31e59c0308ef33cf9f603be79d1325e3,119,Swap,0.16105076,5.102058634990987,31.679817189257523
2026-04-15 16:24:14+00:00,arb_pair,sushiswap_arbitrum,0x515e252b2b5c22b4b2b6df66c2ebeea871aa4d69,452805880,0x0f242ed1a5e651c0cc6bee0606977d87055cf5e9ffccc04fb7f2343121110bc4,11,Sync,0.16115896,5.098643449607299,31.637356369185426
2026-04-15 16:24:14+00:00,arb_pair,sushiswap_arbitrum,0x515e252b2b5c22b4b2b6df66c2ebeea871aa4d69,452805880,0x0f242ed1a5e651c0cc6bee0606977d87055cf5e9ffccc04fb7f2343121110bc4,12,Swap,0.16115896,5.098643449607299,31.637356369185426
2026-04-15 17:27:30+00:00,arb_pair,sushiswap_arbitrum,0x515e252b2b5c22b4b2b6df66c2ebeea871aa4d69,452821085,0x4dd35512cc1751d2c9ab30a076f9640b51781897345659c2786131cb61d2d764,5,Sync,0.16133906,5.092968977758166,31.566869038149633
2026-04-15 17:27:30+00:00,arb_pair,sushiswap_arbitrum,0x515e252b2b5c22b4b2b6df66c2ebeea871aa4d69,452821085,0x4dd35512cc1751d2c9ab30a076f9640b51781897345659c2786131cb61d2d764,6,Swap,0.16133906,5.092968977758166,31.566869038149633
2026-04-15 23:55:23+00:00,arb_pair,sushiswap_arbitrum,0x515e252b2b5c22b4b2b6df66c2ebeea871aa4d69,452914256,0xadeecda04472610ce5dbf93c0eef2b3daab513878f390a7bfcc98c8507d4c750,3,Sync,0.16134218,5.092870786485803,31.565650014681857
2026-04-15 23:55:23+00:00,arb_pair,sushiswap_arbitrum,0x515e252b2b5c22b4b2b6df66c2ebeea871aa4d69,452914256,0xadeecda04472610ce5dbf93c0eef2b3daab513878f390a7bfcc98c8507d4c750,4,Swap,0.16134218,5.092870786485803,31.565650014681857
2026-04-16 01:15:39+00:00,arb_pair,sushiswap_arbitrum,0x515e252b2b5c22b4b2b6df66c2ebeea871aa4d69,452933559,0x81fc411d0f4ccf9b806bf42b806a368cbff075da5ec116de53661c2087bc38df,47,Sync,0.16131757,5.093650191529862,31.575297046253937
2026-04-16 01:15:39+00:00,arb_pair,sushiswap_arbitrum,0x515e252b2b5c22b4b2b6df66c2ebeea871aa4d69,452933559,0x81fc411d0f4ccf9b806bf42b806a368cbff075da5ec116de53661c2087bc38df,48,Swap,0.16131757,5.093650191529862,31.575297046253937
2026-04-16 02:41:32+00:00,arb_pair,sushiswap_arbitrum,0x515e252b2b5c22b4b2b6df66c2ebeea871aa4d69,452954174,0xb7577ae56a2fa868ad62430947eb6fe405795eb4f1988a7f0fa1aa63cd6643ce,26,Sync,0.1613191,5.093602026711439,31.574699007813948
2026-04-16 02:41:32+00:00,arb_pair,sushiswap_arbitrum,0x515e252b2b5c22b4b2b6df66c2ebeea871aa4d69,452954174,0xb7577ae56a2fa868ad62430947eb6fe405795eb4f1988a7f0fa1aa63cd6643ce,27,Swap,0.1613191,5.093602026711439,31.574699007813948
2026-04-16 02:46:46+00:00,arb_pair,sushiswap_arbitrum,0x515e252b2b5c22b4b2b6df66c2ebeea871aa4d69,452955431,0xa1fe2b9da6cd9a55fce0ec3ddd45e9dd2d17e53bab5f43c3f436515bd11fe3c9,44,Sync,0.16115823,5.09870202671144,31.637863152948746
2026-04-16 02:46:46+00:00,arb_pair,sushiswap_arbitrum,0x515e252b2b5c22b4b2b6df66c2ebeea871aa4d69,452955431,0xa1fe2b9da6cd9a55fce0ec3ddd45e9dd2d17e53bab5f43c3f436515bd11fe3c9,45,Swap,0.16115823,5.09870202671144,31.637863152948746
2026-04-16 02:55:39+00:00,arb_pair,sushiswap_arbitrum,0x515e252b2b5c22b4b2b6df66c2ebeea871aa4d69,452957560,0x2a6472ca40e15480f98f085cacae85c92734c956590ff781c901f6bb46992d22,3,Sync,0.16115891,5.098680577595968,31.637596565997924
2026-04-16 02:55:39+00:00,arb_pair,sushiswap_arbitrum,0x515e252b2b5c22b4b2b6df66c2ebeea871aa4d69,452957560,0x2a6472ca40e15480f98f085cacae85c92734c956590ff781c901f6bb46992d22,4,Swap,0.16115891,5.098680577595968,31.637596565997924
2026-04-16 05:05:37+00:00,arb_pair,sushiswap_arbitrum,0x515e252b2b5c22b4b2b6df66c2ebeea871aa4d69,452988741,0xb3f60bd08e38c487bdf6080eb2787220e23d8da6e3563a9b520f776cf03491d9,3,Sync,0.16105184,5.102080577595968,31.679740992688867
2026-04-16 05:05:37+00:00,arb_pair,sushiswap_arbitrum,0x515e252b2b5c22b4b2b6df66c2ebeea871aa4d69,452988741,0xb3f60bd08e38c487bdf6080eb2787220e23d8da6e3563a9b520f776cf03491d9,4,Swap,0.16105184,5.102080577595968,31.679740992688867
2026-04-16 07:54:05+00:00,arb_pair,sushiswap_arbitrum,0x515e252b2b5c22b4b2b6df66c2ebeea871aa4d69,453028989,0x3879ca5f37ec48bf85b5fe304224dd84880fc36267845189fdb193cc6c07466b,8,Sync,0.16096519,5.10483549035371,31.713909636945168
2026-04-16 07:54:05+00:00,arb_pair,sushiswap_arbitrum,0x515e252b2b5c22b4b2b6df66c2ebeea871aa4d69,453028989,0x3879ca5f37ec48bf85b5fe304224dd84880fc36267845189fdb193cc6c07466b,9,Swap,0.16096519,5.10483549035371,31.713909636945168
2026-04-16 07:55:26+00:00,arb_pair,sushiswap_arbitrum,0x515e252b2b5c22b4b2b6df66c2ebeea871aa4d69,453029312,0x6626f556ee7c59bf5b79538f8164673551a7b880bd2c48563061076e3599ac82,44,Sync,0.160779,5.1107650704801495,31.787516220900425
2026-04-16 07:55:26+00:00,arb_pair,sushiswap_arbitrum,0x515e252b2b5c22b4b2b6df66c2ebeea871aa4d69,453029312,0x6626f556ee7c59bf5b79538f8164673551a7b880bd2c48563061076e3599ac82,45,Swap,0.160779,5.1107650704801495,31.787516220900425
2026-04-16 12:40:27+00:00,arb_pair,sushiswap_arbitrum,0x515e252b2b5c22b4b2b6df66c2ebeea871aa4d69,453097612,0x85086a6aa353e2bc0301739bbc5db19f99f772cb1754a833db6b04a69b023015,25,Sync,0.16082534,5.109296877974454,31.76922789639029
2026-04-16 12:40:27+00:00,arb_pair,sushiswap_arbitrum,0x515e252b2b5c22b4b2b6df66c2ebeea871aa4d69,453097612,0x85086a6aa353e2bc0301739bbc5db19f99f772cb1754a833db6b04a69b023015,26,Swap,0.16082534,5.109296877974454,31.76922789639029
2026-04-16 13:54:54+00:00,arb_pair,sushiswap_arbitrum,0x515e252b2b5c22b4b2b6df66c2ebeea871aa4d69,453115475,0xaa3587862077f3166ca1db0720385b6d86aca39fb442aa12a6add5f2f53ca422,42,Sync,0.16082613,5.10927185570003,31.768916255710618
2026-04-16 13:54:54+00:00,arb_pair,sushiswap_arbitrum,0x515e252b2b5c22b4b2b6df66c2ebeea871aa4d69,453115475,0xaa3587862077f3166ca1db0720385b6d86aca39fb442aa12a6add5f2f53ca422,43,Swap,0.16082613,5.10927185570003,31.768916255710618
2026-04-16 13:55:21+00:00,arb_pair,sushiswap_arbitrum,0x515e252b2b5c22b4b2b6df66c2ebeea871aa4d69,453115584,0x5e8a4ed5ba563c6f235614bb4da41365d8d4265c6bce4db6d4b3d265ae0d72ff,60,Sync,0.16073846,5.112067247252043,31.803634595304967
2026-04-16 13:55:21+00:00,arb_pair,sushiswap_arbitrum,0x515e252b2b5c22b4b2b6df66c2ebeea871aa4d69,453115584,0x5e8a4ed5ba563c6f235614bb4da41365d8d4265c6bce4db6d4b3d265ae0d72ff,61,Swap,0.16073846,5.112067247252043,31.803634595304967
2026-04-16 14:01:32+00:00,arb_pair,sushiswap_arbitrum,0x515e252b2b5c22b4b2b6df66c2ebeea871aa4d69,453117069,0xff58c8d18a7f8044b102bf6dded6c465ed2d6c5ef46b6824824ea53e5262da86,26,Sync,0.16058475,5.116975743291772,31.864643082806882
2026-04-16 14:01:32+00:00,arb_pair,sushiswap_arbitrum,0x515e252b2b5c22b4b2b6df66c2ebeea871aa4d69,453117069,0xff58c8d18a7f8044b102bf6dded6c465ed2d6c5ef46b6824824ea53e5262da86,27,Swap,0.16058475,5.116975743291772,31.864643082806882
2026-04-16 14:09:58+00:00,arb_pair,sushiswap_arbitrum,0x515e252b2b5c22b4b2b6df66c2ebeea871aa4d69,453119108,0x194e2a91a3232ca707fc8f9b5db342f7e7d1a3c00c411af1a84e7e2c949145e0,3,Sync,0.16058491,5.116970660248957,31.864579680923676
2026-04-16 14:09:58+00:00,arb_pair,sushiswap_arbitrum,0x515e252b2b5c22b4b2b6df66c2ebeea871aa4d69,453119108,0x194e2a91a3232ca707fc8f9b5db342f7e7d1a3c00c411af1a84e7e2c949145e0,4,Swap,0.16058491,5.116970660248957,31.864579680923676
2026-04-16 14:16:59+00:00,arb_pair,sushiswap_arbitrum,0x515e252b2b5c22b4b2b6df66c2ebeea871aa4d69,453120798,0xdc1818aeea53acb46487e066185091dcae76fcd951bc76d86d780a87362c1cec,45,Sync,0.16047814,5.120385704252329,31.90706038998414
2026-04-16 14:16:59+00:00,arb_pair,sushiswap_arbitrum,0x515e252b2b5c22b4b2b6df66c2ebeea871aa4d69,453120798,0xdc1818aeea53acb46487e066185091dcae76fcd951bc76d86d780a87362c1cec,46,Swap,0.16047814,5.120385704252329,31.90706038998414
2026-04-16 14:22:31+00:00,arb_pair,sushiswap_arbitrum,0x515e252b2b5c22b4b2b6df66c2ebeea871aa4d69,453122126,0x66d2aaf89833076555a6246b44005392033271257a47d0e65121e4ca8c05989a,10,Sync,0.16042362,5.122131235160007,31.9287847709708
