timestamp,pool_count,buy_pool_address,sell_pool_address,buy_pool_name,sell_pool_name,buy_dex,sell_dex,buy_price_usd,sell_price_usd,observed_spread_bps,total_volume_usd
2026-03-16 08:00:00+00:00,3,0x960ea3e3c7fb317332d990873d354e18d7645590,0x2f5e87c9312fa29aed5c179e456625d79015299c,USDT / WBTC / WETH,WBTC / WETH 0.05%,curve_arbitrum,uniswap_v3_arbitrum,73023.3224151185,73047.5919169698,3.3235274770615497,2988350.4428621177
2026-03-16 09:00:00+00:00,3,0x960ea3e3c7fb317332d990873d354e18d7645590,0x4bfc22a4da7f31f8a912a79a7e44a822398b4390,USDT / WBTC / WETH,WBTC / WETH 0.01%,curve_arbitrum,pancakeswap-v3-arbitrum,73023.3224151185,73182.6164267201,21.814128189903137,3270553.6905838903
2026-03-16 10:00:00+00:00,3,0x2f5e87c9312fa29aed5c179e456625d79015299c,0x4bfc22a4da7f31f8a912a79a7e44a822398b4390,WBTC / WETH 0.05%,WBTC / WETH 0.01%,uniswap_v3_arbitrum,pancakeswap-v3-arbitrum,73484.8457278789,73606.7756904762,16.592531615133854,3527654.199664297
2026-03-16 11:00:00+00:00,3,0x2f5e87c9312fa29aed5c179e456625d79015299c,0x960ea3e3c7fb317332d990873d354e18d7645590,WBTC / WETH 0.05%,USDT / WBTC / WETH,uniswap_v3_arbitrum,curve_arbitrum,73421.7675000638,73551.7382655467,17.701939071785855,2437512.935612353
2026-03-16 12:00:00+00:00,3,0x960ea3e3c7fb317332d990873d354e18d7645590,0x2f5e87c9312fa29aed5c179e456625d79015299c,USDT / WBTC / WETH,WBTC / WETH 0.05%,curve_arbitrum,uniswap_v3_arbitrum,73622.5934460208,73715.6177584764,12.635294153797716,12534090.929166231
2026-03-16 13:00:00+00:00,3,0x4bfc22a4da7f31f8a912a79a7e44a822398b4390,0x960ea3e3c7fb317332d990873d354e18d7645590,WBTC / WETH 0.01%,USDT / WBTC / WETH,pancakeswap-v3-arbitrum,curve_arbitrum,73777.8312724809,74119.1153381797,46.258348857985965,9940911.971233668
2026-03-16 14:00:00+00:00,3,0x960ea3e3c7fb317332d990873d354e18d7645590,0x4bfc22a4da7f31f8a912a79a7e44a822398b4390,USDT / WBTC / WETH,WBTC / WETH 0.01%,curve_arbitrum,pancakeswap-v3-arbitrum,73149.9393297823,73301.2294026598,20.68218706176017,10129434.699231079
2026-03-16 15:00:00+00:00,3,0x4bfc22a4da7f31f8a912a79a7e44a822398b4390,0x2f5e87c9312fa29aed5c179e456625d79015299c,WBTC / WETH 0.01%,WBTC / WETH 0.05%,pancakeswap-v3-arbitrum,uniswap_v3_arbitrum,73125.9702064307,73140.3057189582,1.960385959602906,4458556.396230578
2026-03-16 16:00:00+00:00,3,0x2f5e87c9312fa29aed5c179e456625d79015299c,0x960ea3e3c7fb317332d990873d354e18d7645590,WBTC / WETH 0.05%,USDT / WBTC / WETH,uniswap_v3_arbitrum,curve_arbitrum,73523.9150755097,73674.7483574207,20.514859927696083,5690308.835893985
2026-03-16 17:00:00+00:00,3,0x960ea3e3c7fb317332d990873d354e18d7645590,0x4bfc22a4da7f31f8a912a79a7e44a822398b4390,USDT / WBTC / WETH,WBTC / WETH 0.01%,curve_arbitrum,pancakeswap-v3-arbitrum,73722.1126030744,73841.8573488824,16.242717629744163,5278801.002928421
2026-03-16 18:00:00+00:00,3,0x4bfc22a4da7f31f8a912a79a7e44a822398b4390,0x960ea3e3c7fb317332d990873d354e18d7645590,WBTC / WETH 0.01%,USDT / WBTC / WETH,pancakeswap-v3-arbitrum,curve_arbitrum,73859.239020813,74082.8969225496,30.281641769092094,5858071.044025207
2026-03-16 19:00:00+00:00,3,0x960ea3e3c7fb317332d990873d354e18d7645590,0x2f5e87c9312fa29aed5c179e456625d79015299c,USDT / WBTC / WETH,WBTC / WETH 0.05%,curve_arbitrum,uniswap_v3_arbitrum,73883.8281563476,73958.1713125714,10.062168958879791,4686390.6832503285
2026-03-16 20:00:00+00:00,3,0x960ea3e3c7fb317332d990873d354e18d7645590,0x4bfc22a4da7f31f8a912a79a7e44a822398b4390,USDT / WBTC / WETH,WBTC / WETH 0.01%,curve_arbitrum,pancakeswap-v3-arbitrum,73883.8281563476,74116.6300872349,31.509186339755413,2121005.4664546945
2026-03-16 21:00:00+00:00,3,0x2f5e87c9312fa29aed5c179e456625d79015299c,0x960ea3e3c7fb317332d990873d354e18d7645590,WBTC / WETH 0.05%,USDT / WBTC / WETH,uniswap_v3_arbitrum,curve_arbitrum,74238.6083618881,74430.8283948423,25.892192377476864,7210348.681099686
2026-03-16 22:00:00+00:00,3,0x4bfc22a4da7f31f8a912a79a7e44a822398b4390,0x960ea3e3c7fb317332d990873d354e18d7645590,WBTC / WETH 0.01%,USDT / WBTC / WETH,pancakeswap-v3-arbitrum,curve_arbitrum,74586.450539466,74664.7013646525,10.491292268306474,4242286.431675949
2026-03-16 23:00:00+00:00,3,0x960ea3e3c7fb317332d990873d354e18d7645590,0x2f5e87c9312fa29aed5c179e456625d79015299c,USDT / WBTC / WETH,WBTC / WETH 0.05%,curve_arbitrum,uniswap_v3_arbitrum,74658.8934775258,74717.6766459887,7.87356545548068,4646677.559394623
2026-03-17 00:00:00+00:00,3,0x2f5e87c9312fa29aed5c179e456625d79015299c,0x960ea3e3c7fb317332d990873d354e18d7645590,WBTC / WETH 0.05%,USDT / WBTC / WETH,uniswap_v3_arbitrum,curve_arbitrum,74862.03080601,74973.8950393246,14.942719574957408,11949040.310419565
2026-03-17 01:00:00+00:00,3,0x2f5e87c9312fa29aed5c179e456625d79015299c,0x960ea3e3c7fb317332d990873d354e18d7645590,WBTC / WETH 0.05%,USDT / WBTC / WETH,uniswap_v3_arbitrum,curve_arbitrum,75418.4875601632,75610.9070054633,25.51356458144527,8266193.526224205
2026-03-17 02:00:00+00:00,3,0x4bfc22a4da7f31f8a912a79a7e44a822398b4390,0x960ea3e3c7fb317332d990873d354e18d7645590,WBTC / WETH 0.01%,USDT / WBTC / WETH,pancakeswap-v3-arbitrum,curve_arbitrum,75057.7404267211,75166.7675997068,14.52577340669503,2324789.0033882726
2026-03-17 03:00:00+00:00,3,0x4bfc22a4da7f31f8a912a79a7e44a822398b4390,0x960ea3e3c7fb317332d990873d354e18d7645590,WBTC / WETH 0.01%,USDT / WBTC / WETH,pancakeswap-v3-arbitrum,curve_arbitrum,74260.6391375699,74317.449317199,7.65010647482578,5599679.289084308
2026-03-17 04:00:00+00:00,3,0x4bfc22a4da7f31f8a912a79a7e44a822398b4390,0x960ea3e3c7fb317332d990873d354e18d7645590,WBTC / WETH 0.01%,USDT / WBTC / WETH,pancakeswap-v3-arbitrum,curve_arbitrum,74078.9264515948,74137.8174520645,7.949764297432438,6430881.294661212
2026-03-17 05:00:00+00:00,3,0x4bfc22a4da7f31f8a912a79a7e44a822398b4390,0x960ea3e3c7fb317332d990873d354e18d7645590,WBTC / WETH 0.01%,USDT / WBTC / WETH,pancakeswap-v3-arbitrum,curve_arbitrum,73902.1914961422,73907.6567354737,0.7395233105889076,2496855.0226828074
2026-03-17 06:00:00+00:00,3,0x960ea3e3c7fb317332d990873d354e18d7645590,0x2f5e87c9312fa29aed5c179e456625d79015299c,USDT / WBTC / WETH,WBTC / WETH 0.05%,curve_arbitrum,uniswap_v3_arbitrum,73926.5942899965,73972.9767287217,6.274120858760224,3026133.6022284944
2026-03-17 07:00:00+00:00,3,0x4bfc22a4da7f31f8a912a79a7e44a822398b4390,0x960ea3e3c7fb317332d990873d354e18d7645590,WBTC / WETH 0.01%,USDT / WBTC / WETH,pancakeswap-v3-arbitrum,curve_arbitrum,74042.8106651968,74261.6909445931,29.561314249133552,2289013.230831537
2026-03-17 08:00:00+00:00,3,0x4bfc22a4da7f31f8a912a79a7e44a822398b4390,0x2f5e87c9312fa29aed5c179e456625d79015299c,WBTC / WETH 0.01%,WBTC / WETH 0.05%,pancakeswap-v3-arbitrum,uniswap_v3_arbitrum,74088.5573665113,74327.0775271051,32.19392698036394,2876375.5570596955
2026-03-17 09:00:00+00:00,3,0x2f5e87c9312fa29aed5c179e456625d79015299c,0x960ea3e3c7fb317332d990873d354e18d7645590,WBTC / WETH 0.05%,USDT / WBTC / WETH,uniswap_v3_arbitrum,curve_arbitrum,73744.5635469877,73862.0984213057,15.938106982367195,4395490.601498016
2026-03-17 10:00:00+00:00,3,0x2f5e87c9312fa29aed5c179e456625d79015299c,0x4bfc22a4da7f31f8a912a79a7e44a822398b4390,WBTC / WETH 0.05%,WBTC / WETH 0.01%,uniswap_v3_arbitrum,pancakeswap-v3-arbitrum,73489.1780268573,73586.4093804818,13.230703653939191,2825581.137859971
2026-03-17 11:00:00+00:00,3,0x2f5e87c9312fa29aed5c179e456625d79015299c,0x4bfc22a4da7f31f8a912a79a7e44a822398b4390,WBTC / WETH 0.05%,WBTC / WETH 0.01%,uniswap_v3_arbitrum,pancakeswap-v3-arbitrum,73853.7124688036,73918.2302040481,8.735882474661949,2161844.3644873053
2026-03-17 12:00:00+00:00,3,0x4bfc22a4da7f31f8a912a79a7e44a822398b4390,0x2f5e87c9312fa29aed5c179e456625d79015299c,WBTC / WETH 0.01%,WBTC / WETH 0.05%,pancakeswap-v3-arbitrum,uniswap_v3_arbitrum,73537.9494317224,73619.1032622434,11.035639577676726,4524712.407669247
2026-03-17 13:00:00+00:00,3,0x2f5e87c9312fa29aed5c179e456625d79015299c,0x960ea3e3c7fb317332d990873d354e18d7645590,WBTC / WETH 0.05%,USDT / WBTC / WETH,uniswap_v3_arbitrum,curve_arbitrum,73359.3957751299,73719.6216781938,49.10426254983058,5915072.532067066
2026-03-17 14:00:00+00:00,3,0x4bfc22a4da7f31f8a912a79a7e44a822398b4390,0x960ea3e3c7fb317332d990873d354e18d7645590,WBTC / WETH 0.01%,USDT / WBTC / WETH,pancakeswap-v3-arbitrum,curve_arbitrum,74227.5335341741,74255.3151431993,3.7427633254738524,4187451.8023920627
2026-03-17 15:00:00+00:00,3,0x2f5e87c9312fa29aed5c179e456625d79015299c,0x960ea3e3c7fb317332d990873d354e18d7645590,WBTC / WETH 0.05%,USDT / WBTC / WETH,uniswap_v3_arbitrum,curve_arbitrum,73739.5932036107,73887.9156845694,20.114361161329697,4250429.931894984
2026-03-17 16:00:00+00:00,3,0x4bfc22a4da7f31f8a912a79a7e44a822398b4390,0x2f5e87c9312fa29aed5c179e456625d79015299c,WBTC / WETH 0.01%,WBTC / WETH 0.05%,pancakeswap-v3-arbitrum,uniswap_v3_arbitrum,73952.7576289676,74044.1962934371,12.364469886065876,1895225.907968773
2026-03-17 17:00:00+00:00,3,0x4bfc22a4da7f31f8a912a79a7e44a822398b4390,0x960ea3e3c7fb317332d990873d354e18d7645590,WBTC / WETH 0.01%,USDT / WBTC / WETH,pancakeswap-v3-arbitrum,curve_arbitrum,74355.6285356763,74378.0791783341,3.0193602152150945,1567367.0859699557
2026-03-17 18:00:00+00:00,3,0x4bfc22a4da7f31f8a912a79a7e44a822398b4390,0x960ea3e3c7fb317332d990873d354e18d7645590,WBTC / WETH 0.01%,USDT / WBTC / WETH,pancakeswap-v3-arbitrum,curve_arbitrum,74436.4005534447,74578.7433145501,19.12273565715994,1696270.3384957423
2026-03-17 19:00:00+00:00,3,0x2f5e87c9312fa29aed5c179e456625d79015299c,0x960ea3e3c7fb317332d990873d354e18d7645590,WBTC / WETH 0.05%,USDT / WBTC / WETH,uniswap_v3_arbitrum,curve_arbitrum,74259.810459417,74385.4795254213,16.922890757036235,2040716.2508585237
2026-03-17 20:00:00+00:00,3,0x2f5e87c9312fa29aed5c179e456625d79015299c,0x960ea3e3c7fb317332d990873d354e18d7645590,WBTC / WETH 0.05%,USDT / WBTC / WETH,uniswap_v3_arbitrum,curve_arbitrum,74371.0380968985,74432.0987535995,8.210273550497416,1201211.336836716
2026-03-17 21:00:00+00:00,3,0x4bfc22a4da7f31f8a912a79a7e44a822398b4390,0x2f5e87c9312fa29aed5c179e456625d79015299c,WBTC / WETH 0.01%,WBTC / WETH 0.05%,pancakeswap-v3-arbitrum,uniswap_v3_arbitrum,74537.0979632539,74576.0622914349,5.227508079292953,2233892.8720832947
2026-03-17 22:00:00+00:00,3,0x2f5e87c9312fa29aed5c179e456625d79015299c,0x960ea3e3c7fb317332d990873d354e18d7645590,WBTC / WETH 0.05%,USDT / WBTC / WETH,uniswap_v3_arbitrum,curve_arbitrum,74077.2163302756,74159.5331505917,11.112299353837063,1318433.7950494513
2026-03-17 23:00:00+00:00,3,0x4bfc22a4da7f31f8a912a79a7e44a822398b4390,0x2f5e87c9312fa29aed5c179e456625d79015299c,WBTC / WETH 0.01%,WBTC / WETH 0.05%,pancakeswap-v3-arbitrum,uniswap_v3_arbitrum,73801.0322498352,74391.8348157832,80.05342851411301,572488.0334729763
2026-03-18 00:00:00+00:00,3,0x2f5e87c9312fa29aed5c179e456625d79015299c,0x4bfc22a4da7f31f8a912a79a7e44a822398b4390,WBTC / WETH 0.05%,WBTC / WETH 0.01%,uniswap_v3_arbitrum,pancakeswap-v3-arbitrum,73693.6788683419,73722.4947505312,3.910224408905094,1492764.754098427
2026-03-18 01:00:00+00:00,3,0x960ea3e3c7fb317332d990873d354e18d7645590,0x4bfc22a4da7f31f8a912a79a7e44a822398b4390,USDT / WBTC / WETH,WBTC / WETH 0.01%,curve_arbitrum,pancakeswap-v3-arbitrum,73926.6104714733,73944.4391310845,2.411670100590513,1092959.4643626085
2026-03-18 02:00:00+00:00,3,0x4bfc22a4da7f31f8a912a79a7e44a822398b4390,0x2f5e87c9312fa29aed5c179e456625d79015299c,WBTC / WETH 0.01%,WBTC / WETH 0.05%,pancakeswap-v3-arbitrum,uniswap_v3_arbitrum,74213.5317630576,74261.4136925399,6.451913599150316,1618995.7807599357
2026-03-18 03:00:00+00:00,3,0x4bfc22a4da7f31f8a912a79a7e44a822398b4390,0x960ea3e3c7fb317332d990873d354e18d7645590,WBTC / WETH 0.01%,USDT / WBTC / WETH,pancakeswap-v3-arbitrum,curve_arbitrum,74327.8603491463,74370.4505665832,5.7300475537491735,1541585.4484100938
2026-03-18 04:00:00+00:00,3,0x4bfc22a4da7f31f8a912a79a7e44a822398b4390,0x2f5e87c9312fa29aed5c179e456625d79015299c,WBTC / WETH 0.01%,WBTC / WETH 0.05%,pancakeswap-v3-arbitrum,uniswap_v3_arbitrum,74026.4001495979,74131.374664806,14.180686214102511,558616.5467860372
2026-03-18 05:00:00+00:00,3,0x2f5e87c9312fa29aed5c179e456625d79015299c,0x960ea3e3c7fb317332d990873d354e18d7645590,WBTC / WETH 0.05%,USDT / WBTC / WETH,uniswap_v3_arbitrum,curve_arbitrum,73743.0405027586,73908.7219463659,22.46740064929975,1096121.2645975684
2026-03-18 06:00:00+00:00,3,0x960ea3e3c7fb317332d990873d354e18d7645590,0x2f5e87c9312fa29aed5c179e456625d79015299c,USDT / WBTC / WETH,WBTC / WETH 0.05%,curve_arbitrum,uniswap_v3_arbitrum,73864.3821598224,73914.5611200091,6.793390632864327,981165.8298230316
2026-03-18 07:00:00+00:00,3,0x2f5e87c9312fa29aed5c179e456625d79015299c,0x960ea3e3c7fb317332d990873d354e18d7645590,WBTC / WETH 0.05%,USDT / WBTC / WETH,uniswap_v3_arbitrum,curve_arbitrum,73693.3073838892,73794.2743181758,13.700963882734563,545583.8759101497
2026-03-18 08:00:00+00:00,3,0x960ea3e3c7fb317332d990873d354e18d7645590,0x2f5e87c9312fa29aed5c179e456625d79015299c,USDT / WBTC / WETH,WBTC / WETH 0.05%,curve_arbitrum,uniswap_v3_arbitrum,73939.0727905906,73984.9309534379,6.202155520287356,805433.5235584697
2026-03-18 09:00:00+00:00,3,0x2f5e87c9312fa29aed5c179e456625d79015299c,0x960ea3e3c7fb317332d990873d354e18d7645590,WBTC / WETH 0.05%,USDT / WBTC / WETH,uniswap_v3_arbitrum,curve_arbitrum,73933.3705062808,74051.5386746676,15.983062530167125,843975.6165778916
2026-03-18 10:00:00+00:00,3,0x4bfc22a4da7f31f8a912a79a7e44a822398b4390,0x960ea3e3c7fb317332d990873d354e18d7645590,WBTC / WETH 0.01%,USDT / WBTC / WETH,pancakeswap-v3-arbitrum,curve_arbitrum,73696.1652163531,73748.6987791908,7.128398429345761,1957753.018770374
2026-03-18 11:00:00+00:00,3,0x4bfc22a4da7f31f8a912a79a7e44a822398b4390,0x960ea3e3c7fb317332d990873d354e18d7645590,WBTC / WETH 0.01%,USDT / WBTC / WETH,pancakeswap-v3-arbitrum,curve_arbitrum,72740.7798042766,72843.9471339467,14.18287375358096,4318994.998688099
2026-03-18 12:00:00+00:00,3,0x2f5e87c9312fa29aed5c179e456625d79015299c,0x4bfc22a4da7f31f8a912a79a7e44a822398b4390,WBTC / WETH 0.05%,WBTC / WETH 0.01%,uniswap_v3_arbitrum,pancakeswap-v3-arbitrum,72252.7964517589,72346.7383702424,13.001838419668399,5208983.724159379
2026-03-18 13:00:00+00:00,3,0x2f5e87c9312fa29aed5c179e456625d79015299c,0x960ea3e3c7fb317332d990873d354e18d7645590,WBTC / WETH 0.05%,USDT / WBTC / WETH,uniswap_v3_arbitrum,curve_arbitrum,71809.4699297429,71953.0865203193,19.99967284494808,4532720.449593573
2026-03-18 14:00:00+00:00,3,0x2f5e87c9312fa29aed5c179e456625d79015299c,0x960ea3e3c7fb317332d990873d354e18d7645590,WBTC / WETH 0.05%,USDT / WBTC / WETH,uniswap_v3_arbitrum,curve_arbitrum,71043.1097649255,71551.0148595316,71.49252000464345,7248516.809951946
2026-03-18 15:00:00+00:00,3,0x960ea3e3c7fb317332d990873d354e18d7645590,0x4bfc22a4da7f31f8a912a79a7e44a822398b4390,USDT / WBTC / WETH,WBTC / WETH 0.01%,curve_arbitrum,pancakeswap-v3-arbitrum,71197.9456580006,71302.2947077902,14.656188296620076,7472046.944262744
2026-03-18 16:00:00+00:00,3,0x4bfc22a4da7f31f8a912a79a7e44a822398b4390,0x960ea3e3c7fb317332d990873d354e18d7645590,WBTC / WETH 0.01%,USDT / WBTC / WETH,pancakeswap-v3-arbitrum,curve_arbitrum,71139.3958729529,71197.9456580006,8.230289887793951,4357344.028792531
2026-03-18 17:00:00+00:00,3,0x4bfc22a4da7f31f8a912a79a7e44a822398b4390,0x960ea3e3c7fb317332d990873d354e18d7645590,WBTC / WETH 0.01%,USDT / WBTC / WETH,pancakeswap-v3-arbitrum,curve_arbitrum,71406.6784714109,71491.8834107851,11.932348794001513,3308996.9370208285
2026-03-18 18:00:00+00:00,3,0x2f5e87c9312fa29aed5c179e456625d79015299c,0x960ea3e3c7fb317332d990873d354e18d7645590,WBTC / WETH 0.05%,USDT / WBTC / WETH,uniswap_v3_arbitrum,curve_arbitrum,70843.681004236,70869.0091775973,3.575219836442489,6724624.038530258
2026-03-18 19:00:00+00:00,3,0x2f5e87c9312fa29aed5c179e456625d79015299c,0x960ea3e3c7fb317332d990873d354e18d7645590,WBTC / WETH 0.05%,USDT / WBTC / WETH,uniswap_v3_arbitrum,curve_arbitrum,70842.9723895633,70899.7761775525,8.018267172194005,3493821.112621191
2026-03-18 20:00:00+00:00,3,0x960ea3e3c7fb317332d990873d354e18d7645590,0x2f5e87c9312fa29aed5c179e456625d79015299c,USDT / WBTC / WETH,WBTC / WETH 0.05%,curve_arbitrum,uniswap_v3_arbitrum,71040.7166213731,71109.7975535911,9.724132230559679,7602075.044959629
2026-03-18 21:00:00+00:00,3,0x960ea3e3c7fb317332d990873d354e18d7645590,0x2f5e87c9312fa29aed5c179e456625d79015299c,USDT / WBTC / WETH,WBTC / WETH 0.05%,curve_arbitrum,uniswap_v3_arbitrum,71132.8658793748,71180.6944243961,6.723832145665298,4033666.947699551
2026-03-18 22:00:00+00:00,3,0x2f5e87c9312fa29aed5c179e456625d79015299c,0x960ea3e3c7fb317332d990873d354e18d7645590,WBTC / WETH 0.05%,USDT / WBTC / WETH,uniswap_v3_arbitrum,curve_arbitrum,70934.1608734073,71049.0968965915,16.203197693325233,1350548.2006326793
2026-03-18 23:00:00+00:00,3,0x960ea3e3c7fb317332d990873d354e18d7645590,0x4bfc22a4da7f31f8a912a79a7e44a822398b4390,USDT / WBTC / WETH,WBTC / WETH 0.01%,curve_arbitrum,pancakeswap-v3-arbitrum,71083.8731591922,71147.1093976954,8.896003508642725,1762304.1556426245
2026-03-19 00:00:00+00:00,3,0x2f5e87c9312fa29aed5c179e456625d79015299c,0x960ea3e3c7fb317332d990873d354e18d7645590,WBTC / WETH 0.05%,USDT / WBTC / WETH,uniswap_v3_arbitrum,curve_arbitrum,70853.6909298825,70863.9833327237,1.4526276198334465,2182765.182979979
2026-03-19 01:00:00+00:00,3,0x960ea3e3c7fb317332d990873d354e18d7645590,0x4bfc22a4da7f31f8a912a79a7e44a822398b4390,USDT / WBTC / WETH,WBTC / WETH 0.01%,curve_arbitrum,pancakeswap-v3-arbitrum,70863.9833327237,71064.8115663835,28.339958356118355,1745599.744083355
2026-03-19 02:00:00+00:00,3,0x4bfc22a4da7f31f8a912a79a7e44a822398b4390,0x960ea3e3c7fb317332d990873d354e18d7645590,WBTC / WETH 0.01%,USDT / WBTC / WETH,pancakeswap-v3-arbitrum,curve_arbitrum,70920.7875383981,71075.8707406347,21.867100975525577,881131.384854551
2026-03-19 03:00:00+00:00,3,0x4bfc22a4da7f31f8a912a79a7e44a822398b4390,0x960ea3e3c7fb317332d990873d354e18d7645590,WBTC / WETH 0.01%,USDT / WBTC / WETH,pancakeswap-v3-arbitrum,curve_arbitrum,71116.8405004906,71445.8599042679,46.26462613662285,5285655.372002839
2026-03-19 04:00:00+00:00,3,0x960ea3e3c7fb317332d990873d354e18d7645590,0x2f5e87c9312fa29aed5c179e456625d79015299c,USDT / WBTC / WETH,WBTC / WETH 0.05%,curve_arbitrum,uniswap_v3_arbitrum,70734.537657169,70758.1048248082,3.3317765860596538,2001715.3614996052
2026-03-19 05:00:00+00:00,3,0x2f5e87c9312fa29aed5c179e456625d79015299c,0x960ea3e3c7fb317332d990873d354e18d7645590,WBTC / WETH 0.05%,USDT / WBTC / WETH,uniswap_v3_arbitrum,curve_arbitrum,70696.6185591989,70739.8712179591,6.11806613126431,1346793.230664063
2026-03-19 06:00:00+00:00,3,0x2f5e87c9312fa29aed5c179e456625d79015299c,0x4bfc22a4da7f31f8a912a79a7e44a822398b4390,WBTC / WETH 0.05%,WBTC / WETH 0.01%,uniswap_v3_arbitrum,pancakeswap-v3-arbitrum,70393.0201655283,70414.5303761445,3.05573060590536,2581749.8123234333
2026-03-19 07:00:00+00:00,3,0x4bfc22a4da7f31f8a912a79a7e44a822398b4390,0x960ea3e3c7fb317332d990873d354e18d7645590,WBTC / WETH 0.01%,USDT / WBTC / WETH,pancakeswap-v3-arbitrum,curve_arbitrum,70126.5796168899,70181.3773727753,7.814120720670559,7144051.264047834
2026-03-19 08:00:00+00:00,3,0x2f5e87c9312fa29aed5c179e456625d79015299c,0x960ea3e3c7fb317332d990873d354e18d7645590,WBTC / WETH 0.05%,USDT / WBTC / WETH,uniswap_v3_arbitrum,curve_arbitrum,69882.3740816625,69970.9021987972,12.668161077531437,2249508.0799703742
2026-03-19 09:00:00+00:00,3,0x960ea3e3c7fb317332d990873d354e18d7645590,0x4bfc22a4da7f31f8a912a79a7e44a822398b4390,USDT / WBTC / WETH,WBTC / WETH 0.01%,curve_arbitrum,pancakeswap-v3-arbitrum,70346.5510356644,70386.2919211273,5.649301192145462,4843260.332956331
2026-03-19 10:00:00+00:00,3,0x4bfc22a4da7f31f8a912a79a7e44a822398b4390,0x960ea3e3c7fb317332d990873d354e18d7645590,WBTC / WETH 0.01%,USDT / WBTC / WETH,pancakeswap-v3-arbitrum,curve_arbitrum,70055.9999221331,70092.559696225,5.218649956111321,1354640.023779039
2026-03-19 11:00:00+00:00,3,0x2f5e87c9312fa29aed5c179e456625d79015299c,0x960ea3e3c7fb317332d990873d354e18d7645590,WBTC / WETH 0.05%,USDT / WBTC / WETH,uniswap_v3_arbitrum,curve_arbitrum,69810.7464807491,69880.876806057,10.045777884244433,1665413.2044696312
2026-03-19 12:00:00+00:00,3,0x2f5e87c9312fa29aed5c179e456625d79015299c,0x960ea3e3c7fb317332d990873d354e18d7645590,WBTC / WETH 0.05%,USDT / WBTC / WETH,uniswap_v3_arbitrum,curve_arbitrum,69162.7133136764,69465.2967623173,43.74950520934284,3705507.6992926993
2026-03-19 13:00:00+00:00,3,0x960ea3e3c7fb317332d990873d354e18d7645590,0x4bfc22a4da7f31f8a912a79a7e44a822398b4390,USDT / WBTC / WETH,WBTC / WETH 0.01%,curve_arbitrum,pancakeswap-v3-arbitrum,69656.6245368423,69750.9861436826,13.546680946390222,10140735.204914808
2026-03-19 14:00:00+00:00,3,0x960ea3e3c7fb317332d990873d354e18d7645590,0x4bfc22a4da7f31f8a912a79a7e44a822398b4390,USDT / WBTC / WETH,WBTC / WETH 0.01%,curve_arbitrum,pancakeswap-v3-arbitrum,69089.8094966575,69410.9092927012,46.47571014929852,5321405.012773946
2026-03-19 15:00:00+00:00,3,0x960ea3e3c7fb317332d990873d354e18d7645590,0x2f5e87c9312fa29aed5c179e456625d79015299c,USDT / WBTC / WETH,WBTC / WETH 0.05%,curve_arbitrum,uniswap_v3_arbitrum,69258.1557150628,69350.239597132,13.295745622801114,5790841.681306359
2026-03-19 16:00:00+00:00,3,0x960ea3e3c7fb317332d990873d354e18d7645590,0x4bfc22a4da7f31f8a912a79a7e44a822398b4390,USDT / WBTC / WETH,WBTC / WETH 0.01%,curve_arbitrum,pancakeswap-v3-arbitrum,69187.3118934319,69264.4758553657,11.152906482716496,4824648.974223046
2026-03-19 17:00:00+00:00,3,0x960ea3e3c7fb317332d990873d354e18d7645590,0x2f5e87c9312fa29aed5c179e456625d79015299c,USDT / WBTC / WETH,WBTC / WETH 0.05%,curve_arbitrum,uniswap_v3_arbitrum,69565.5903236934,69710.7795419481,20.870838237572187,2197712.4774264195
2026-03-19 18:00:00+00:00,3,0x960ea3e3c7fb317332d990873d354e18d7645590,0x4bfc22a4da7f31f8a912a79a7e44a822398b4390,USDT / WBTC / WETH,WBTC / WETH 0.01%,curve_arbitrum,pancakeswap-v3-arbitrum,69577.9121522699,69637.8155787709,8.609546427593706,1388759.683489125
2026-03-19 19:00:00+00:00,3,0x2f5e87c9312fa29aed5c179e456625d79015299c,0x960ea3e3c7fb317332d990873d354e18d7645590,WBTC / WETH 0.05%,USDT / WBTC / WETH,uniswap_v3_arbitrum,curve_arbitrum,70047.705258522,70265.971142303,31.159605154151837,6425618.083918606
2026-03-19 20:00:00+00:00,3,0x2f5e87c9312fa29aed5c179e456625d79015299c,0x960ea3e3c7fb317332d990873d354e18d7645590,WBTC / WETH 0.05%,USDT / WBTC / WETH,uniswap_v3_arbitrum,curve_arbitrum,70283.6076857766,70353.5143582273,9.946369395725796,1585741.4089752352
2026-03-19 21:00:00+00:00,3,0x960ea3e3c7fb317332d990873d354e18d7645590,0x2f5e87c9312fa29aed5c179e456625d79015299c,USDT / WBTC / WETH,WBTC / WETH 0.05%,curve_arbitrum,uniswap_v3_arbitrum,70340.1886964257,70368.7232166369,4.0566453886503595,2526572.977299085
2026-03-19 22:00:00+00:00,3,0x4bfc22a4da7f31f8a912a79a7e44a822398b4390,0x960ea3e3c7fb317332d990873d354e18d7645590,WBTC / WETH 0.01%,USDT / WBTC / WETH,pancakeswap-v3-arbitrum,curve_arbitrum,69973.5753279125,70081.5134249314,15.425551218881672,2292910.852975132
2026-03-19 23:00:00+00:00,3,0x960ea3e3c7fb317332d990873d354e18d7645590,0x2f5e87c9312fa29aed5c179e456625d79015299c,USDT / WBTC / WETH,WBTC / WETH 0.05%,curve_arbitrum,uniswap_v3_arbitrum,69735.4160026789,69798.4286899499,9.035966354395963,1900948.394926238
2026-03-20 00:00:00+00:00,3,0x4bfc22a4da7f31f8a912a79a7e44a822398b4390,0x960ea3e3c7fb317332d990873d354e18d7645590,WBTC / WETH 0.01%,USDT / WBTC / WETH,pancakeswap-v3-arbitrum,curve_arbitrum,70020.8531091295,70063.9428446498,6.1538432633989615,1722380.3001570287
2026-03-20 01:00:00+00:00,3,0x4bfc22a4da7f31f8a912a79a7e44a822398b4390,0x960ea3e3c7fb317332d990873d354e18d7645590,WBTC / WETH 0.01%,USDT / WBTC / WETH,pancakeswap-v3-arbitrum,curve_arbitrum,70288.8429507901,70333.1668569499,6.305966110558003,1597119.7304112918
2026-03-20 02:00:00+00:00,3,0x4bfc22a4da7f31f8a912a79a7e44a822398b4390,0x2f5e87c9312fa29aed5c179e456625d79015299c,WBTC / WETH 0.01%,WBTC / WETH 0.05%,pancakeswap-v3-arbitrum,uniswap_v3_arbitrum,70269.8545181773,70311.3837808471,5.909968499944185,1873548.5297462642
2026-03-20 03:00:00+00:00,3,0x960ea3e3c7fb317332d990873d354e18d7645590,0x2f5e87c9312fa29aed5c179e456625d79015299c,USDT / WBTC / WETH,WBTC / WETH 0.05%,curve_arbitrum,uniswap_v3_arbitrum,70558.2323248548,70604.5924357804,6.570475109433094,762248.5004205198
2026-03-20 04:00:00+00:00,3,0x960ea3e3c7fb317332d990873d354e18d7645590,0x2f5e87c9312fa29aed5c179e456625d79015299c,USDT / WBTC / WETH,WBTC / WETH 0.05%,curve_arbitrum,uniswap_v3_arbitrum,70519.5755375594,70551.9541294283,4.591433176117654,1436069.6901049372
2026-03-20 05:00:00+00:00,3,0x4bfc22a4da7f31f8a912a79a7e44a822398b4390,0x960ea3e3c7fb317332d990873d354e18d7645590,WBTC / WETH 0.01%,USDT / WBTC / WETH,pancakeswap-v3-arbitrum,curve_arbitrum,70419.2500351325,70653.5914129697,33.27802805628943,1039197.7035457311
2026-03-20 06:00:00+00:00,3,0x4bfc22a4da7f31f8a912a79a7e44a822398b4390,0x960ea3e3c7fb317332d990873d354e18d7645590,WBTC / WETH 0.01%,USDT / WBTC / WETH,pancakeswap-v3-arbitrum,curve_arbitrum,70306.474839952,70343.9042350424,5.32374794435464,1247258.5150719872
2026-03-20 07:00:00+00:00,3,0x4bfc22a4da7f31f8a912a79a7e44a822398b4390,0x2f5e87c9312fa29aed5c179e456625d79015299c,WBTC / WETH 0.01%,WBTC / WETH 0.05%,pancakeswap-v3-arbitrum,uniswap_v3_arbitrum,70690.4398807391,70736.8647736042,6.5673509661889895,2720102.8089408353
2026-03-20 08:00:00+00:00,3,0x960ea3e3c7fb317332d990873d354e18d7645590,0x2f5e87c9312fa29aed5c179e456625d79015299c,USDT / WBTC / WETH,WBTC / WETH 0.05%,curve_arbitrum,uniswap_v3_arbitrum,70893.3088547982,70909.4697041902,2.2796015100801093,3831248.759648148
2026-03-20 09:00:00+00:00,3,0x4bfc22a4da7f31f8a912a79a7e44a822398b4390,0x960ea3e3c7fb317332d990873d354e18d7645590,WBTC / WETH 0.01%,USDT / WBTC / WETH,pancakeswap-v3-arbitrum,curve_arbitrum,70379.1716150415,70506.611733339,18.107646818374956,2546777.311552999
2026-03-20 10:00:00+00:00,3,0x960ea3e3c7fb317332d990873d354e18d7645590,0x4bfc22a4da7f31f8a912a79a7e44a822398b4390,USDT / WBTC / WETH,WBTC / WETH 0.01%,curve_arbitrum,pancakeswap-v3-arbitrum,70398.0061794659,70475.0468306252,10.943584249090144,1546725.41256703
2026-03-20 11:00:00+00:00,3,0x2f5e87c9312fa29aed5c179e456625d79015299c,0x960ea3e3c7fb317332d990873d354e18d7645590,WBTC / WETH 0.05%,USDT / WBTC / WETH,uniswap_v3_arbitrum,curve_arbitrum,70257.2637426842,70439.5437195594,25.944645032405234,2067030.4712295218
2026-03-20 12:00:00+00:00,3,0x2f5e87c9312fa29aed5c179e456625d79015299c,0x960ea3e3c7fb317332d990873d354e18d7645590,WBTC / WETH 0.05%,USDT / WBTC / WETH,uniswap_v3_arbitrum,curve_arbitrum,70164.0563252571,70283.5173296925,17.025954697034162,1932725.065872037
2026-03-20 13:00:00+00:00,3,0x960ea3e3c7fb317332d990873d354e18d7645590,0x2f5e87c9312fa29aed5c179e456625d79015299c,USDT / WBTC / WETH,WBTC / WETH 0.05%,curve_arbitrum,uniswap_v3_arbitrum,69717.1685832781,69780.9811422686,9.15306233561175,3355986.267368972
2026-03-20 14:00:00+00:00,3,0x2f5e87c9312fa29aed5c179e456625d79015299c,0x960ea3e3c7fb317332d990873d354e18d7645590,WBTC / WETH 0.05%,USDT / WBTC / WETH,uniswap_v3_arbitrum,curve_arbitrum,69603.0279774982,69851.4153396399,35.68628684114117,6372841.759330133
2026-03-20 15:00:00+00:00,3,0x2f5e87c9312fa29aed5c179e456625d79015299c,0x4bfc22a4da7f31f8a912a79a7e44a822398b4390,WBTC / WETH 0.05%,WBTC / WETH 0.01%,uniswap_v3_arbitrum,pancakeswap-v3-arbitrum,69657.9163180799,69710.1021389015,7.4917286620102,2194544.60269841
2026-03-20 16:00:00+00:00,3,0x960ea3e3c7fb317332d990873d354e18d7645590,0x2f5e87c9312fa29aed5c179e456625d79015299c,USDT / WBTC / WETH,WBTC / WETH 0.05%,curve_arbitrum,uniswap_v3_arbitrum,69599.9276274713,69771.5926518093,24.66454063814849,1431025.5520022633
2026-03-20 17:00:00+00:00,3,0x960ea3e3c7fb317332d990873d354e18d7645590,0x2f5e87c9312fa29aed5c179e456625d79015299c,USDT / WBTC / WETH,WBTC / WETH 0.05%,curve_arbitrum,uniswap_v3_arbitrum,69755.4271145054,69865.6431554696,15.800353538555356,2114404.7181648286
2026-03-20 18:00:00+00:00,3,0x4bfc22a4da7f31f8a912a79a7e44a822398b4390,0x960ea3e3c7fb317332d990873d354e18d7645590,WBTC / WETH 0.01%,USDT / WBTC / WETH,pancakeswap-v3-arbitrum,curve_arbitrum,69540.9432746896,69598.7262385582,8.309200472065292,2606216.26061178
2026-03-20 19:00:00+00:00,3,0x960ea3e3c7fb317332d990873d354e18d7645590,0x4bfc22a4da7f31f8a912a79a7e44a822398b4390,USDT / WBTC / WETH,WBTC / WETH 0.01%,curve_arbitrum,pancakeswap-v3-arbitrum,69942.4793370684,70030.5546010283,12.59252814522549,1552135.2536160697
2026-03-20 20:00:00+00:00,3,0x960ea3e3c7fb317332d990873d354e18d7645590,0x4bfc22a4da7f31f8a912a79a7e44a822398b4390,USDT / WBTC / WETH,WBTC / WETH 0.01%,curve_arbitrum,pancakeswap-v3-arbitrum,69778.724191108,69897.7540923071,17.058193966559276,1269321.1101733667
2026-03-20 21:00:00+00:00,3,0x2f5e87c9312fa29aed5c179e456625d79015299c,0x4bfc22a4da7f31f8a912a79a7e44a822398b4390,WBTC / WETH 0.05%,WBTC / WETH 0.01%,uniswap_v3_arbitrum,pancakeswap-v3-arbitrum,70332.8171921782,70388.9617271949,7.982693891428472,2252520.399131047
2026-03-20 22:00:00+00:00,3,0x4bfc22a4da7f31f8a912a79a7e44a822398b4390,0x960ea3e3c7fb317332d990873d354e18d7645590,WBTC / WETH 0.01%,USDT / WBTC / WETH,pancakeswap-v3-arbitrum,curve_arbitrum,70639.1355984952,70663.7377616125,3.4827950411431274,2682463.782283068
2026-03-20 23:00:00+00:00,3,0x4bfc22a4da7f31f8a912a79a7e44a822398b4390,0x960ea3e3c7fb317332d990873d354e18d7645590,WBTC / WETH 0.01%,USDT / WBTC / WETH,pancakeswap-v3-arbitrum,curve_arbitrum,70349.6446156226,70408.9082468777,8.424155030051228,658461.4434172835
2026-03-21 00:00:00+00:00,3,0x960ea3e3c7fb317332d990873d354e18d7645590,0x2f5e87c9312fa29aed5c179e456625d79015299c,USDT / WBTC / WETH,WBTC / WETH 0.05%,curve_arbitrum,uniswap_v3_arbitrum,70484.589037546,70561.805218757,10.955044537448444,903819.7695068509
2026-03-21 01:00:00+00:00,3,0x2f5e87c9312fa29aed5c179e456625d79015299c,0x960ea3e3c7fb317332d990873d354e18d7645590,WBTC / WETH 0.05%,USDT / WBTC / WETH,uniswap_v3_arbitrum,curve_arbitrum,70166.3998536032,70481.0002019169,44.83632464685306,755893.269613845
2026-03-21 02:00:00+00:00,3,0x4bfc22a4da7f31f8a912a79a7e44a822398b4390,0x960ea3e3c7fb317332d990873d354e18d7645590,WBTC / WETH 0.01%,USDT / WBTC / WETH,pancakeswap-v3-arbitrum,curve_arbitrum,70547.3902569747,70644.1378768478,13.71384816939214,337997.28291887586
2026-03-21 03:00:00+00:00,3,0x4bfc22a4da7f31f8a912a79a7e44a822398b4390,0x960ea3e3c7fb317332d990873d354e18d7645590,WBTC / WETH 0.01%,USDT / WBTC / WETH,pancakeswap-v3-arbitrum,curve_arbitrum,70528.5294515948,70644.1378768478,16.39172490223828,80255.63421776323
2026-03-21 04:00:00+00:00,3,0x2f5e87c9312fa29aed5c179e456625d79015299c,0x4bfc22a4da7f31f8a912a79a7e44a822398b4390,WBTC / WETH 0.05%,WBTC / WETH 0.01%,uniswap_v3_arbitrum,pancakeswap-v3-arbitrum,70332.0950531961,70490.5213570143,22.525463474161178,330380.3481366566
2026-03-21 05:00:00+00:00,3,0x4bfc22a4da7f31f8a912a79a7e44a822398b4390,0x960ea3e3c7fb317332d990873d354e18d7645590,WBTC / WETH 0.01%,USDT / WBTC / WETH,pancakeswap-v3-arbitrum,curve_arbitrum,70551.9383097786,71196.8198634879,91.40522133888717,575749.3482181538
2026-03-21 06:00:00+00:00,3,0x4bfc22a4da7f31f8a912a79a7e44a822398b4390,0x2f5e87c9312fa29aed5c179e456625d79015299c,WBTC / WETH 0.01%,WBTC / WETH 0.05%,pancakeswap-v3-arbitrum,uniswap_v3_arbitrum,70587.5743295594,70848.7578716057,37.00134825810775,354678.470949939
2026-03-21 07:00:00+00:00,3,0x4bfc22a4da7f31f8a912a79a7e44a822398b4390,0x2f5e87c9312fa29aed5c179e456625d79015299c,WBTC / WETH 0.01%,WBTC / WETH 0.05%,pancakeswap-v3-arbitrum,uniswap_v3_arbitrum,70563.8288867244,70685.4341134587,17.233365685060953,387315.6415877601
2026-03-21 08:00:00+00:00,3,0x4bfc22a4da7f31f8a912a79a7e44a822398b4390,0x2f5e87c9312fa29aed5c179e456625d79015299c,WBTC / WETH 0.01%,WBTC / WETH 0.05%,pancakeswap-v3-arbitrum,uniswap_v3_arbitrum,70462.8159841555,70507.9942690983,6.411649082114224,661100.7445152501
2026-03-21 09:00:00+00:00,3,0x960ea3e3c7fb317332d990873d354e18d7645590,0x4bfc22a4da7f31f8a912a79a7e44a822398b4390,USDT / WBTC / WETH,WBTC / WETH 0.01%,curve_arbitrum,pancakeswap-v3-arbitrum,70464.296534395,70512.5505309436,6.848006568125342,384117.858874246
2026-03-21 10:00:00+00:00,3,0x4bfc22a4da7f31f8a912a79a7e44a822398b4390,0x960ea3e3c7fb317332d990873d354e18d7645590,WBTC / WETH 0.01%,USDT / WBTC / WETH,pancakeswap-v3-arbitrum,curve_arbitrum,70442.3911773129,70462.2253659395,2.8156608961049656,178419.67109628077
2026-03-21 11:00:00+00:00,3,0x4bfc22a4da7f31f8a912a79a7e44a822398b4390,0x960ea3e3c7fb317332d990873d354e18d7645590,WBTC / WETH 0.01%,USDT / WBTC / WETH,pancakeswap-v3-arbitrum,curve_arbitrum,70472.0192109201,70535.0004555124,8.937056905351515,184385.2260995102
2026-03-21 12:00:00+00:00,3,0x4bfc22a4da7f31f8a912a79a7e44a822398b4390,0x960ea3e3c7fb317332d990873d354e18d7645590,WBTC / WETH 0.01%,USDT / WBTC / WETH,pancakeswap-v3-arbitrum,curve_arbitrum,70541.4205395586,70598.2718579346,8.059281758312498,225210.29154320256
2026-03-21 13:00:00+00:00,3,0x4bfc22a4da7f31f8a912a79a7e44a822398b4390,0x960ea3e3c7fb317332d990873d354e18d7645590,WBTC / WETH 0.01%,USDT / WBTC / WETH,pancakeswap-v3-arbitrum,curve_arbitrum,70542.0162629418,70598.2718579346,7.974764257248079,282758.8628954872
2026-03-21 14:00:00+00:00,3,0x4bfc22a4da7f31f8a912a79a7e44a822398b4390,0x2f5e87c9312fa29aed5c179e456625d79015299c,WBTC / WETH 0.01%,WBTC / WETH 0.05%,pancakeswap-v3-arbitrum,uniswap_v3_arbitrum,70429.6234539243,70538.5736493851,15.469370716154618,728001.7151742022
2026-03-21 15:00:00+00:00,3,0x960ea3e3c7fb317332d990873d354e18d7645590,0x2f5e87c9312fa29aed5c179e456625d79015299c,USDT / WBTC / WETH,WBTC / WETH 0.05%,curve_arbitrum,uniswap_v3_arbitrum,70462.9885065281,70495.8882026943,4.6690747672673005,596240.3073174848
2026-03-21 16:00:00+00:00,3,0x4bfc22a4da7f31f8a912a79a7e44a822398b4390,0x2f5e87c9312fa29aed5c179e456625d79015299c,WBTC / WETH 0.01%,WBTC / WETH 0.05%,pancakeswap-v3-arbitrum,uniswap_v3_arbitrum,70147.7371038514,70229.0246243153,11.588046004042951,366859.2181290324
2026-03-21 17:00:00+00:00,3,0x960ea3e3c7fb317332d990873d354e18d7645590,0x4bfc22a4da7f31f8a912a79a7e44a822398b4390,USDT / WBTC / WETH,WBTC / WETH 0.01%,curve_arbitrum,pancakeswap-v3-arbitrum,70141.7238306312,70198.3841209658,8.077972316649085,339347.8003186867
2026-03-21 18:00:00+00:00,3,0x4bfc22a4da7f31f8a912a79a7e44a822398b4390,0x960ea3e3c7fb317332d990873d354e18d7645590,WBTC / WETH 0.01%,USDT / WBTC / WETH,pancakeswap-v3-arbitrum,curve_arbitrum,70274.2726857573,70338.8269359462,9.18604315943039,278431.31478725787
2026-03-21 19:00:00+00:00,3,0x960ea3e3c7fb317332d990873d354e18d7645590,0x4bfc22a4da7f31f8a912a79a7e44a822398b4390,USDT / WBTC / WETH,WBTC / WETH 0.01%,curve_arbitrum,pancakeswap-v3-arbitrum,70174.8198344855,70265.9227657912,12.982282180498128,74544.72803507828
2026-03-21 20:00:00+00:00,3,0x960ea3e3c7fb317332d990873d354e18d7645590,0x4bfc22a4da7f31f8a912a79a7e44a822398b4390,USDT / WBTC / WETH,WBTC / WETH 0.01%,curve_arbitrum,pancakeswap-v3-arbitrum,70280.965148918,70335.2623653131,7.725735735137906,278052.05698037497
2026-03-21 21:00:00+00:00,3,0x960ea3e3c7fb317332d990873d354e18d7645590,0x2f5e87c9312fa29aed5c179e456625d79015299c,USDT / WBTC / WETH,WBTC / WETH 0.05%,curve_arbitrum,uniswap_v3_arbitrum,70194.8097598231,70211.9194725036,2.4374612224264958,501404.31901689054
2026-03-21 22:00:00+00:00,3,0x4bfc22a4da7f31f8a912a79a7e44a822398b4390,0x960ea3e3c7fb317332d990873d354e18d7645590,WBTC / WETH 0.01%,USDT / WBTC / WETH,pancakeswap-v3-arbitrum,curve_arbitrum,70146.660877585,70194.8097598231,6.864030537692134,328003.70270679554
2026-03-21 23:00:00+00:00,3,0x4bfc22a4da7f31f8a912a79a7e44a822398b4390,0x960ea3e3c7fb317332d990873d354e18d7645590,WBTC / WETH 0.01%,USDT / WBTC / WETH,pancakeswap-v3-arbitrum,curve_arbitrum,67870.7939931149,68830.6580005852,141.42519204470628,9538016.944961797
2026-03-22 00:00:00+00:00,3,0x2f5e87c9312fa29aed5c179e456625d79015299c,0x960ea3e3c7fb317332d990873d354e18d7645590,WBTC / WETH 0.05%,USDT / WBTC / WETH,uniswap_v3_arbitrum,curve_arbitrum,68739.4932686684,68914.2888105984,25.428692243454343,8819561.169323592
2026-03-22 01:00:00+00:00,3,0x960ea3e3c7fb317332d990873d354e18d7645590,0x4bfc22a4da7f31f8a912a79a7e44a822398b4390,USDT / WBTC / WETH,WBTC / WETH 0.01%,curve_arbitrum,pancakeswap-v3-arbitrum,68756.3797407478,68790.9576805973,5.029051846516808,1198887.0396035148
2026-03-22 02:00:00+00:00,3,0x960ea3e3c7fb317332d990873d354e18d7645590,0x4bfc22a4da7f31f8a912a79a7e44a822398b4390,USDT / WBTC / WETH,WBTC / WETH 0.01%,curve_arbitrum,pancakeswap-v3-arbitrum,68917.3475183575,69164.7590448035,35.89974590651357,1977213.016152395
2026-03-22 03:00:00+00:00,3,0x2f5e87c9312fa29aed5c179e456625d79015299c,0x960ea3e3c7fb317332d990873d354e18d7645590,WBTC / WETH 0.05%,USDT / WBTC / WETH,uniswap_v3_arbitrum,curve_arbitrum,69218.624622414,69270.5854675802,7.506772266805406,2920396.3680510432
2026-03-22 04:00:00+00:00,3,0x4bfc22a4da7f31f8a912a79a7e44a822398b4390,0x2f5e87c9312fa29aed5c179e456625d79015299c,WBTC / WETH 0.01%,WBTC / WETH 0.05%,pancakeswap-v3-arbitrum,uniswap_v3_arbitrum,69242.4991391686,69270.8198672538,4.090078844247724,3313366.3783395416
2026-03-22 05:00:00+00:00,3,0x960ea3e3c7fb317332d990873d354e18d7645590,0x2f5e87c9312fa29aed5c179e456625d79015299c,USDT / WBTC / WETH,WBTC / WETH 0.05%,curve_arbitrum,uniswap_v3_arbitrum,69043.2914558016,69079.1653070998,5.195848943724268,876174.8922896441
2026-03-22 06:00:00+00:00,3,0x4bfc22a4da7f31f8a912a79a7e44a822398b4390,0x960ea3e3c7fb317332d990873d354e18d7645590,WBTC / WETH 0.01%,USDT / WBTC / WETH,pancakeswap-v3-arbitrum,curve_arbitrum,68995.1647272035,69044.4755214537,7.146992755964199,869730.4269126966
2026-03-22 07:00:00+00:00,3,0x960ea3e3c7fb317332d990873d354e18d7645590,0x2f5e87c9312fa29aed5c179e456625d79015299c,USDT / WBTC / WETH,WBTC / WETH 0.05%,curve_arbitrum,uniswap_v3_arbitrum,68832.7486518116,68912.5691362082,11.596294781188732,2468857.1778195477
2026-03-22 08:00:00+00:00,3,0x960ea3e3c7fb317332d990873d354e18d7645590,0x2f5e87c9312fa29aed5c179e456625d79015299c,USDT / WBTC / WETH,WBTC / WETH 0.05%,curve_arbitrum,uniswap_v3_arbitrum,68558.3724475921,68624.1163314427,9.58947558167944,3942530.9318565796
2026-03-22 09:00:00+00:00,3,0x960ea3e3c7fb317332d990873d354e18d7645590,0x4bfc22a4da7f31f8a912a79a7e44a822398b4390,USDT / WBTC / WETH,WBTC / WETH 0.01%,curve_arbitrum,pancakeswap-v3-arbitrum,68616.8719497837,68672.3602418841,8.086683424013419,2414505.240244459
2026-03-22 10:00:00+00:00,3,0x2f5e87c9312fa29aed5c179e456625d79015299c,0x960ea3e3c7fb317332d990873d354e18d7645590,WBTC / WETH 0.05%,USDT / WBTC / WETH,uniswap_v3_arbitrum,curve_arbitrum,68492.0784911571,68616.8719497837,18.22013017793278,720182.9449105397
2026-03-22 11:00:00+00:00,3,0x4bfc22a4da7f31f8a912a79a7e44a822398b4390,0x2f5e87c9312fa29aed5c179e456625d79015299c,WBTC / WETH 0.01%,WBTC / WETH 0.05%,pancakeswap-v3-arbitrum,uniswap_v3_arbitrum,68070.2262822866,68122.0391161558,7.611673517040618,1801698.6422979063
2026-03-22 12:00:00+00:00,3,0x2f5e87c9312fa29aed5c179e456625d79015299c,0x4bfc22a4da7f31f8a912a79a7e44a822398b4390,WBTC / WETH 0.05%,WBTC / WETH 0.01%,uniswap_v3_arbitrum,pancakeswap-v3-arbitrum,68459.2134936655,68512.8522305642,7.835137764715672,1319561.1353243177
2026-03-22 13:00:00+00:00,3,0x960ea3e3c7fb317332d990873d354e18d7645590,0x2f5e87c9312fa29aed5c179e456625d79015299c,USDT / WBTC / WETH,WBTC / WETH 0.05%,curve_arbitrum,uniswap_v3_arbitrum,68502.1198878103,68603.9653851481,14.867495707373557,1077458.31324631
2026-03-22 14:00:00+00:00,3,0x4bfc22a4da7f31f8a912a79a7e44a822398b4390,0x960ea3e3c7fb317332d990873d354e18d7645590,WBTC / WETH 0.01%,USDT / WBTC / WETH,pancakeswap-v3-arbitrum,curve_arbitrum,68572.0319667966,68691.7646748068,17.46086627098631,932496.9242781642
2026-03-22 15:00:00+00:00,3,0x960ea3e3c7fb317332d990873d354e18d7645590,0x2f5e87c9312fa29aed5c179e456625d79015299c,USDT / WBTC / WETH,WBTC / WETH 0.05%,curve_arbitrum,uniswap_v3_arbitrum,68560.9758920522,68692.9182132582,19.244522046149015,896766.2275596822
2026-03-22 16:00:00+00:00,3,0x4bfc22a4da7f31f8a912a79a7e44a822398b4390,0x2f5e87c9312fa29aed5c179e456625d79015299c,WBTC / WETH 0.01%,WBTC / WETH 0.05%,pancakeswap-v3-arbitrum,uniswap_v3_arbitrum,68658.7920346983,68698.5308196301,5.787865436333028,279668.297953086
2026-03-22 17:00:00+00:00,3,0x2f5e87c9312fa29aed5c179e456625d79015299c,0x960ea3e3c7fb317332d990873d354e18d7645590,WBTC / WETH 0.05%,USDT / WBTC / WETH,uniswap_v3_arbitrum,curve_arbitrum,68565.7002699932,68602.8791201177,5.422368615515261,306243.51919099054
2026-03-22 18:00:00+00:00,3,0x4bfc22a4da7f31f8a912a79a7e44a822398b4390,0x960ea3e3c7fb317332d990873d354e18d7645590,WBTC / WETH 0.01%,USDT / WBTC / WETH,pancakeswap-v3-arbitrum,curve_arbitrum,68389.7778050894,68517.0804466206,18.614279153532642,2022588.620318682
2026-03-22 19:00:00+00:00,3,0x2f5e87c9312fa29aed5c179e456625d79015299c,0x960ea3e3c7fb317332d990873d354e18d7645590,WBTC / WETH 0.05%,USDT / WBTC / WETH,uniswap_v3_arbitrum,curve_arbitrum,68021.2480897007,68178.3215331762,23.09182026009937,2322680.4759476176
2026-03-22 20:00:00+00:00,3,0x2f5e87c9312fa29aed5c179e456625d79015299c,0x960ea3e3c7fb317332d990873d354e18d7645590,WBTC / WETH 0.05%,USDT / WBTC / WETH,uniswap_v3_arbitrum,curve_arbitrum,68017.6046779234,68147.3924028563,19.081490085908204,1044483.2197335019
2026-03-22 21:00:00+00:00,3,0x960ea3e3c7fb317332d990873d354e18d7645590,0x4bfc22a4da7f31f8a912a79a7e44a822398b4390,USDT / WBTC / WETH,WBTC / WETH 0.01%,curve_arbitrum,pancakeswap-v3-arbitrum,67543.2048402805,67689.3864649429,21.64268411723791,6428461.8615327915
2026-03-22 22:00:00+00:00,3,0x960ea3e3c7fb317332d990873d354e18d7645590,0x2f5e87c9312fa29aed5c179e456625d79015299c,USDT / WBTC / WETH,WBTC / WETH 0.05%,curve_arbitrum,uniswap_v3_arbitrum,68139.4952073405,68189.9930877389,7.410956046083328,3177599.4632685245
2026-03-22 23:00:00+00:00,3,0x2f5e87c9312fa29aed5c179e456625d79015299c,0x960ea3e3c7fb317332d990873d354e18d7645590,WBTC / WETH 0.05%,USDT / WBTC / WETH,uniswap_v3_arbitrum,curve_arbitrum,67698.0546760768,67703.1232359462,0.7487009624784768,2479026.4628900187
2026-03-23 00:00:00+00:00,3,0x960ea3e3c7fb317332d990873d354e18d7645590,0x4bfc22a4da7f31f8a912a79a7e44a822398b4390,USDT / WBTC / WETH,WBTC / WETH 0.01%,curve_arbitrum,pancakeswap-v3-arbitrum,67443.2855448699,67564.2617426414,17.93747098679299,3780663.283828774
2026-03-23 01:00:00+00:00,3,0x960ea3e3c7fb317332d990873d354e18d7645590,0x4bfc22a4da7f31f8a912a79a7e44a822398b4390,USDT / WBTC / WETH,WBTC / WETH 0.01%,curve_arbitrum,pancakeswap-v3-arbitrum,67795.6245132787,67809.4528116438,2.039703662939374,2422397.5017613857
2026-03-23 02:00:00+00:00,3,0x2f5e87c9312fa29aed5c179e456625d79015299c,0x960ea3e3c7fb317332d990873d354e18d7645590,WBTC / WETH 0.05%,USDT / WBTC / WETH,uniswap_v3_arbitrum,curve_arbitrum,68053.9225619327,68125.0791658324,10.455915136255989,3198032.0987382866
2026-03-23 03:00:00+00:00,3,0x4bfc22a4da7f31f8a912a79a7e44a822398b4390,0x2f5e87c9312fa29aed5c179e456625d79015299c,WBTC / WETH 0.01%,WBTC / WETH 0.05%,pancakeswap-v3-arbitrum,uniswap_v3_arbitrum,67917.204248527,68059.6390697659,20.97183222054877,1008639.7332780821
2026-03-23 04:00:00+00:00,3,0x960ea3e3c7fb317332d990873d354e18d7645590,0x4bfc22a4da7f31f8a912a79a7e44a822398b4390,USDT / WBTC / WETH,WBTC / WETH 0.01%,curve_arbitrum,pancakeswap-v3-arbitrum,68287.7404823951,68303.2071946837,2.2649325016965705,920068.4932042919
2026-03-23 05:00:00+00:00,3,0x960ea3e3c7fb317332d990873d354e18d7645590,0x4bfc22a4da7f31f8a912a79a7e44a822398b4390,USDT / WBTC / WETH,WBTC / WETH 0.01%,curve_arbitrum,pancakeswap-v3-arbitrum,68566.691787632,68668.0326964985,14.779903510642178,1187850.9220222896
2026-03-23 06:00:00+00:00,3,0x4bfc22a4da7f31f8a912a79a7e44a822398b4390,0x2f5e87c9312fa29aed5c179e456625d79015299c,WBTC / WETH 0.01%,WBTC / WETH 0.05%,pancakeswap-v3-arbitrum,uniswap_v3_arbitrum,67646.3000935191,67736.841478256,13.38452873427487,2724307.247103148
2026-03-23 07:00:00+00:00,3,0x4bfc22a4da7f31f8a912a79a7e44a822398b4390,0x2f5e87c9312fa29aed5c179e456625d79015299c,WBTC / WETH 0.01%,WBTC / WETH 0.05%,pancakeswap-v3-arbitrum,uniswap_v3_arbitrum,68142.8494807884,68225.4727474972,12.125009056467295,2583626.011849426
2026-03-23 08:00:00+00:00,3,0x960ea3e3c7fb317332d990873d354e18d7645590,0x4bfc22a4da7f31f8a912a79a7e44a822398b4390,USDT / WBTC / WETH,WBTC / WETH 0.01%,curve_arbitrum,pancakeswap-v3-arbitrum,68186.0922295846,68265.5972011553,11.659998244657466,2014440.5613561103
2026-03-23 09:00:00+00:00,3,0x4bfc22a4da7f31f8a912a79a7e44a822398b4390,0x960ea3e3c7fb317332d990873d354e18d7645590,WBTC / WETH 0.01%,USDT / WBTC / WETH,pancakeswap-v3-arbitrum,curve_arbitrum,68066.2241120212,68102.1215417939,5.273897625586166,1466945.809715963
2026-03-23 10:00:00+00:00,3,0x2f5e87c9312fa29aed5c179e456625d79015299c,0x4bfc22a4da7f31f8a912a79a7e44a822398b4390,WBTC / WETH 0.05%,WBTC / WETH 0.01%,uniswap_v3_arbitrum,pancakeswap-v3-arbitrum,68284.2057957029,68349.6570394166,9.585121910844485,607854.6164740243
2026-03-23 11:00:00+00:00,3,0x4bfc22a4da7f31f8a912a79a7e44a822398b4390,0x960ea3e3c7fb317332d990873d354e18d7645590,WBTC / WETH 0.01%,USDT / WBTC / WETH,pancakeswap-v3-arbitrum,curve_arbitrum,70028.188435597,70212.8130160641,26.364323366283582,64208351.4337696
2026-03-23 12:00:00+00:00,3,0x960ea3e3c7fb317332d990873d354e18d7645590,0x2f5e87c9312fa29aed5c179e456625d79015299c,USDT / WBTC / WETH,WBTC / WETH 0.05%,curve_arbitrum,uniswap_v3_arbitrum,70423.1554026608,70485.5581157663,8.861107223709919,10595136.318146134
2026-03-23 13:00:00+00:00,3,0x960ea3e3c7fb317332d990873d354e18d7645590,0x2f5e87c9312fa29aed5c179e456625d79015299c,USDT / WBTC / WETH,WBTC / WETH 0.05%,curve_arbitrum,uniswap_v3_arbitrum,70938.7773208667,71191.0423978521,35.560956434921295,7697204.933893782
2026-03-23 14:00:00+00:00,3,0x960ea3e3c7fb317332d990873d354e18d7645590,0x4bfc22a4da7f31f8a912a79a7e44a822398b4390,USDT / WBTC / WETH,WBTC / WETH 0.01%,curve_arbitrum,pancakeswap-v3-arbitrum,71168.8510252032,71253.1653204747,11.847078329485505,4700210.279648983
2026-03-23 15:00:00+00:00,3,0x2f5e87c9312fa29aed5c179e456625d79015299c,0x960ea3e3c7fb317332d990873d354e18d7645590,WBTC / WETH 0.05%,USDT / WBTC / WETH,uniswap_v3_arbitrum,curve_arbitrum,69948.5433388989,70178.7535956194,32.91137252210419,5478515.122850222
2026-03-23 16:00:00+00:00,3,0x4bfc22a4da7f31f8a912a79a7e44a822398b4390,0x960ea3e3c7fb317332d990873d354e18d7645590,WBTC / WETH 0.01%,USDT / WBTC / WETH,pancakeswap-v3-arbitrum,curve_arbitrum,70322.1057849009,70423.5689366848,14.428343783425834,5432621.234443148
2026-03-23 17:00:00+00:00,3,0x4bfc22a4da7f31f8a912a79a7e44a822398b4390,0x2f5e87c9312fa29aed5c179e456625d79015299c,WBTC / WETH 0.01%,WBTC / WETH 0.05%,pancakeswap-v3-arbitrum,uniswap_v3_arbitrum,70893.7524523911,71027.4069384883,18.85278765388465,3744191.872692422
2026-03-23 18:00:00+00:00,3,0x2f5e87c9312fa29aed5c179e456625d79015299c,0x960ea3e3c7fb317332d990873d354e18d7645590,WBTC / WETH 0.05%,USDT / WBTC / WETH,uniswap_v3_arbitrum,curve_arbitrum,70833.1118486447,70985.8301950116,21.560304549832487,4387685.06602487
2026-03-23 19:00:00+00:00,3,0x2f5e87c9312fa29aed5c179e456625d79015299c,0x960ea3e3c7fb317332d990873d354e18d7645590,WBTC / WETH 0.05%,USDT / WBTC / WETH,uniswap_v3_arbitrum,curve_arbitrum,70496.7610184865,70592.390625959,13.565106551125528,3365331.069497199
2026-03-23 20:00:00+00:00,3,0x4bfc22a4da7f31f8a912a79a7e44a822398b4390,0x960ea3e3c7fb317332d990873d354e18d7645590,WBTC / WETH 0.01%,USDT / WBTC / WETH,pancakeswap-v3-arbitrum,curve_arbitrum,70757.3521488364,70805.9641626249,6.870242075516231,978441.6557622413
2026-03-23 21:00:00+00:00,3,0x960ea3e3c7fb317332d990873d354e18d7645590,0x2f5e87c9312fa29aed5c179e456625d79015299c,USDT / WBTC / WETH,WBTC / WETH 0.05%,curve_arbitrum,uniswap_v3_arbitrum,70765.1268090418,70789.0409191562,3.379363705364735,1173206.1266836019
2026-03-23 22:00:00+00:00,3,0x960ea3e3c7fb317332d990873d354e18d7645590,0x4bfc22a4da7f31f8a912a79a7e44a822398b4390,USDT / WBTC / WETH,WBTC / WETH 0.01%,curve_arbitrum,pancakeswap-v3-arbitrum,70534.8157226096,70608.0648117388,10.38481328387908,1114311.6627214553
2026-03-23 23:00:00+00:00,3,0x2f5e87c9312fa29aed5c179e456625d79015299c,0x4bfc22a4da7f31f8a912a79a7e44a822398b4390,WBTC / WETH 0.05%,WBTC / WETH 0.01%,uniswap_v3_arbitrum,pancakeswap-v3-arbitrum,70579.4326942848,70689.5488524297,15.601734661407907,1344424.4980609417
2026-03-24 00:00:00+00:00,3,0x4bfc22a4da7f31f8a912a79a7e44a822398b4390,0x2f5e87c9312fa29aed5c179e456625d79015299c,WBTC / WETH 0.01%,WBTC / WETH 0.05%,pancakeswap-v3-arbitrum,uniswap_v3_arbitrum,70537.0129107552,70552.6331442464,2.214473344790413,2858024.975615738
2026-03-24 01:00:00+00:00,3,0x2f5e87c9312fa29aed5c179e456625d79015299c,0x4bfc22a4da7f31f8a912a79a7e44a822398b4390,WBTC / WETH 0.05%,WBTC / WETH 0.01%,uniswap_v3_arbitrum,pancakeswap-v3-arbitrum,70256.3868462596,70331.8385071426,10.739473558198931,2095318.1006769491
2026-03-24 02:00:00+00:00,3,0x4bfc22a4da7f31f8a912a79a7e44a822398b4390,0x2f5e87c9312fa29aed5c179e456625d79015299c,WBTC / WETH 0.01%,WBTC / WETH 0.05%,pancakeswap-v3-arbitrum,uniswap_v3_arbitrum,70287.0588338443,70300.9618914259,1.9780394587942673,1441137.1067715725
2026-03-24 03:00:00+00:00,3,0x960ea3e3c7fb317332d990873d354e18d7645590,0x2f5e87c9312fa29aed5c179e456625d79015299c,USDT / WBTC / WETH,WBTC / WETH 0.05%,curve_arbitrum,uniswap_v3_arbitrum,70257.3374295318,70415.1782370942,22.466095832438526,1336555.0639632957
2026-03-24 04:00:00+00:00,3,0x2f5e87c9312fa29aed5c179e456625d79015299c,0x960ea3e3c7fb317332d990873d354e18d7645590,WBTC / WETH 0.05%,USDT / WBTC / WETH,uniswap_v3_arbitrum,curve_arbitrum,70118.4990412575,70239.1494850651,17.206649522918394,1397987.692278258
2026-03-24 05:00:00+00:00,3,0x4bfc22a4da7f31f8a912a79a7e44a822398b4390,0x960ea3e3c7fb317332d990873d354e18d7645590,WBTC / WETH 0.01%,USDT / WBTC / WETH,pancakeswap-v3-arbitrum,curve_arbitrum,70105.8670654001,70173.2031495661,9.604914251069019,1129997.2969512595
2026-03-24 06:00:00+00:00,3,0x2f5e87c9312fa29aed5c179e456625d79015299c,0x4bfc22a4da7f31f8a912a79a7e44a822398b4390,WBTC / WETH 0.05%,WBTC / WETH 0.01%,uniswap_v3_arbitrum,pancakeswap-v3-arbitrum,70285.5623357628,70319.2841691203,4.797832191538731,656280.299149417
2026-03-24 07:00:00+00:00,3,0x960ea3e3c7fb317332d990873d354e18d7645590,0x2f5e87c9312fa29aed5c179e456625d79015299c,USDT / WBTC / WETH,WBTC / WETH 0.05%,curve_arbitrum,uniswap_v3_arbitrum,71067.4818472419,71130.4095690419,8.854643525328942,4689594.015456585
2026-03-24 08:00:00+00:00,3,0x2f5e87c9312fa29aed5c179e456625d79015299c,0x960ea3e3c7fb317332d990873d354e18d7645590,WBTC / WETH 0.05%,USDT / WBTC / WETH,uniswap_v3_arbitrum,curve_arbitrum,70759.0091614399,70917.7459395879,22.433437102804543,2181818.262727888
2026-03-24 09:00:00+00:00,3,0x2f5e87c9312fa29aed5c179e456625d79015299c,0x4bfc22a4da7f31f8a912a79a7e44a822398b4390,WBTC / WETH 0.05%,WBTC / WETH 0.01%,uniswap_v3_arbitrum,pancakeswap-v3-arbitrum,71045.2624672874,71126.8711241206,11.48685415452988,1412697.3758649216
2026-03-24 10:00:00+00:00,3,0x2f5e87c9312fa29aed5c179e456625d79015299c,0x4bfc22a4da7f31f8a912a79a7e44a822398b4390,WBTC / WETH 0.05%,WBTC / WETH 0.01%,uniswap_v3_arbitrum,pancakeswap-v3-arbitrum,70972.0831495287,71062.6836671581,12.76565567879917,422492.2042587086
2026-03-24 11:00:00+00:00,3,0x960ea3e3c7fb317332d990873d354e18d7645590,0x2f5e87c9312fa29aed5c179e456625d79015299c,USDT / WBTC / WETH,WBTC / WETH 0.05%,curve_arbitrum,uniswap_v3_arbitrum,70822.1393330069,70928.430996895,15.008253759225543,2816765.2233078834
2026-03-24 12:00:00+00:00,3,0x2f5e87c9312fa29aed5c179e456625d79015299c,0x4bfc22a4da7f31f8a912a79a7e44a822398b4390,WBTC / WETH 0.05%,WBTC / WETH 0.01%,uniswap_v3_arbitrum,pancakeswap-v3-arbitrum,70740.0623482045,70814.7732020281,10.561321455420103,1151474.5711448116
2026-03-24 13:00:00+00:00,3,0x4bfc22a4da7f31f8a912a79a7e44a822398b4390,0x2f5e87c9312fa29aed5c179e456625d79015299c,WBTC / WETH 0.01%,WBTC / WETH 0.05%,pancakeswap-v3-arbitrum,uniswap_v3_arbitrum,69939.2069130223,70049.1929999991,15.725955702297068,4249574.1561137615
2026-03-24 14:00:00+00:00,3,0x2f5e87c9312fa29aed5c179e456625d79015299c,0x960ea3e3c7fb317332d990873d354e18d7645590,WBTC / WETH 0.05%,USDT / WBTC / WETH,uniswap_v3_arbitrum,curve_arbitrum,69781.0704192779,69844.8601107466,9.141403404306914,3605226.8052626587
2026-03-24 15:00:00+00:00,3,0x2f5e87c9312fa29aed5c179e456625d79015299c,0x960ea3e3c7fb317332d990873d354e18d7645590,WBTC / WETH 0.05%,USDT / WBTC / WETH,uniswap_v3_arbitrum,curve_arbitrum,69686.9286176946,69778.0692414224,13.078582387782145,1474846.2373181246
