timestamp,market_slug,reference_price_usd,predicted_return_1h_bps,predicted_price_1h,predicted_return_4h_bps,predicted_price_4h,predicted_return_24h_bps,predicted_price_24h,prediction_source,prediction_notes
2026-03-16 08:00:00+00:00,optimism_wbtc_weth,73040.4331589703,,,,,,,,
2026-03-16 09:00:00+00:00,optimism_wbtc_weth,72946.410259198,,,,,,,,
2026-03-16 10:00:00+00:00,optimism_wbtc_weth,73143.2266246735,,,,,,,,
2026-03-16 11:00:00+00:00,optimism_wbtc_weth,73143.2266246735,,,,,,,,
2026-03-16 12:00:00+00:00,optimism_wbtc_weth,73615.9723991916,,,,,,,,
2026-03-16 13:00:00+00:00,optimism_wbtc_weth,74020.340398938,,,,,,,,
2026-03-16 14:00:00+00:00,optimism_wbtc_weth,73222.1981864203,,,,,,,,
2026-03-16 15:00:00+00:00,optimism_wbtc_weth,73214.197578113,,,,,,,,
2026-03-16 16:00:00+00:00,optimism_wbtc_weth,73583.4478047444,,,,,,,,
2026-03-16 17:00:00+00:00,optimism_wbtc_weth,73697.6303646967,,,,,,,,
2026-03-16 18:00:00+00:00,optimism_wbtc_weth,74000.7278385799,,,,,,,,
2026-03-16 19:00:00+00:00,optimism_wbtc_weth,73725.0436751698,,,,,,,,
2026-03-16 20:00:00+00:00,optimism_wbtc_weth,73946.053224863,,,,,,,,
2026-03-16 21:00:00+00:00,optimism_wbtc_weth,74084.9532221192,,,,,,,,
2026-03-16 22:00:00+00:00,optimism_wbtc_weth,74547.1577542736,,,,,,,,
2026-03-16 23:00:00+00:00,optimism_wbtc_weth,74397.4114557754,,,,,,,,
2026-03-17 00:00:00+00:00,optimism_wbtc_weth,74896.3887347319,,,,,,,,
2026-03-17 01:00:00+00:00,optimism_wbtc_weth,75701.9602517667,,,,,,,,
2026-03-17 02:00:00+00:00,optimism_wbtc_weth,75034.7398818179,,,,,,,,
2026-03-17 03:00:00+00:00,optimism_wbtc_weth,74179.6053770172,,,,,,,,
2026-03-17 04:00:00+00:00,optimism_wbtc_weth,74177.8708146452,,,,,,,,
2026-03-17 05:00:00+00:00,optimism_wbtc_weth,74177.8708146452,,,,,,,,
2026-03-17 06:00:00+00:00,optimism_wbtc_weth,73993.7907232948,,,,,,,,
2026-03-17 07:00:00+00:00,optimism_wbtc_weth,74022.8825986136,,,,,,,,
2026-03-17 08:00:00+00:00,optimism_wbtc_weth,74231.5563937128,,,,,,,,
2026-03-17 09:00:00+00:00,optimism_wbtc_weth,73861.7336349237,,,,,,,,
2026-03-17 10:00:00+00:00,optimism_wbtc_weth,73564.1132688971,,,,,,,,
2026-03-17 11:00:00+00:00,optimism_wbtc_weth,73754.7194594156,,,,,,,,
2026-03-17 12:00:00+00:00,optimism_wbtc_weth,73713.3749251443,,,,,,,,
2026-03-17 13:00:00+00:00,optimism_wbtc_weth,73268.9443485372,,,,,,,,
2026-03-17 14:00:00+00:00,optimism_wbtc_weth,74165.9849732031,,,,,,,,
2026-03-17 15:00:00+00:00,optimism_wbtc_weth,73801.6529116228,,,,,,,,
2026-03-17 16:00:00+00:00,optimism_wbtc_weth,73962.0677864431,,,,,,,,
2026-03-17 17:00:00+00:00,optimism_wbtc_weth,74103.8316934639,,,,,,,,
2026-03-17 18:00:00+00:00,optimism_wbtc_weth,74523.3391587254,,,,,,,,
2026-03-17 19:00:00+00:00,optimism_wbtc_weth,74293.5590263505,,,,,,,,
2026-03-17 20:00:00+00:00,optimism_wbtc_weth,74293.5590263505,,,,,,,,
2026-03-17 21:00:00+00:00,optimism_wbtc_weth,74267.8767517583,,,,,,,,
2026-03-17 22:00:00+00:00,optimism_wbtc_weth,73779.4416237684,,,,,,,,
2026-03-17 23:00:00+00:00,optimism_wbtc_weth,73924.1559953121,,,,,,,,
2026-03-18 00:00:00+00:00,optimism_wbtc_weth,73707.2680885428,,,,,,,,
2026-03-18 01:00:00+00:00,optimism_wbtc_weth,73756.7450007932,,,,,,,,
2026-03-18 02:00:00+00:00,optimism_wbtc_weth,73756.7450007932,,,,,,,,
2026-03-18 03:00:00+00:00,optimism_wbtc_weth,73756.7450007932,,,,,,,,
2026-03-18 04:00:00+00:00,optimism_wbtc_weth,74014.8344884109,,,,,,,,
2026-03-18 05:00:00+00:00,optimism_wbtc_weth,73731.557392081,,,,,,,,
2026-03-18 06:00:00+00:00,optimism_wbtc_weth,73829.8566252601,,,,,,,,
2026-03-18 07:00:00+00:00,optimism_wbtc_weth,73746.1077465076,,,,,,,,
2026-03-18 08:00:00+00:00,optimism_wbtc_weth,73839.5685776698,,,,,,,,
2026-03-18 09:00:00+00:00,optimism_wbtc_weth,73890.7016726194,,,,,,,,
2026-03-18 10:00:00+00:00,optimism_wbtc_weth,73680.2449141115,,,,,,,,
2026-03-18 11:00:00+00:00,optimism_wbtc_weth,72764.2440106635,,,,,,,,
2026-03-18 12:00:00+00:00,optimism_wbtc_weth,72333.9495569738,,,,,,,,
2026-03-18 13:00:00+00:00,optimism_wbtc_weth,72263.3920911571,,,,,,,,
2026-03-18 14:00:00+00:00,optimism_wbtc_weth,71295.1221236145,,,,,,,,
2026-03-18 15:00:00+00:00,optimism_wbtc_weth,71000.0784159702,,,,,,,,
2026-03-18 16:00:00+00:00,optimism_wbtc_weth,71027.8756482077,,,,,,,,
2026-03-18 17:00:00+00:00,optimism_wbtc_weth,71210.4197828264,,,,,,,,
2026-03-18 18:00:00+00:00,optimism_wbtc_weth,71103.9293511867,,,,,,,,
2026-03-18 19:00:00+00:00,optimism_wbtc_weth,70851.1961070937,,,,,,,,
2026-03-18 20:00:00+00:00,optimism_wbtc_weth,70700.5261853007,,,,,,,,
2026-03-18 21:00:00+00:00,optimism_wbtc_weth,71086.1478505995,,,,,,,,
2026-03-18 22:00:00+00:00,optimism_wbtc_weth,71077.7416204166,,,,,,,,
2026-03-18 23:00:00+00:00,optimism_wbtc_weth,71086.1478505995,,,,,,,,
2026-03-19 00:00:00+00:00,optimism_wbtc_weth,70979.1665517186,,,,,,,,
2026-03-19 01:00:00+00:00,optimism_wbtc_weth,70966.5480259018,,,,,,,,
2026-03-19 02:00:00+00:00,optimism_wbtc_weth,70897.8845457597,,,,,,,,
2026-03-19 03:00:00+00:00,optimism_wbtc_weth,71144.3160564373,,,,,,,,
2026-03-19 04:00:00+00:00,optimism_wbtc_weth,70667.1514394529,,,,,,,,
2026-03-19 05:00:00+00:00,optimism_wbtc_weth,70657.4124503379,,,,,,,,
2026-03-19 06:00:00+00:00,optimism_wbtc_weth,70722.69310192,,,,,,,,
2026-03-19 07:00:00+00:00,optimism_wbtc_weth,69454.4150021097,,,,,,,,
2026-03-19 08:00:00+00:00,optimism_wbtc_weth,69819.6609783645,,,,,,,,
2026-03-19 09:00:00+00:00,optimism_wbtc_weth,70230.4492930654,,,,,,,,
2026-03-19 10:00:00+00:00,optimism_wbtc_weth,70279.545711182,,,,,,,,
2026-03-19 11:00:00+00:00,optimism_wbtc_weth,69776.4124671738,,,,,,,,
2026-03-19 12:00:00+00:00,optimism_wbtc_weth,69098.6287145926,,,,,,,,
2026-03-19 13:00:00+00:00,optimism_wbtc_weth,69356.4598117405,,,,,,,,
2026-03-19 14:00:00+00:00,optimism_wbtc_weth,69079.3263060985,,,,,,,,
2026-03-19 15:00:00+00:00,optimism_wbtc_weth,69200.055551283,,,,,,,,
2026-03-19 16:00:00+00:00,optimism_wbtc_weth,69132.5475004686,,,,,,,,
2026-03-19 17:00:00+00:00,optimism_wbtc_weth,69263.9653726911,,,,,,,,
2026-03-19 18:00:00+00:00,optimism_wbtc_weth,69263.9653726911,,,,,,,,
2026-03-19 19:00:00+00:00,optimism_wbtc_weth,69922.2466698485,,,,,,,,
2026-03-19 20:00:00+00:00,optimism_wbtc_weth,70158.9135237796,,,,,,,,
2026-03-19 21:00:00+00:00,optimism_wbtc_weth,70108.9966794452,,,,,,,,
2026-03-19 22:00:00+00:00,optimism_wbtc_weth,70105.3175501487,,,,,,,,
2026-03-19 23:00:00+00:00,optimism_wbtc_weth,70105.3175501487,,,,,,,,
2026-03-20 00:00:00+00:00,optimism_wbtc_weth,69787.3193841612,,,,,,,,
2026-03-20 01:00:00+00:00,optimism_wbtc_weth,70172.7224062646,,,,,,,,
2026-03-20 02:00:00+00:00,optimism_wbtc_weth,69906.7447124219,,,,,,,,
2026-03-20 03:00:00+00:00,optimism_wbtc_weth,70433.0233682154,,,,,,,,
2026-03-20 04:00:00+00:00,optimism_wbtc_weth,70299.6475229705,,,,,,,,
2026-03-20 05:00:00+00:00,optimism_wbtc_weth,70355.2428801914,,,,,,,,
2026-03-20 06:00:00+00:00,optimism_wbtc_weth,70355.2428801914,,,,,,,,
2026-03-20 07:00:00+00:00,optimism_wbtc_weth,70100.6260203216,,,,,,,,
2026-03-20 08:00:00+00:00,optimism_wbtc_weth,70816.5019244543,,,,,,,,
2026-03-20 09:00:00+00:00,optimism_wbtc_weth,70278.1493153431,,,,,,,,
2026-03-20 10:00:00+00:00,optimism_wbtc_weth,70243.8660467669,,,,,,,,
2026-03-20 11:00:00+00:00,optimism_wbtc_weth,70316.8374008547,,,,,,,,
2026-03-20 12:00:00+00:00,optimism_wbtc_weth,70316.8374008547,,,,,,,,
2026-03-20 13:00:00+00:00,optimism_wbtc_weth,69771.4392754816,,,,,,,,
2026-03-20 14:00:00+00:00,optimism_wbtc_weth,69796.9520277664,,,,,,,,
2026-03-20 15:00:00+00:00,optimism_wbtc_weth,69796.9520277664,,,,,,,,
2026-03-20 16:00:00+00:00,optimism_wbtc_weth,69582.9259206218,,,,,,,,
2026-03-20 17:00:00+00:00,optimism_wbtc_weth,69582.9259206218,,,,,,,,
2026-03-20 18:00:00+00:00,optimism_wbtc_weth,69497.3978043242,,,,,,,,
2026-03-20 19:00:00+00:00,optimism_wbtc_weth,69532.6445848547,,,,,,,,
2026-03-20 20:00:00+00:00,optimism_wbtc_weth,69532.6445848547,,,,,,,,
2026-03-20 21:00:00+00:00,optimism_wbtc_weth,70203.0956790125,,,,,,,,
2026-03-20 22:00:00+00:00,optimism_wbtc_weth,70302.6607443293,,,,,,,,
2026-03-20 23:00:00+00:00,optimism_wbtc_weth,70328.6073012855,,,,,,,,
2026-03-21 00:00:00+00:00,optimism_wbtc_weth,70379.3756657096,,,,,,,,
2026-03-21 01:00:00+00:00,optimism_wbtc_weth,70279.5970513219,,,,,,,,
2026-03-21 02:00:00+00:00,optimism_wbtc_weth,70475.803131873,,,,,,,,
2026-03-21 03:00:00+00:00,optimism_wbtc_weth,70394.2234319448,,,,,,,,
2026-03-21 04:00:00+00:00,optimism_wbtc_weth,70459.1722006439,,,,,,,,
2026-03-21 05:00:00+00:00,optimism_wbtc_weth,70451.2545754181,,,,,,,,
2026-03-21 06:00:00+00:00,optimism_wbtc_weth,70498.3322781269,,,,,,,,
2026-03-21 07:00:00+00:00,optimism_wbtc_weth,70503.9902345732,,,,,,,,
2026-03-21 08:00:00+00:00,optimism_wbtc_weth,70339.3567379992,,,,,,,,
2026-03-21 09:00:00+00:00,optimism_wbtc_weth,70407.5273999407,,,,,,,,
2026-03-21 10:00:00+00:00,optimism_wbtc_weth,70332.0490794201,,,,,,,,
2026-03-21 11:00:00+00:00,optimism_wbtc_weth,70378.7692346425,,,,,,,,
2026-03-21 12:00:00+00:00,optimism_wbtc_weth,70479.1990094568,,,,,,,,
2026-03-21 13:00:00+00:00,optimism_wbtc_weth,70472.3012994361,,,,,,,,
2026-03-21 14:00:00+00:00,optimism_wbtc_weth,70436.6456155804,,,,,,,,
2026-03-21 15:00:00+00:00,optimism_wbtc_weth,70415.6374738064,,,,,,,,
2026-03-21 16:00:00+00:00,optimism_wbtc_weth,70219.6302157521,,,,,,,,
2026-03-21 17:00:00+00:00,optimism_wbtc_weth,70219.6302157521,,,,,,,,
2026-03-21 18:00:00+00:00,optimism_wbtc_weth,70219.6302157521,,,,,,,,
2026-03-21 19:00:00+00:00,optimism_wbtc_weth,70166.1776001915,,,,,,,,
2026-03-21 20:00:00+00:00,optimism_wbtc_weth,70218.6065323831,,,,,,,,
2026-03-21 21:00:00+00:00,optimism_wbtc_weth,70121.7557870845,,,,,,,,
2026-03-21 22:00:00+00:00,optimism_wbtc_weth,70117.2687079876,,,,,,,,
2026-03-21 23:00:00+00:00,optimism_wbtc_weth,68744.9871349624,,,,,,,,
2026-03-22 00:00:00+00:00,optimism_wbtc_weth,68704.5791219753,,,,,,,,
2026-03-22 01:00:00+00:00,optimism_wbtc_weth,68722.1000650886,,,,,,,,
2026-03-22 02:00:00+00:00,optimism_wbtc_weth,68967.7133331022,,,,,,,,
2026-03-22 03:00:00+00:00,optimism_wbtc_weth,69089.6609826673,,,,,,,,
2026-03-22 04:00:00+00:00,optimism_wbtc_weth,69128.7288271437,,,,,,,,
2026-03-22 05:00:00+00:00,optimism_wbtc_weth,68982.9147365983,,,,,,,,
2026-03-22 06:00:00+00:00,optimism_wbtc_weth,68975.0940700411,,,,,,,,
2026-03-22 07:00:00+00:00,optimism_wbtc_weth,68828.5804586421,,,,,,,,
2026-03-22 08:00:00+00:00,optimism_wbtc_weth,68571.1741528619,,,,,,,,
2026-03-22 09:00:00+00:00,optimism_wbtc_weth,68563.7954067985,,,,,,,,
2026-03-22 10:00:00+00:00,optimism_wbtc_weth,68563.7954067985,,,,,,,,
2026-03-22 11:00:00+00:00,optimism_wbtc_weth,68563.7954067985,,,,,,,,
2026-03-22 12:00:00+00:00,optimism_wbtc_weth,68563.7954067985,,,,,,,,
2026-03-22 13:00:00+00:00,optimism_wbtc_weth,68563.7954067985,,,,,,,,
2026-03-22 14:00:00+00:00,optimism_wbtc_weth,68563.7954067985,,,,,,,,
2026-03-22 15:00:00+00:00,optimism_wbtc_weth,68595.6272368504,,,,,,,,
2026-03-22 16:00:00+00:00,optimism_wbtc_weth,68602.1812569031,,,,,,,,
2026-03-22 17:00:00+00:00,optimism_wbtc_weth,68595.6272368504,,,,,,,,
2026-03-22 18:00:00+00:00,optimism_wbtc_weth,68497.2977276473,,,,,,,,
2026-03-22 19:00:00+00:00,optimism_wbtc_weth,68077.5397063515,,,,,,,,
2026-03-22 20:00:00+00:00,optimism_wbtc_weth,68077.5397063515,,,,,,,,
2026-03-22 21:00:00+00:00,optimism_wbtc_weth,67518.4156077296,,,,,,,,
2026-03-22 22:00:00+00:00,optimism_wbtc_weth,67518.4156077296,,,,,,,,
2026-03-22 23:00:00+00:00,optimism_wbtc_weth,67890.6261202718,,,,,,,,
2026-03-23 00:00:00+00:00,optimism_wbtc_weth,67735.5706181817,,,,,,,,
2026-03-23 01:00:00+00:00,optimism_wbtc_weth,67702.1714678937,,,,,,,,
2026-03-23 02:00:00+00:00,optimism_wbtc_weth,67830.2288970331,,,,,,,,
2026-03-23 03:00:00+00:00,optimism_wbtc_weth,67996.9972987511,,,,,,,,
2026-03-23 04:00:00+00:00,optimism_wbtc_weth,67957.7850208498,,,,,,,,
2026-03-23 05:00:00+00:00,optimism_wbtc_weth,68397.9650473193,,,,,,,,
2026-03-23 06:00:00+00:00,optimism_wbtc_weth,68033.7043836949,,,,,,,,
2026-03-23 07:00:00+00:00,optimism_wbtc_weth,68033.7043836949,,,,,,,,
2026-03-23 08:00:00+00:00,optimism_wbtc_weth,68033.7043836949,,,,,,,,
2026-03-23 09:00:00+00:00,optimism_wbtc_weth,67829.6861589086,,,,,,,,
2026-03-23 10:00:00+00:00,optimism_wbtc_weth,68206.755488999,,,,,,,,
2026-03-23 11:00:00+00:00,optimism_wbtc_weth,70272.2200629917,,,,,,,,
2026-03-23 12:00:00+00:00,optimism_wbtc_weth,70349.8964217843,,,,,,,,
2026-03-23 13:00:00+00:00,optimism_wbtc_weth,70999.6033787902,,,,,,,,
2026-03-23 14:00:00+00:00,optimism_wbtc_weth,71190.859559398,,,,,,,,
2026-03-23 15:00:00+00:00,optimism_wbtc_weth,70052.1774167651,,,,,,,,
2026-03-23 16:00:00+00:00,optimism_wbtc_weth,70085.9526854748,,,,,,,,
2026-03-23 17:00:00+00:00,optimism_wbtc_weth,70557.2978889221,,,,,,,,
2026-03-23 18:00:00+00:00,optimism_wbtc_weth,70734.6938250381,,,,,,,,
2026-03-23 19:00:00+00:00,optimism_wbtc_weth,70821.798328048,,,,,,,,
2026-03-23 20:00:00+00:00,optimism_wbtc_weth,70821.798328048,,,,,,,,
2026-03-23 21:00:00+00:00,optimism_wbtc_weth,70821.798328048,,,,,,,,
2026-03-23 22:00:00+00:00,optimism_wbtc_weth,70510.989802506,,,,,,,,
2026-03-23 23:00:00+00:00,optimism_wbtc_weth,70597.9863011059,,,,,,,,
2026-03-24 00:00:00+00:00,optimism_wbtc_weth,70554.2654262328,,,,,,,,
2026-03-24 01:00:00+00:00,optimism_wbtc_weth,70225.4799011033,,,,,,,,
2026-03-24 02:00:00+00:00,optimism_wbtc_weth,70225.4799011033,,,,,,,,
2026-03-24 03:00:00+00:00,optimism_wbtc_weth,70337.0980164523,,,,,,,,
2026-03-24 04:00:00+00:00,optimism_wbtc_weth,70217.4741454927,,,,,,,,
2026-03-24 05:00:00+00:00,optimism_wbtc_weth,70217.4741454927,,,,,,,,
2026-03-24 06:00:00+00:00,optimism_wbtc_weth,70217.4741454927,,,,,,,,
2026-03-24 07:00:00+00:00,optimism_wbtc_weth,71026.2865556655,,,,,,,,
2026-03-24 08:00:00+00:00,optimism_wbtc_weth,70635.1838183878,,,,,,,,
2026-03-24 09:00:00+00:00,optimism_wbtc_weth,70754.0358830445,,,,,,,,
2026-03-24 10:00:00+00:00,optimism_wbtc_weth,70754.0358830445,,,,,,,,
2026-03-24 11:00:00+00:00,optimism_wbtc_weth,70918.9910043571,,,,,,,,
2026-03-24 12:00:00+00:00,optimism_wbtc_weth,70693.3634095787,,,,,,,,
2026-03-24 13:00:00+00:00,optimism_wbtc_weth,70439.9599606997,,,,,,,,
2026-03-24 14:00:00+00:00,optimism_wbtc_weth,69616.6386021151,,,,,,,,
2026-03-24 15:00:00+00:00,optimism_wbtc_weth,69737.2938220668,,,,,,,,
2026-03-24 16:00:00+00:00,optimism_wbtc_weth,69274.2499401661,,,,,,,,
2026-03-24 17:00:00+00:00,optimism_wbtc_weth,69051.7649466361,,,,,,,,
2026-03-24 18:00:00+00:00,optimism_wbtc_weth,69145.8807081403,,,,,,,,
2026-03-24 19:00:00+00:00,optimism_wbtc_weth,69145.8807081403,,,,,,,,
2026-03-24 20:00:00+00:00,optimism_wbtc_weth,69898.3023731056,,,,,,,,
2026-03-24 21:00:00+00:00,optimism_wbtc_weth,69898.3023731056,,,,,,,,
2026-03-24 22:00:00+00:00,optimism_wbtc_weth,70114.1115886847,,,,,,,,
2026-03-24 23:00:00+00:00,optimism_wbtc_weth,70313.2165806702,,,,,,,,
2026-03-25 00:00:00+00:00,optimism_wbtc_weth,70513.1956143177,,,,,,,,
2026-03-25 01:00:00+00:00,optimism_wbtc_weth,70513.1956143177,,,,,,,,
2026-03-25 02:00:00+00:00,optimism_wbtc_weth,70508.995908993,,,,,,,,
2026-03-25 03:00:00+00:00,optimism_wbtc_weth,70508.995908993,,,,,,,,
2026-03-25 04:00:00+00:00,optimism_wbtc_weth,70513.1956143177,,,,,,,,
2026-03-25 05:00:00+00:00,optimism_wbtc_weth,70864.8447465741,,,,,,,,
2026-03-25 06:00:00+00:00,optimism_wbtc_weth,70878.1038277762,,,,,,,,
2026-03-25 07:00:00+00:00,optimism_wbtc_weth,70846.1781149833,,,,,,,,
2026-03-25 08:00:00+00:00,optimism_wbtc_weth,70971.3529118334,,,,,,,,
2026-03-25 09:00:00+00:00,optimism_wbtc_weth,70973.9327705301,,,,,,,,
2026-03-25 10:00:00+00:00,optimism_wbtc_weth,71214.190379981,,,,,,,,
2026-03-25 11:00:00+00:00,optimism_wbtc_weth,71422.8411531545,,,,,,,,
2026-03-25 12:00:00+00:00,optimism_wbtc_weth,71076.1512553841,,,,,,,,
2026-03-25 13:00:00+00:00,optimism_wbtc_weth,71187.4806215362,,,,,,,,
2026-03-25 14:00:00+00:00,optimism_wbtc_weth,71096.5521144444,,,,,,,,
2026-03-25 15:00:00+00:00,optimism_wbtc_weth,71076.1512553841,,,,,,,,
2026-03-25 16:00:00+00:00,optimism_wbtc_weth,71235.5600135267,,,,,,,,
2026-03-25 17:00:00+00:00,optimism_wbtc_weth,71235.5600135267,,,,,,,,
2026-03-25 18:00:00+00:00,optimism_wbtc_weth,70572.9992685421,,,,,,,,
2026-03-25 19:00:00+00:00,optimism_wbtc_weth,70546.2307870516,,,,,,,,
2026-03-25 20:00:00+00:00,optimism_wbtc_weth,70483.7675694885,,,,,,,,
2026-03-25 21:00:00+00:00,optimism_wbtc_weth,70483.7675694885,,,,,,,,
2026-03-25 22:00:00+00:00,optimism_wbtc_weth,70483.7675694885,,,,,,,,
2026-03-25 23:00:00+00:00,optimism_wbtc_weth,70996.4959632425,,,,,,,,
2026-03-26 00:00:00+00:00,optimism_wbtc_weth,71029.7783025056,,,,,,,,
2026-03-26 01:00:00+00:00,optimism_wbtc_weth,71003.6698043435,,,,,,,,
2026-03-26 02:00:00+00:00,optimism_wbtc_weth,70567.1678523351,,,,,,,,
2026-03-26 03:00:00+00:00,optimism_wbtc_weth,70568.2387882974,,,,,,,,
2026-03-26 04:00:00+00:00,optimism_wbtc_weth,70568.2387882974,,,,,,,,
2026-03-26 05:00:00+00:00,optimism_wbtc_weth,69960.3103252663,,,,,,,,
2026-03-26 06:00:00+00:00,optimism_wbtc_weth,69960.3103252663,,,,,,,,
2026-03-26 07:00:00+00:00,optimism_wbtc_weth,69960.3103252663,,,,,,,,
2026-03-26 08:00:00+00:00,optimism_wbtc_weth,69960.3103252663,,,,,,,,
2026-03-26 09:00:00+00:00,optimism_wbtc_weth,69609.2663925557,,,,,,,,
2026-03-26 10:00:00+00:00,optimism_wbtc_weth,69302.9858160112,,,,,,,,
2026-03-26 11:00:00+00:00,optimism_wbtc_weth,69241.5842470847,,,,,,,,
2026-03-26 12:00:00+00:00,optimism_wbtc_weth,69241.5842470847,,,,,,,,
2026-03-26 13:00:00+00:00,optimism_wbtc_weth,69010.7054942827,,,,,,,,
2026-03-26 14:00:00+00:00,optimism_wbtc_weth,69010.7054942827,,,,,,,,
2026-03-26 15:00:00+00:00,optimism_wbtc_weth,68999.7500084772,,,,,,,,
2026-03-26 16:00:00+00:00,optimism_wbtc_weth,68712.8259424736,,,,,,,,
2026-03-26 17:00:00+00:00,optimism_wbtc_weth,68548.4117673668,,,,,,,,
2026-03-26 18:00:00+00:00,optimism_wbtc_weth,68357.6561412879,,,,,,,,
2026-03-26 19:00:00+00:00,optimism_wbtc_weth,68357.6561412879,,,,,,,,
2026-03-26 20:00:00+00:00,optimism_wbtc_weth,68118.996022712,,,,,,,,
2026-03-26 21:00:00+00:00,optimism_wbtc_weth,68706.3958657928,,,,,,,,
2026-03-26 22:00:00+00:00,optimism_wbtc_weth,68712.1842364837,,,,,,,,
2026-03-26 23:00:00+00:00,optimism_wbtc_weth,68712.1842364837,,,,,,,,
2026-03-27 00:00:00+00:00,optimism_wbtc_weth,68576.0852575354,,,,,,,,
2026-03-27 01:00:00+00:00,optimism_wbtc_weth,68684.4283653724,,,,,,,,
2026-03-27 02:00:00+00:00,optimism_wbtc_weth,68726.9312991184,,,,,,,,
2026-03-27 03:00:00+00:00,optimism_wbtc_weth,68684.4283653724,,,,,,,,
2026-03-27 04:00:00+00:00,optimism_wbtc_weth,68784.2885752593,,,,,,,,
2026-03-27 05:00:00+00:00,optimism_wbtc_weth,68353.7240247709,,,,,,,,
2026-03-27 06:00:00+00:00,optimism_wbtc_weth,68504.9001048275,,,,,,,,
2026-03-27 07:00:00+00:00,optimism_wbtc_weth,68361.7218176137,,,,,,,,
2026-03-27 08:00:00+00:00,optimism_wbtc_weth,68361.7218176137,,,,,,,,
2026-03-27 09:00:00+00:00,optimism_wbtc_weth,67554.1375850458,,,,,,,,
2026-03-27 10:00:00+00:00,optimism_wbtc_weth,66826.4391091937,,,,,,,,
2026-03-27 11:00:00+00:00,optimism_wbtc_weth,66509.5140428066,,,,,,,,
2026-03-27 12:00:00+00:00,optimism_wbtc_weth,66399.6191119064,,,,,,,,
2026-03-27 13:00:00+00:00,optimism_wbtc_weth,66406.3167175993,,,,,,,,
2026-03-27 14:00:00+00:00,optimism_wbtc_weth,65864.5529944187,,,,,,,,
2026-03-27 15:00:00+00:00,optimism_wbtc_weth,66274.3032084317,,,,,,,,
2026-03-27 16:00:00+00:00,optimism_wbtc_weth,66274.3032084317,,,,,,,,
2026-03-27 17:00:00+00:00,optimism_wbtc_weth,66274.3032084317,,,,,,,,
2026-03-27 18:00:00+00:00,optimism_wbtc_weth,66274.3032084317,,,,,,,,
2026-03-27 19:00:00+00:00,optimism_wbtc_weth,65741.2236320626,,,,,,,,
2026-03-27 20:00:00+00:00,optimism_wbtc_weth,65766.6208206158,,,,,,,,
2026-03-27 21:00:00+00:00,optimism_wbtc_weth,65830.6911100689,,,,,,,,
2026-03-27 22:00:00+00:00,optimism_wbtc_weth,65785.4716555947,,,,,,,,
2026-03-27 23:00:00+00:00,optimism_wbtc_weth,66186.6612619897,,,,,,,,
2026-03-28 00:00:00+00:00,optimism_wbtc_weth,66258.6505190311,,,,,,,,
2026-03-28 01:00:00+00:00,optimism_wbtc_weth,66258.6505190311,,,,,,,,
2026-03-28 02:00:00+00:00,optimism_wbtc_weth,66258.6505190311,,,,,,,,
2026-03-28 03:00:00+00:00,optimism_wbtc_weth,66173.7052607758,,,,,,,,
2026-03-28 04:00:00+00:00,optimism_wbtc_weth,66173.7052607758,,,,,,,,
2026-03-28 05:00:00+00:00,optimism_wbtc_weth,66173.7052607758,,,,,,,,
2026-03-28 06:00:00+00:00,optimism_wbtc_weth,66205.4306991577,,,,,,,,
2026-03-28 07:00:00+00:00,optimism_wbtc_weth,66212.4570605804,,,,,,,,
2026-03-28 08:00:00+00:00,optimism_wbtc_weth,66200.3523109596,,,,,,,,
2026-03-28 09:00:00+00:00,optimism_wbtc_weth,66163.1139582352,,,,,,,,
2026-03-28 10:00:00+00:00,optimism_wbtc_weth,66002.8773915743,,,,,,,,
2026-03-28 11:00:00+00:00,optimism_wbtc_weth,66130.8504276639,,,,,,,,
2026-03-28 12:00:00+00:00,optimism_wbtc_weth,66168.836086383,,,,,,,,
2026-03-28 13:00:00+00:00,optimism_wbtc_weth,66580.7033961536,,,,,,,,
2026-03-28 14:00:00+00:00,optimism_wbtc_weth,66465.7379258532,,,,,,,,
2026-03-28 15:00:00+00:00,optimism_wbtc_weth,66529.5077148506,,,,,,,,
2026-03-28 16:00:00+00:00,optimism_wbtc_weth,66619.1894854646,,,,,,,,
2026-03-28 17:00:00+00:00,optimism_wbtc_weth,66615.2707341607,,,,,,,,
2026-03-28 18:00:00+00:00,optimism_wbtc_weth,66695.28794891,,,,,,,,
2026-03-28 19:00:00+00:00,optimism_wbtc_weth,66522.1337948691,,,,,,,,
2026-03-28 20:00:00+00:00,optimism_wbtc_weth,66522.1337948691,,,,,,,,
2026-03-28 21:00:00+00:00,optimism_wbtc_weth,66633.479679653,,,,,,,,
2026-03-28 22:00:00+00:00,optimism_wbtc_weth,66415.5454296292,,,,,,,,
2026-03-28 23:00:00+00:00,optimism_wbtc_weth,66115.5876897662,,,,,,,,
2026-03-29 00:00:00+00:00,optimism_wbtc_weth,66152.7806164953,,,,,,,,
2026-03-29 01:00:00+00:00,optimism_wbtc_weth,66179.7822121081,,,,,,,,
2026-03-29 02:00:00+00:00,optimism_wbtc_weth,66179.7822121081,,,,,,,,
2026-03-29 03:00:00+00:00,optimism_wbtc_weth,66179.7822121081,,,,,,,,
2026-03-29 04:00:00+00:00,optimism_wbtc_weth,66487.9794747563,,,,,,,,
2026-03-29 05:00:00+00:00,optimism_wbtc_weth,66465.7802919812,,,,,,,,
2026-03-29 06:00:00+00:00,optimism_wbtc_weth,66465.7802919812,,,,,,,,
2026-03-29 07:00:00+00:00,optimism_wbtc_weth,66488.2988983201,,,,,,,,
2026-03-29 08:00:00+00:00,optimism_wbtc_weth,66475.3781709931,,,,,,,,
2026-03-29 09:00:00+00:00,optimism_wbtc_weth,66465.7802919812,,,,,,,,
2026-03-29 10:00:00+00:00,optimism_wbtc_weth,66218.3768276144,,,,,,,,
2026-03-29 11:00:00+00:00,optimism_wbtc_weth,66571.5547853979,,,,,,,,
2026-03-29 12:00:00+00:00,optimism_wbtc_weth,66499.9378585445,,,,,,,,
2026-03-29 13:00:00+00:00,optimism_wbtc_weth,66374.9927602556,,,,,,,,
2026-03-29 14:00:00+00:00,optimism_wbtc_weth,66374.9927602556,,,,,,,,
2026-03-29 15:00:00+00:00,optimism_wbtc_weth,66374.9927602556,,,,,,,,
2026-03-29 16:00:00+00:00,optimism_wbtc_weth,66348.6225546655,,,,,,,,
2026-03-29 17:00:00+00:00,optimism_wbtc_weth,66140.2518218645,,,,,,,,
2026-03-29 18:00:00+00:00,optimism_wbtc_weth,66205.3817199781,,,,,,,,
2026-03-29 19:00:00+00:00,optimism_wbtc_weth,66122.7309667579,,,,,,,,
2026-03-29 20:00:00+00:00,optimism_wbtc_weth,66331.1443719081,,,,,,,,
2026-03-29 21:00:00+00:00,optimism_wbtc_weth,66437.243960797,,,,,,,,
2026-03-29 22:00:00+00:00,optimism_wbtc_weth,65228.4524233377,,,,,,,,
2026-03-29 23:00:00+00:00,optimism_wbtc_weth,65746.045798071,,,,,,,,
2026-03-30 00:00:00+00:00,optimism_wbtc_weth,65742.3480446891,,,,,,,,
2026-03-30 01:00:00+00:00,optimism_wbtc_weth,65742.3480446891,,,,,,,,
2026-03-30 02:00:00+00:00,optimism_wbtc_weth,66817.2354959023,,,,,,,,
2026-03-30 03:00:00+00:00,optimism_wbtc_weth,66968.0824045766,,,,,,,,
2026-03-30 04:00:00+00:00,optimism_wbtc_weth,67221.5545411399,,,,,,,,
2026-03-30 05:00:00+00:00,optimism_wbtc_weth,67377.2484722214,,,,,,,,
2026-03-30 06:00:00+00:00,optimism_wbtc_weth,67377.2484722214,,,,,,,,
2026-03-30 07:00:00+00:00,optimism_wbtc_weth,67108.7404299951,,,,,,,,
2026-03-30 08:00:00+00:00,optimism_wbtc_weth,67506.7710399205,,,,,,,,
2026-03-30 09:00:00+00:00,optimism_wbtc_weth,67358.3775084089,,,,,,,,
2026-03-30 10:00:00+00:00,optimism_wbtc_weth,67358.3775084089,,,,,,,,
2026-03-30 11:00:00+00:00,optimism_wbtc_weth,67406.7661831999,,,,,,,,
2026-03-30 12:00:00+00:00,optimism_wbtc_weth,67406.7661831999,,,,,,,,
2026-03-30 13:00:00+00:00,optimism_wbtc_weth,67388.9567518052,,,,,,,,
2026-03-30 14:00:00+00:00,optimism_wbtc_weth,67406.7661831999,,,,,,,,
2026-03-30 15:00:00+00:00,optimism_wbtc_weth,67537.8614065213,,,,,,,,
2026-03-30 16:00:00+00:00,optimism_wbtc_weth,67394.4270685599,,,,,,,,
2026-03-30 17:00:00+00:00,optimism_wbtc_weth,66748.1561063378,,,,,,,,
2026-03-30 18:00:00+00:00,optimism_wbtc_weth,66441.0378241795,,,,,,,,
2026-03-30 19:00:00+00:00,optimism_wbtc_weth,66242.6082117969,,,,,,,,
2026-03-30 20:00:00+00:00,optimism_wbtc_weth,66445.8729963504,,,,,,,,
2026-03-30 21:00:00+00:00,optimism_wbtc_weth,66658.2711770978,,,,,,,,
2026-03-30 22:00:00+00:00,optimism_wbtc_weth,66534.8799142357,,,,,,,,
2026-03-30 23:00:00+00:00,optimism_wbtc_weth,66376.7830829842,,,,,,,,
2026-03-31 00:00:00+00:00,optimism_wbtc_weth,66474.2378533773,,,,,,,,
2026-03-31 01:00:00+00:00,optimism_wbtc_weth,67433.5211121694,,,,,,,,
2026-03-31 02:00:00+00:00,optimism_wbtc_weth,67708.0353599731,,,,,,,,
2026-03-31 03:00:00+00:00,optimism_wbtc_weth,67472.1865773163,,,,,,,,
2026-03-31 04:00:00+00:00,optimism_wbtc_weth,67352.6240819649,,,,,,,,
2026-03-31 05:00:00+00:00,optimism_wbtc_weth,67504.6250893637,,,,,,,,
2026-03-31 06:00:00+00:00,optimism_wbtc_weth,67284.2156198478,,,,,,,,
2026-03-31 07:00:00+00:00,optimism_wbtc_weth,67178.4386985866,,,,,,,,
2026-03-31 08:00:00+00:00,optimism_wbtc_weth,67096.8067714414,,,,,,,,
2026-03-31 09:00:00+00:00,optimism_wbtc_weth,67096.8067714414,,,,,,,,
2026-03-31 10:00:00+00:00,optimism_wbtc_weth,67096.8067714414,,,,,,,,
2026-03-31 11:00:00+00:00,optimism_wbtc_weth,66461.2482527197,,,,,,,,
2026-03-31 12:00:00+00:00,optimism_wbtc_weth,66702.2713802317,,,,,,,,
2026-03-31 13:00:00+00:00,optimism_wbtc_weth,67065.8102574716,,,,,,,,
2026-03-31 14:00:00+00:00,optimism_wbtc_weth,66427.2705432285,,,,,,,,
2026-03-31 15:00:00+00:00,optimism_wbtc_weth,66656.3209785324,,,,,,,,
2026-03-31 16:00:00+00:00,optimism_wbtc_weth,67018.8548388308,,,,,,,,
2026-03-31 17:00:00+00:00,optimism_wbtc_weth,67836.5332142485,,,,,,,,
2026-03-31 18:00:00+00:00,optimism_wbtc_weth,67642.3345370064,,,,,,,,
2026-03-31 19:00:00+00:00,optimism_wbtc_weth,67731.2670608094,,,,,,,,
2026-03-31 20:00:00+00:00,optimism_wbtc_weth,68021.7622916412,,,,,,,,
2026-03-31 21:00:00+00:00,optimism_wbtc_weth,68189.602199551,,,,,,,,
2026-03-31 22:00:00+00:00,optimism_wbtc_weth,67958.1025048431,,,,,,,,
2026-03-31 23:00:00+00:00,optimism_wbtc_weth,67974.1253027144,,,,,,,,
2026-04-01 00:00:00+00:00,optimism_wbtc_weth,67972.9865930058,,,,,,,,
2026-04-01 01:00:00+00:00,optimism_wbtc_weth,67967.2814018123,,,,,,,,
2026-04-01 02:00:00+00:00,optimism_wbtc_weth,67967.2814018123,,,,,,,,
2026-04-01 03:00:00+00:00,optimism_wbtc_weth,67906.3507592837,,,,,,,,
2026-04-01 04:00:00+00:00,optimism_wbtc_weth,67922.1603260869,,,,,,,,
2026-04-01 05:00:00+00:00,optimism_wbtc_weth,68089.3698627682,,,,,,,,
2026-04-01 06:00:00+00:00,optimism_wbtc_weth,68722.4378029536,,,,,,,,
2026-04-01 07:00:00+00:00,optimism_wbtc_weth,68481.7674679291,,,,,,,,
2026-04-01 08:00:00+00:00,optimism_wbtc_weth,68445.6721791192,,,,,,,,
2026-04-01 09:00:00+00:00,optimism_wbtc_weth,68408.0344840137,,,,,,,,
2026-04-01 10:00:00+00:00,optimism_wbtc_weth,68396.3461359124,,,,,,,,
2026-04-01 11:00:00+00:00,optimism_wbtc_weth,68474.5458780504,,,,,,,,
2026-04-01 12:00:00+00:00,optimism_wbtc_weth,68171.819252935,,,,,,,,
2026-04-01 13:00:00+00:00,optimism_wbtc_weth,68302.8287783704,,,,,,,,
2026-04-01 14:00:00+00:00,optimism_wbtc_weth,68311.529487489,,,,,,,,
2026-04-01 15:00:00+00:00,optimism_wbtc_weth,68693.3990247459,,,,,,,,
2026-04-01 16:00:00+00:00,optimism_wbtc_weth,68660.3405912312,,,,,,,,
2026-04-01 17:00:00+00:00,optimism_wbtc_weth,68565.7721348342,,,,,,,,
2026-04-01 18:00:00+00:00,optimism_wbtc_weth,68565.7721348342,,,,,,,,
2026-04-01 19:00:00+00:00,optimism_wbtc_weth,67962.7298408766,,,,,,,,
2026-04-01 20:00:00+00:00,optimism_wbtc_weth,68017.7147935406,,,,,,,,
2026-04-01 21:00:00+00:00,optimism_wbtc_weth,67999.7270562024,,,,,,,,
2026-04-01 22:00:00+00:00,optimism_wbtc_weth,68017.944594906,,,,,,,,
2026-04-01 23:00:00+00:00,optimism_wbtc_weth,67928.6542236428,,,,,,,,
2026-04-02 00:00:00+00:00,optimism_wbtc_weth,68020.5087671747,,,,,,,,
2026-04-02 01:00:00+00:00,optimism_wbtc_weth,67027.704790589,,,,,,,,
2026-04-02 02:00:00+00:00,optimism_wbtc_weth,66636.2042057503,,,,,,,,
2026-04-02 03:00:00+00:00,optimism_wbtc_weth,66954.0812585402,,,,,,,,
2026-04-02 04:00:00+00:00,optimism_wbtc_weth,66180.1517687861,,,,,,,,
2026-04-02 05:00:00+00:00,optimism_wbtc_weth,66377.436346506,,,,,,,,
2026-04-02 06:00:00+00:00,optimism_wbtc_weth,66392.1990822551,,,,,,,,
2026-04-02 07:00:00+00:00,optimism_wbtc_weth,66635.370422499,,,,,,,,
2026-04-02 08:00:00+00:00,optimism_wbtc_weth,66635.370422499,,,,,,,,
2026-04-02 09:00:00+00:00,optimism_wbtc_weth,66635.370422499,,,,,,,,
2026-04-02 10:00:00+00:00,optimism_wbtc_weth,66262.2495981154,,,,,,,,
2026-04-02 11:00:00+00:00,optimism_wbtc_weth,66164.2413596924,,,,,,,,
2026-04-02 12:00:00+00:00,optimism_wbtc_weth,66164.2413596924,,,,,,,,
2026-04-02 13:00:00+00:00,optimism_wbtc_weth,65990.7757356387,,,,,,,,
2026-04-02 14:00:00+00:00,optimism_wbtc_weth,66457.9148784449,,,,,,,,
2026-04-02 15:00:00+00:00,optimism_wbtc_weth,66652.1408771584,,,,,,,,
2026-04-02 16:00:00+00:00,optimism_wbtc_weth,66959.6715020693,,,,,,,,
2026-04-02 17:00:00+00:00,optimism_wbtc_weth,66639.2095267445,,,,,,,,
2026-04-02 18:00:00+00:00,optimism_wbtc_weth,66646.8012306298,,,,,,,,
2026-04-02 19:00:00+00:00,optimism_wbtc_weth,66646.8012306298,,,,,,,,
2026-04-02 20:00:00+00:00,optimism_wbtc_weth,66709.0479907694,,,,,,,,
2026-04-02 21:00:00+00:00,optimism_wbtc_weth,66610.5096772527,,,,,,,,
2026-04-02 22:00:00+00:00,optimism_wbtc_weth,66610.5096772527,,,,,,,,
2026-04-02 23:00:00+00:00,optimism_wbtc_weth,66774.4305369161,,,,,,,,
2026-04-03 00:00:00+00:00,optimism_wbtc_weth,66616.0305023564,,,,,,,,
2026-04-03 01:00:00+00:00,optimism_wbtc_weth,66387.2437307771,,,,,,,,
2026-04-03 02:00:00+00:00,optimism_wbtc_weth,66265.0933623806,,,,,,,,
2026-04-03 03:00:00+00:00,optimism_wbtc_weth,66410.6236043893,,,,,,,,
2026-04-03 04:00:00+00:00,optimism_wbtc_weth,66529.2222435016,,,,,,,,
2026-04-03 05:00:00+00:00,optimism_wbtc_weth,66422.1192100356,,,,,,,,
2026-04-03 06:00:00+00:00,optimism_wbtc_weth,66540.4324358003,,,,,,,,
2026-04-03 07:00:00+00:00,optimism_wbtc_weth,66554.3521124293,,,,,,,,
2026-04-03 08:00:00+00:00,optimism_wbtc_weth,66554.3521124293,,,,,,,,
2026-04-03 09:00:00+00:00,optimism_wbtc_weth,66675.3752976973,,,,,,,,
2026-04-03 10:00:00+00:00,optimism_wbtc_weth,66632.8130984969,,,,,,,,
2026-04-03 11:00:00+00:00,optimism_wbtc_weth,66833.1176634914,,,,,,,,
2026-04-03 12:00:00+00:00,optimism_wbtc_weth,66570.6016249014,,,,,,,,
2026-04-03 13:00:00+00:00,optimism_wbtc_weth,66467.254949253,,,,,,,,
2026-04-03 14:00:00+00:00,optimism_wbtc_weth,66740.1083793439,,,,,,,,
2026-04-03 15:00:00+00:00,optimism_wbtc_weth,66686.8508293966,,,,,,,,
2026-04-03 16:00:00+00:00,optimism_wbtc_weth,66774.2111640369,,,,,,,,
2026-04-03 17:00:00+00:00,optimism_wbtc_weth,66696.3606851024,,,,,,,,
2026-04-03 18:00:00+00:00,optimism_wbtc_weth,66696.3606851024,,,,,,,,
2026-04-03 19:00:00+00:00,optimism_wbtc_weth,66696.3606851024,,,,,,,,
2026-04-03 20:00:00+00:00,optimism_wbtc_weth,66696.3606851024,,,,,,,,
2026-04-03 21:00:00+00:00,optimism_wbtc_weth,66713.3919735431,,,,,,,,
2026-04-03 22:00:00+00:00,optimism_wbtc_weth,66696.3606851024,,,,,,,,
2026-04-03 23:00:00+00:00,optimism_wbtc_weth,66713.3919735431,,,,,,,,
2026-04-04 00:00:00+00:00,optimism_wbtc_weth,66713.3919735431,,,,,,,,
2026-04-04 01:00:00+00:00,optimism_wbtc_weth,66696.3606851024,,,,,,,,
2026-04-04 02:00:00+00:00,optimism_wbtc_weth,66696.3606851024,,,,,,,,
2026-04-04 03:00:00+00:00,optimism_wbtc_weth,66712.3052293216,,,,,,,,
2026-04-04 04:00:00+00:00,optimism_wbtc_weth,66721.7561003466,,,,,,,,
2026-04-04 05:00:00+00:00,optimism_wbtc_weth,66755.62870847,,,,,,,,
2026-04-04 06:00:00+00:00,optimism_wbtc_weth,66800.3667887505,,,,,,,,
2026-04-04 07:00:00+00:00,optimism_wbtc_weth,66733.1263070119,,,,,,,,
2026-04-04 08:00:00+00:00,optimism_wbtc_weth,66713.3919735431,,,,,,,,
2026-04-04 09:00:00+00:00,optimism_wbtc_weth,66746.835619802,,,,,,,,
2026-04-04 10:00:00+00:00,optimism_wbtc_weth,66949.466365698,,,,,,,,
2026-04-04 11:00:00+00:00,optimism_wbtc_weth,66942.8401635936,,,,,,,,
2026-04-04 12:00:00+00:00,optimism_wbtc_weth,66936.5293614107,,,,,,,,
2026-04-04 13:00:00+00:00,optimism_wbtc_weth,67056.8709752445,,,,,,,,
2026-04-04 14:00:00+00:00,optimism_wbtc_weth,67007.3529569509,,,,,,,,
2026-04-04 15:00:00+00:00,optimism_wbtc_weth,67127.4471349804,,,,,,,,
2026-04-04 16:00:00+00:00,optimism_wbtc_weth,67238.4537366542,,,,,,,,
2026-04-04 17:00:00+00:00,optimism_wbtc_weth,67124.3295016195,,,,,,,,
2026-04-04 18:00:00+00:00,optimism_wbtc_weth,67123.0147727737,,,,,,,,
2026-04-04 19:00:00+00:00,optimism_wbtc_weth,67045.33459915,,,,,,,,
2026-04-04 20:00:00+00:00,optimism_wbtc_weth,67045.33459915,,,,,,,,
2026-04-04 21:00:00+00:00,optimism_wbtc_weth,67045.33459915,,,,,,,,
2026-04-04 22:00:00+00:00,optimism_wbtc_weth,67045.33459915,,,,,,,,
2026-04-04 23:00:00+00:00,optimism_wbtc_weth,67045.33459915,,,,,,,,
2026-04-05 00:00:00+00:00,optimism_wbtc_weth,67045.33459915,,,,,,,,
2026-04-05 01:00:00+00:00,optimism_wbtc_weth,67034.7612449974,,,,,,,,
2026-04-05 02:00:00+00:00,optimism_wbtc_weth,67034.7612449974,,,,,,,,
2026-04-05 03:00:00+00:00,optimism_wbtc_weth,66939.0625126394,,,,,,,,
2026-04-05 04:00:00+00:00,optimism_wbtc_weth,66963.6635485892,,,,,,,,
2026-04-05 05:00:00+00:00,optimism_wbtc_weth,66845.4180603768,,,,,,,,
2026-04-05 06:00:00+00:00,optimism_wbtc_weth,66479.2228149011,,,,,,,,
2026-04-05 07:00:00+00:00,optimism_wbtc_weth,66479.2228149011,,,,,,,,
2026-04-05 08:00:00+00:00,optimism_wbtc_weth,66479.2228149011,,,,,,,,
2026-04-05 09:00:00+00:00,optimism_wbtc_weth,66479.2228149011,,,,,,,,
2026-04-05 10:00:00+00:00,optimism_wbtc_weth,66479.2228149011,,,,,,,,
2026-04-05 11:00:00+00:00,optimism_wbtc_weth,66479.2228149011,,,,,,,,
2026-04-05 12:00:00+00:00,optimism_wbtc_weth,66532.8716313159,,,,,,,,
2026-04-05 13:00:00+00:00,optimism_wbtc_weth,66652.8531491523,,,,,,,,
2026-04-05 14:00:00+00:00,optimism_wbtc_weth,66652.8531491523,,,,,,,,
2026-04-05 15:00:00+00:00,optimism_wbtc_weth,66973.6541170014,,,,,,,,
2026-04-05 16:00:00+00:00,optimism_wbtc_weth,66973.6541170014,,,,,,,,
2026-04-05 17:00:00+00:00,optimism_wbtc_weth,67158.6277734969,,,,,,,,
2026-04-05 18:00:00+00:00,optimism_wbtc_weth,67209.7952360455,,,,,,,,
2026-04-05 19:00:00+00:00,optimism_wbtc_weth,67306.3945227172,,,,,,,,
2026-04-05 20:00:00+00:00,optimism_wbtc_weth,67246.7267013078,,,,,,,,
2026-04-05 21:00:00+00:00,optimism_wbtc_weth,67246.7267013078,,,,,,,,
2026-04-05 22:00:00+00:00,optimism_wbtc_weth,67343.1004944661,,,,,,,,
2026-04-05 23:00:00+00:00,optimism_wbtc_weth,68533.6172778233,,,,,,,,
2026-04-06 00:00:00+00:00,optimism_wbtc_weth,68875.3179614387,,,,,,,,
2026-04-06 01:00:00+00:00,optimism_wbtc_weth,68637.5098223553,,,,,,,,
2026-04-06 02:00:00+00:00,optimism_wbtc_weth,69082.4934004815,,,,,,,,
2026-04-06 03:00:00+00:00,optimism_wbtc_weth,68904.9762073689,,,,,,,,
2026-04-06 04:00:00+00:00,optimism_wbtc_weth,69026.0669067653,,,,,,,,
2026-04-06 05:00:00+00:00,optimism_wbtc_weth,68992.7535356025,,,,,,,,
2026-04-06 06:00:00+00:00,optimism_wbtc_weth,68816.3842331663,,,,,,,,
2026-04-06 07:00:00+00:00,optimism_wbtc_weth,68988.3223724408,,,,,,,,
2026-04-06 08:00:00+00:00,optimism_wbtc_weth,68935.8946328648,,,,,,,,
2026-04-06 09:00:00+00:00,optimism_wbtc_weth,69593.3055124756,,,,,,,,
2026-04-06 10:00:00+00:00,optimism_wbtc_weth,69593.3055124756,,,,,,,,
2026-04-06 11:00:00+00:00,optimism_wbtc_weth,69465.3991415693,,,,,,,,
2026-04-06 12:00:00+00:00,optimism_wbtc_weth,69265.4073534026,,,,,,,,
2026-04-06 13:00:00+00:00,optimism_wbtc_weth,69286.4923273569,,,,,,,,
2026-04-06 14:00:00+00:00,optimism_wbtc_weth,69527.2028918986,,,,,,,,
2026-04-06 15:00:00+00:00,optimism_wbtc_weth,69509.4758879391,,,,,,,,
2026-04-06 16:00:00+00:00,optimism_wbtc_weth,69639.2737923933,,,,,,,,
2026-04-06 17:00:00+00:00,optimism_wbtc_weth,69489.1934740029,,,,,,,,
2026-04-06 18:00:00+00:00,optimism_wbtc_weth,69659.2116233738,,,,,,,,
2026-04-06 19:00:00+00:00,optimism_wbtc_weth,69313.0808715487,,,,,,,,
2026-04-06 20:00:00+00:00,optimism_wbtc_weth,69452.4481050939,,,,,,,,
2026-04-06 21:00:00+00:00,optimism_wbtc_weth,69371.9755551513,,,,,,,,
2026-04-06 22:00:00+00:00,optimism_wbtc_weth,68836.0764767663,,,,,,,,
2026-04-06 23:00:00+00:00,optimism_wbtc_weth,68459.0884339295,,,,,,,,
2026-04-07 00:00:00+00:00,optimism_wbtc_weth,68635.1747632066,,,,,,,,
2026-04-07 01:00:00+00:00,optimism_wbtc_weth,68651.498092077,,,,,,,,
2026-04-07 02:00:00+00:00,optimism_wbtc_weth,68651.498092077,,,,,,,,
2026-04-07 03:00:00+00:00,optimism_wbtc_weth,68651.498092077,,,,,,,,
2026-04-07 04:00:00+00:00,optimism_wbtc_weth,68732.9620241213,,,,,,,,
2026-04-07 05:00:00+00:00,optimism_wbtc_weth,68651.498092077,,,,,,,,
2026-04-07 06:00:00+00:00,optimism_wbtc_weth,68651.498092077,,,,,,,,
2026-04-07 07:00:00+00:00,optimism_wbtc_weth,68651.498092077,,,,,,,,
2026-04-07 08:00:00+00:00,optimism_wbtc_weth,68651.498092077,,,,,,,,
2026-04-07 09:00:00+00:00,optimism_wbtc_weth,69002.1008761628,,,,,,,,
2026-04-07 10:00:00+00:00,optimism_wbtc_weth,68187.0100720443,,,,,,,,
2026-04-07 11:00:00+00:00,optimism_wbtc_weth,68227.3809816101,,,,,,,,
2026-04-07 12:00:00+00:00,optimism_wbtc_weth,68251.5124866596,,,,,,,,
2026-04-07 13:00:00+00:00,optimism_wbtc_weth,68251.5124866596,,,,,,,,
2026-04-07 14:00:00+00:00,optimism_wbtc_weth,67979.058732037,,,,,,,,
2026-04-07 15:00:00+00:00,optimism_wbtc_weth,67979.058732037,,,,,,,,
2026-04-07 16:00:00+00:00,optimism_wbtc_weth,67980.1451325764,,,,,,,,
2026-04-07 17:00:00+00:00,optimism_wbtc_weth,68116.8532723233,,,,,,,,
2026-04-07 18:00:00+00:00,optimism_wbtc_weth,68116.8532723233,,,,,,,,
2026-04-07 19:00:00+00:00,optimism_wbtc_weth,68626.6602021331,,,,,,,,
2026-04-07 20:00:00+00:00,optimism_wbtc_weth,68992.3058370609,,,,,,,,
2026-04-07 21:00:00+00:00,optimism_wbtc_weth,69583.8520342997,,,,,,,,
2026-04-07 22:00:00+00:00,optimism_wbtc_weth,71010.8692668802,,,,,,,,
2026-04-07 23:00:00+00:00,optimism_wbtc_weth,71792.099622216,,,,,,,,
2026-04-08 00:00:00+00:00,optimism_wbtc_weth,71812.9449264866,,,,,,,,
2026-04-08 01:00:00+00:00,optimism_wbtc_weth,71352.4587315411,,,,,,,,
2026-04-08 02:00:00+00:00,optimism_wbtc_weth,71158.3226745684,,,,,,,,
2026-04-08 03:00:00+00:00,optimism_wbtc_weth,71225.2602677177,,,,,,,,
2026-04-08 04:00:00+00:00,optimism_wbtc_weth,71163.6993535104,,,,,,,,
2026-04-08 05:00:00+00:00,optimism_wbtc_weth,71535.875639331,,,,,,,,
2026-04-08 06:00:00+00:00,optimism_wbtc_weth,71399.3813695998,,,,,,,,
2026-04-08 07:00:00+00:00,optimism_wbtc_weth,71376.421695083,,,,,,,,
2026-04-08 08:00:00+00:00,optimism_wbtc_weth,71407.3426492329,,,,,,,,
2026-04-08 09:00:00+00:00,optimism_wbtc_weth,71407.3426492329,,,,,,,,
2026-04-08 10:00:00+00:00,optimism_wbtc_weth,71354.1631416522,,,,,,,,
2026-04-08 11:00:00+00:00,optimism_wbtc_weth,71407.3426492329,,,,,,,,
2026-04-08 12:00:00+00:00,optimism_wbtc_weth,71814.0428229499,,,,,,,,
2026-04-08 13:00:00+00:00,optimism_wbtc_weth,72344.5640447143,,,,,,,,
2026-04-08 14:00:00+00:00,optimism_wbtc_weth,70707.2335798805,,,,,,,,
2026-04-08 15:00:00+00:00,optimism_wbtc_weth,70971.2378261603,,,,,,,,
2026-04-08 16:00:00+00:00,optimism_wbtc_weth,71422.0793292485,,,,,,,,
2026-04-08 17:00:00+00:00,optimism_wbtc_weth,71513.0642874121,,,,,,,,
2026-04-08 18:00:00+00:00,optimism_wbtc_weth,71108.4719214295,,,,,,,,
2026-04-08 19:00:00+00:00,optimism_wbtc_weth,71108.4719214295,,,,,,,,
2026-04-08 20:00:00+00:00,optimism_wbtc_weth,71108.4719214295,,,,,,,,
2026-04-08 21:00:00+00:00,optimism_wbtc_weth,71307.2331061316,,,,,,,,
2026-04-08 22:00:00+00:00,optimism_wbtc_weth,70984.5166283495,,,,,,,,
2026-04-08 23:00:00+00:00,optimism_wbtc_weth,70787.6296384633,,,,,,,,
2026-04-09 00:00:00+00:00,optimism_wbtc_weth,70786.8746372869,,,,,,,,
2026-04-09 01:00:00+00:00,optimism_wbtc_weth,70615.513875185,,,,,,,,
2026-04-09 02:00:00+00:00,optimism_wbtc_weth,70924.3682163605,,,,,,,,
2026-04-09 03:00:00+00:00,optimism_wbtc_weth,70924.3682163605,,,,,,,,
2026-04-09 04:00:00+00:00,optimism_wbtc_weth,70924.3682163605,,,,,,,,
2026-04-09 05:00:00+00:00,optimism_wbtc_weth,70924.3682163605,,,,,,,,
2026-04-09 06:00:00+00:00,optimism_wbtc_weth,70924.3682163605,,,,,,,,
2026-04-09 07:00:00+00:00,optimism_wbtc_weth,70924.3682163605,,,,,,,,
2026-04-09 08:00:00+00:00,optimism_wbtc_weth,70969.7699384622,,,,,,,,
2026-04-09 09:00:00+00:00,optimism_wbtc_weth,71110.3998739715,,,,,,,,
2026-04-09 10:00:00+00:00,optimism_wbtc_weth,71110.3998739715,,,,,,,,
2026-04-09 11:00:00+00:00,optimism_wbtc_weth,71107.8806492936,,,,,,,,
2026-04-09 12:00:00+00:00,optimism_wbtc_weth,71107.8806492936,,,,,,,,
2026-04-09 13:00:00+00:00,optimism_wbtc_weth,70551.5965798102,,,,,,,,
2026-04-09 14:00:00+00:00,optimism_wbtc_weth,70907.9039745347,,,,,,,,
2026-04-09 15:00:00+00:00,optimism_wbtc_weth,71670.5493667984,,,,,,,,
2026-04-09 16:00:00+00:00,optimism_wbtc_weth,71628.1752756775,,,,,,,,
2026-04-09 17:00:00+00:00,optimism_wbtc_weth,71628.1752756775,,,,,,,,
2026-04-09 18:00:00+00:00,optimism_wbtc_weth,71628.1752756775,,,,,,,,
2026-04-09 19:00:00+00:00,optimism_wbtc_weth,71882.9352229573,,,,,,,,
2026-04-09 20:00:00+00:00,optimism_wbtc_weth,72160.9278271632,,,,,,,,
2026-04-09 21:00:00+00:00,optimism_wbtc_weth,72143.8080207736,,,,,,,,
2026-04-09 22:00:00+00:00,optimism_wbtc_weth,71908.8680243999,,,,,,,,
2026-04-09 23:00:00+00:00,optimism_wbtc_weth,71631.5234238451,,,,,,,,
2026-04-10 00:00:00+00:00,optimism_wbtc_weth,71594.8838966441,,,,,,,,
2026-04-10 01:00:00+00:00,optimism_wbtc_weth,71768.945647381,,,,,,,,
2026-04-10 02:00:00+00:00,optimism_wbtc_weth,71768.945647381,,,,,,,,
2026-04-10 03:00:00+00:00,optimism_wbtc_weth,71768.945647381,,,,,,,,
2026-04-10 04:00:00+00:00,optimism_wbtc_weth,71824.1515085352,,,,,,,,
2026-04-10 05:00:00+00:00,optimism_wbtc_weth,71870.657512939,,,,,,,,
2026-04-10 06:00:00+00:00,optimism_wbtc_weth,71768.945647381,,,,,,,,
2026-04-10 07:00:00+00:00,optimism_wbtc_weth,71768.945647381,,,,,,,,
2026-04-10 08:00:00+00:00,optimism_wbtc_weth,71768.945647381,,,,,,,,
2026-04-10 09:00:00+00:00,optimism_wbtc_weth,71561.8053028279,,,,,,,,
2026-04-10 10:00:00+00:00,optimism_wbtc_weth,71768.945647381,,,,,,,,
2026-04-10 11:00:00+00:00,optimism_wbtc_weth,71944.945113364,,,,,,,,
2026-04-10 12:00:00+00:00,optimism_wbtc_weth,71957.342895415,,,,,,,,
2026-04-10 13:00:00+00:00,optimism_wbtc_weth,71903.2244404334,,,,,,,,
2026-04-10 14:00:00+00:00,optimism_wbtc_weth,72586.0955471573,,,,,,,,
2026-04-10 15:00:00+00:00,optimism_wbtc_weth,72380.8954063709,,,,,,,,
2026-04-10 16:00:00+00:00,optimism_wbtc_weth,72695.7618062042,,,,,,,,
2026-04-10 17:00:00+00:00,optimism_wbtc_weth,72695.7618062042,,,,,,,,
2026-04-10 18:00:00+00:00,optimism_wbtc_weth,72866.1151135078,,,,,,,,
2026-04-10 19:00:00+00:00,optimism_wbtc_weth,72983.8976147964,,,,,,,,
2026-04-10 20:00:00+00:00,optimism_wbtc_weth,72983.8976147964,,,,,,,,
2026-04-10 21:00:00+00:00,optimism_wbtc_weth,72928.9518391048,,,,,,,,
2026-04-10 22:00:00+00:00,optimism_wbtc_weth,72695.7618062042,,,,,,,,
2026-04-10 23:00:00+00:00,optimism_wbtc_weth,72791.3519849982,,,,,,,,
2026-04-11 00:00:00+00:00,optimism_wbtc_weth,72695.7618062042,,,,,,,,
2026-04-11 01:00:00+00:00,optimism_wbtc_weth,72739.744491794,,,,,,,,
2026-04-11 02:00:00+00:00,optimism_wbtc_weth,72756.5326507643,,,,,,,,
2026-04-11 03:00:00+00:00,optimism_wbtc_weth,72695.7618062042,,,,,,,,
2026-04-11 04:00:00+00:00,optimism_wbtc_weth,72695.7618062042,,,,,,,,
2026-04-11 05:00:00+00:00,optimism_wbtc_weth,72695.7618062042,,,,,,,,
2026-04-11 06:00:00+00:00,optimism_wbtc_weth,72695.7618062042,,,,,,,,
2026-04-11 07:00:00+00:00,optimism_wbtc_weth,72695.7618062042,,,,,,,,
2026-04-11 08:00:00+00:00,optimism_wbtc_weth,72695.7618062042,,,,,,,,
2026-04-11 09:00:00+00:00,optimism_wbtc_weth,72601.4057680892,,,,,,,,
2026-04-11 10:00:00+00:00,optimism_wbtc_weth,72601.4057680892,,,,,,,,
2026-04-11 11:00:00+00:00,optimism_wbtc_weth,72601.4057680892,,,,,,,,
2026-04-11 12:00:00+00:00,optimism_wbtc_weth,72723.4976043184,,,,,,,,
2026-04-11 13:00:00+00:00,optimism_wbtc_weth,72591.4198365422,,,,,,,,
2026-04-11 14:00:00+00:00,optimism_wbtc_weth,72591.4198365422,,,,,,,,
2026-04-11 15:00:00+00:00,optimism_wbtc_weth,72447.8976069778,,,,,,,,
2026-04-11 16:00:00+00:00,optimism_wbtc_weth,72453.2010275697,,,,,,,,
2026-04-11 17:00:00+00:00,optimism_wbtc_weth,72453.2010275697,,,,,,,,
2026-04-11 18:00:00+00:00,optimism_wbtc_weth,73315.7431835269,,,,,,,,
2026-04-11 19:00:00+00:00,optimism_wbtc_weth,73454.1665916854,,,,,,,,
2026-04-11 20:00:00+00:00,optimism_wbtc_weth,73156.4336424042,,,,,,,,
2026-04-11 21:00:00+00:00,optimism_wbtc_weth,73309.8988308604,,,,,,,,
2026-04-11 22:00:00+00:00,optimism_wbtc_weth,73156.4336424042,,,,,,,,
2026-04-11 23:00:00+00:00,optimism_wbtc_weth,72854.4188956528,,,,,,,,
2026-04-12 00:00:00+00:00,optimism_wbtc_weth,72854.4188956528,,,,,,,,
2026-04-12 01:00:00+00:00,optimism_wbtc_weth,71414.1764846219,,,,,,,,
2026-04-12 02:00:00+00:00,optimism_wbtc_weth,71414.9033215875,,,,,,,,
2026-04-12 03:00:00+00:00,optimism_wbtc_weth,71487.0662658452,,,,,,,,
2026-04-12 04:00:00+00:00,optimism_wbtc_weth,71475.0140654421,,,,,,,,
2026-04-12 05:00:00+00:00,optimism_wbtc_weth,71528.2890703103,,,,,,,,
2026-04-12 06:00:00+00:00,optimism_wbtc_weth,71506.6890390419,,,,,,,,
2026-04-12 07:00:00+00:00,optimism_wbtc_weth,71506.6890390419,,,,,,,,
2026-04-12 08:00:00+00:00,optimism_wbtc_weth,71506.6890390419,,,,,,,,
2026-04-12 09:00:00+00:00,optimism_wbtc_weth,71506.6890390419,,,,,,,,
2026-04-12 10:00:00+00:00,optimism_wbtc_weth,71296.3023125386,,,,,,,,
2026-04-12 11:00:00+00:00,optimism_wbtc_weth,71296.3023125386,,,,,,,,
2026-04-12 12:00:00+00:00,optimism_wbtc_weth,71296.3023125386,,,,,,,,
2026-04-12 13:00:00+00:00,optimism_wbtc_weth,71296.3023125386,,,,,,,,
2026-04-12 14:00:00+00:00,optimism_wbtc_weth,70850.681279959,,,,,,,,
2026-04-12 15:00:00+00:00,optimism_wbtc_weth,70850.681279959,,,,,,,,
2026-04-12 16:00:00+00:00,optimism_wbtc_weth,70850.681279959,,,,,,,,
2026-04-12 17:00:00+00:00,optimism_wbtc_weth,70964.8202068499,,,,,,,,
2026-04-12 18:00:00+00:00,optimism_wbtc_weth,70960.3642002789,,,,,,,,
2026-04-12 19:00:00+00:00,optimism_wbtc_weth,70927.7297727255,,,,,,,,
2026-04-12 20:00:00+00:00,optimism_wbtc_weth,71038.7340147986,,,,,,,,
2026-04-12 21:00:00+00:00,optimism_wbtc_weth,71038.1159514578,,,,,,,,
2026-04-12 22:00:00+00:00,optimism_wbtc_weth,70935.2523245335,,,,,,,,
2026-04-12 23:00:00+00:00,optimism_wbtc_weth,70935.2523245335,,,,,,,,
2026-04-13 00:00:00+00:00,optimism_wbtc_weth,70935.2523245335,,,,,,,,
2026-04-13 01:00:00+00:00,optimism_wbtc_weth,70954.0887416953,,,,,,,,
2026-04-13 02:00:00+00:00,optimism_wbtc_weth,70935.2523245335,,,,,,,,
2026-04-13 03:00:00+00:00,optimism_wbtc_weth,70881.4901676099,,,,,,,,
2026-04-13 04:00:00+00:00,optimism_wbtc_weth,70881.4901676099,,,,,,,,
2026-04-13 05:00:00+00:00,optimism_wbtc_weth,70881.4901676099,,,,,,,,
2026-04-13 06:00:00+00:00,optimism_wbtc_weth,70881.4901676099,,,,,,,,
2026-04-13 07:00:00+00:00,optimism_wbtc_weth,70881.4901676099,,,,,,,,
2026-04-13 08:00:00+00:00,optimism_wbtc_weth,70881.4901676099,,,,,,,,
2026-04-13 09:00:00+00:00,optimism_wbtc_weth,70881.4901676099,,,,,,,,
2026-04-13 10:00:00+00:00,optimism_wbtc_weth,70591.4041080095,,,,,,,,
2026-04-13 11:00:00+00:00,optimism_wbtc_weth,70737.5213552588,,,,,,,,
2026-04-13 12:00:00+00:00,optimism_wbtc_weth,70630.6637883168,,,,,,,,
2026-04-13 13:00:00+00:00,optimism_wbtc_weth,71242.3207448533,,,,,,,,
2026-04-13 14:00:00+00:00,optimism_wbtc_weth,71737.5098039307,,,,,,,,
2026-04-13 15:00:00+00:00,optimism_wbtc_weth,71643.3208552833,,,,,,,,
2026-04-13 16:00:00+00:00,optimism_wbtc_weth,71936.1140897412,,,,,,,,
2026-04-13 17:00:00+00:00,optimism_wbtc_weth,72014.2991659437,,,,,,,,
2026-04-13 18:00:00+00:00,optimism_wbtc_weth,71915.3435922458,,,,,,,,
2026-04-13 19:00:00+00:00,optimism_wbtc_weth,73023.249306766,,,,,,,,
2026-04-13 20:00:00+00:00,optimism_wbtc_weth,72892.6840308988,,,,,,,,
2026-04-13 21:00:00+00:00,optimism_wbtc_weth,72944.3356498701,,,,,,,,
2026-04-13 22:00:00+00:00,optimism_wbtc_weth,74130.0346310591,,,,,,,,
2026-04-13 23:00:00+00:00,optimism_wbtc_weth,74647.2969836039,,,,,,,,
2026-04-14 00:00:00+00:00,optimism_wbtc_weth,74647.2969836039,,,,,,,,
2026-04-14 01:00:00+00:00,optimism_wbtc_weth,74647.2969836039,,,,,,,,
2026-04-14 02:00:00+00:00,optimism_wbtc_weth,74647.2969836039,,,,,,,,
2026-04-14 03:00:00+00:00,optimism_wbtc_weth,74647.2969836039,,,,,,,,
2026-04-14 04:00:00+00:00,optimism_wbtc_weth,74290.2979478282,,,,,,,,
2026-04-14 05:00:00+00:00,optimism_wbtc_weth,74080.5878725979,,,,,,,,
2026-04-14 06:00:00+00:00,optimism_wbtc_weth,74290.2979478282,,,,,,,,
2026-04-14 07:00:00+00:00,optimism_wbtc_weth,74290.2979478282,,,,,,,,
2026-04-14 08:00:00+00:00,optimism_wbtc_weth,74481.9735865521,,,,,,,,
2026-04-14 09:00:00+00:00,optimism_wbtc_weth,74352.2254400494,,,,,,,,
2026-04-14 10:00:00+00:00,optimism_wbtc_weth,74330.2727894395,,,,,,,,
2026-04-14 11:00:00+00:00,optimism_wbtc_weth,74330.2727894395,,,,,,,,
2026-04-14 12:00:00+00:00,optimism_wbtc_weth,74294.3977942094,,,,,,,,
2026-04-14 13:00:00+00:00,optimism_wbtc_weth,75318.4967007685,,,,,,,,
2026-04-14 14:00:00+00:00,optimism_wbtc_weth,75000.1002114632,,,,,,,,
2026-04-14 15:00:00+00:00,optimism_wbtc_weth,74951.9161304182,,,,,,,,
2026-04-14 16:00:00+00:00,optimism_wbtc_weth,74594.5213624933,,,,,,,,
2026-04-14 17:00:00+00:00,optimism_wbtc_weth,74494.1837353614,,,,,,,,
2026-04-14 18:00:00+00:00,optimism_wbtc_weth,73923.7073153435,,,,,,,,
2026-04-14 19:00:00+00:00,optimism_wbtc_weth,74019.4939541288,,,,,,,,
2026-04-14 20:00:00+00:00,optimism_wbtc_weth,74065.8889343374,,,,,,,,
2026-04-14 21:00:00+00:00,optimism_wbtc_weth,74068.0492374686,,,,,,,,
2026-04-14 22:00:00+00:00,optimism_wbtc_weth,74065.8889343374,,,,,,,,
2026-04-14 23:00:00+00:00,optimism_wbtc_weth,74064.3135215021,,,,,,,,
2026-04-15 00:00:00+00:00,optimism_wbtc_weth,74381.1575935835,,,,,,,,
2026-04-15 01:00:00+00:00,optimism_wbtc_weth,74384.7027327197,,,,,,,,
2026-04-15 02:00:00+00:00,optimism_wbtc_weth,74381.1575935835,,,,,,,,
2026-04-15 03:00:00+00:00,optimism_wbtc_weth,73924.3172045238,,,,,,,,
2026-04-15 04:00:00+00:00,optimism_wbtc_weth,73924.3172045238,,,,,,,,
2026-04-15 05:00:00+00:00,optimism_wbtc_weth,73902.2902568127,,,,,,,,
2026-04-15 06:00:00+00:00,optimism_wbtc_weth,73902.2902568127,,,,,,,,
2026-04-15 07:00:00+00:00,optimism_wbtc_weth,73526.1460764375,,,,,,,,
