window_id,start_timestamp,end_timestamp,seconds,buy_dex,sell_dex,max_net_edge_bps_floor,mean_net_edge_bps_floor,max_net_profit_quote_floor,mean_net_profit_quote_floor
9,2026-04-15 07:29:10+00:00,2026-04-15 07:32:28+00:00,199,raydium_cpmm,meteora_damm_v2,154519.39262772145,154519.39262772145,0.08147195368562546,0.08147195368562546
103,2026-04-17 14:37:36+00:00,2026-04-17 14:53:59+00:00,984,raydium_cpmm,meteora_damm_v2,153419.02215963756,36077.058571373054,0.08861375613209829,0.02636510809818375
42,2026-04-16 02:07:42+00:00,2026-04-16 02:17:48+00:00,607,raydium_cpmm,meteora_damm_v2,138485.11053638623,134655.7677794537,0.08280710143344885,0.0808584538260289
105,2026-04-17 15:05:02+00:00,2026-04-17 15:20:53+00:00,952,raydium_cpmm,meteora_damm_v2,122571.62466798758,16742.68309131918,0.08707344179844158,0.018040952249553696
106,2026-04-17 15:26:55+00:00,2026-04-17 15:28:50+00:00,116,raydium_cpmm,meteora_damm_v2,122455.19573627485,122432.01912837221,0.08699073205353444,0.08697426766363374
7,2026-04-15 07:03:29+00:00,2026-04-15 07:08:27+00:00,299,raydium_cpmm,meteora_damm_v2,68724.22371811359,14256.897753373707,0.07594229144953817,0.024501859482221278
73,2026-04-16 20:40:01+00:00,2026-04-16 20:46:56+00:00,416,raydium_cpmm,meteora_damm_v2,63726.38266226133,63657.480938560744,0.08102143605044035,0.08093383470909074
45,2026-04-16 04:52:38+00:00,2026-04-16 04:59:24+00:00,407,raydium_cpmm,meteora_damm_v2,17678.04670811047,17678.04670811047,0.056925464834628854,0.05692546483462885
17,2026-04-15 13:41:40+00:00,2026-04-15 13:51:40+00:00,601,raydium_cpmm,meteora_damm_v2,8840.054182589409,8811.760041876136,0.04100363536256522,0.04087239605059481
55,2026-04-16 12:02:37+00:00,2026-04-16 12:20:15+00:00,1059,raydium_cpmm,meteora_damm_v2,8025.170976132246,5309.443036805342,0.039673523625786175,0.028232672834212887
96,2026-04-17 10:41:10+00:00,2026-04-17 10:43:06+00:00,117,raydium_cpmm,meteora_damm_v2,6796.883113678299,6796.883113678299,0.03716898050745177,0.03716898050745177
97,2026-04-17 10:44:29+00:00,2026-04-17 10:51:10+00:00,402,raydium_cpmm,meteora_damm_v2,6792.885303982053,6732.101154454625,0.037147118352668915,0.03681471821702434
58,2026-04-16 13:50:24+00:00,2026-04-16 14:28:12+00:00,2269,raydium_cpmm,meteora_damm_v2,1856.4057625919813,1763.9756953595204,0.013785746764415368,0.013254025374241378
59,2026-04-16 14:32:20+00:00,2026-04-16 15:01:44+00:00,1765,raydium_cpmm,meteora_damm_v2,1836.3221686612626,1443.4658425800817,0.013786627725068997,0.011046987483982152
46,2026-04-16 05:22:22+00:00,2026-04-16 05:32:30+00:00,609,raydium_cpmm,meteora_damm_v2,1808.1947677110902,1799.845463218479,0.013663080658205538,0.01360957081433265
56,2026-04-16 13:07:19+00:00,2026-04-16 13:25:11+00:00,1073,raydium_cpmm,meteora_damm_v2,1805.4096283661763,1761.852745711791,0.01368884177553028,0.013409955058915488
51,2026-04-16 09:16:00+00:00,2026-04-16 09:34:58+00:00,1139,raydium_cpmm,meteora_damm_v2,1801.9261037444828,1786.5346473855968,0.01362581212199796,0.013513763726265185
49,2026-04-16 08:43:22+00:00,2026-04-16 08:53:21+00:00,600,raydium_cpmm,meteora_damm_v2,1797.4129033406193,1787.9583714534797,0.013555548767579226,0.013494913443254864
43,2026-04-16 02:30:04+00:00,2026-04-16 02:42:32+00:00,749,raydium_cpmm,meteora_damm_v2,1785.878700651504,1761.1688824267158,0.013476195132751726,0.013325289872445082
57,2026-04-16 13:36:25+00:00,2026-04-16 13:47:15+00:00,651,raydium_cpmm,meteora_damm_v2,1784.2237470541381,1766.203476297631,0.013583632702314554,0.013448398815226201
40,2026-04-16 01:22:17+00:00,2026-04-16 01:31:38+00:00,562,raydium_cpmm,meteora_damm_v2,1779.7101919471759,1754.6922483310605,0.013362897988597165,0.013203031441078919
54,2026-04-16 11:34:37+00:00,2026-04-16 11:39:45+00:00,309,raydium_cpmm,meteora_damm_v2,1776.6036925517792,1775.4533473861636,0.013387561391118838,0.013378892988261058
47,2026-04-16 07:07:49+00:00,2026-04-16 07:15:32+00:00,464,raydium_cpmm,meteora_damm_v2,1773.6028460223856,1773.6028460223856,0.013440989566084853,0.013440989566084853
53,2026-04-16 10:47:55+00:00,2026-04-16 10:57:51+00:00,597,raydium_cpmm,meteora_damm_v2,1771.5689931401334,1771.5689931401332,0.013366636697630786,0.013366636697630786
44,2026-04-16 02:43:57+00:00,2026-04-16 02:53:57+00:00,601,raydium_cpmm,meteora_damm_v2,1767.9816619094809,1767.2309481625095,0.013390257467320428,0.013384571746380684
52,2026-04-16 10:16:24+00:00,2026-04-16 10:29:18+00:00,775,raydium_cpmm,meteora_damm_v2,1767.8435365613152,1751.2564307532712,0.013338527815157292,0.013220067507336336
29,2026-04-15 19:29:12+00:00,2026-04-15 19:46:18+00:00,1027,raydium_cpmm,meteora_damm_v2,1766.386674053225,1729.8489068448473,0.013407216256039224,0.01314278557402755
50,2026-04-16 09:00:42+00:00,2026-04-16 09:01:17+00:00,36,raydium_cpmm,meteora_damm_v2,1763.3994180996663,1763.3994180996663,0.013308034823510477,0.013308034823510477
41,2026-04-16 01:44:59+00:00,2026-04-16 01:55:05+00:00,607,raydium_cpmm,meteora_damm_v2,1760.7616986289538,1754.1773454126198,0.013260139726703117,0.01321048917826663
33,2026-04-15 22:05:04+00:00,2026-04-15 22:19:50+00:00,887,raydium_cpmm,meteora_damm_v2,1760.4264311627574,1737.0489672459005,0.013308606585450303,0.01314826607126919
23,2026-04-15 16:54:48+00:00,2026-04-15 17:16:08+00:00,1281,raydium_cpmm,meteora_damm_v2,1759.5920183461656,1710.9860269675903,0.013234586855722095,0.012895752406456995
36,2026-04-16 00:17:08+00:00,2026-04-16 00:18:34+00:00,87,raydium_cpmm,meteora_damm_v2,1757.0032381798878,1757.0032381798878,0.013240756984639659,0.013240756984639659
48,2026-04-16 08:11:30+00:00,2026-04-16 08:16:29+00:00,300,raydium_cpmm,meteora_damm_v2,1755.4302336944274,1754.3751094416784,0.013299278695585148,0.013292475301453676
18,2026-04-15 14:17:06+00:00,2026-04-15 14:35:25+00:00,1100,raydium_cpmm,meteora_damm_v2,1754.9290569371149,1712.8647840135434,0.013126206235144027,0.012853253610126502
22,2026-04-15 16:04:14+00:00,2026-04-15 16:32:10+00:00,1677,raydium_cpmm,meteora_damm_v2,1753.6054133184286,1726.3252338537432,0.013139958929621831,0.012957407803074025
39,2026-04-16 00:52:41+00:00,2026-04-16 01:02:48+00:00,608,raydium_cpmm,meteora_damm_v2,1750.1172310663314,1749.784516307458,0.013209020562610916,0.0132064641882743
28,2026-04-15 19:03:43+00:00,2026-04-15 19:13:53+00:00,611,raydium_cpmm,meteora_damm_v2,1747.7092892866176,1730.3805332878067,0.013198315767459078,0.013086473510605118
38,2026-04-16 00:42:04+00:00,2026-04-16 00:52:04+00:00,601,raydium_cpmm,meteora_damm_v2,1745.8289285000328,1745.7468101817633,0.01316879611257181,0.013168176693697058
24,2026-04-15 17:27:29+00:00,2026-04-15 17:31:35+00:00,247,raydium_cpmm,meteora_damm_v2,1736.2349128695737,1730.6985864974897,0.013120536293441813,0.013078698883907633
21,2026-04-15 15:28:53+00:00,2026-04-15 15:37:51+00:00,539,raydium_cpmm,meteora_damm_v2,1734.883616992884,1711.050064019873,0.012972406331562141,0.012794193493270071
26,2026-04-15 18:45:27+00:00,2026-04-15 18:55:23+00:00,597,raydium_cpmm,meteora_damm_v2,1734.5205845499231,1729.8381896597618,0.013097533007735012,0.013062175790198704
27,2026-04-15 19:00:45+00:00,2026-04-15 19:02:02+00:00,78,raydium_cpmm,meteora_damm_v2,1733.4571385777945,1733.4571385777945,0.013090686663137476,0.013090686663137476
30,2026-04-15 20:04:15+00:00,2026-04-15 20:24:43+00:00,1229,raydium_cpmm,meteora_damm_v2,1732.0496311979266,1705.5743389042123,0.013178215592135892,0.012940996693103852
35,2026-04-15 23:15:18+00:00,2026-04-15 23:25:37+00:00,620,raydium_cpmm,meteora_damm_v2,1729.3032634234478,1710.4271471893182,0.013093601066213809,0.012942978773549663
37,2026-04-16 00:26:00+00:00,2026-04-16 00:36:01+00:00,602,raydium_cpmm,meteora_damm_v2,1724.615805575826,1716.8743474368348,0.01303251095305263,0.012974011210275338
32,2026-04-15 21:02:53+00:00,2026-04-15 21:26:25+00:00,1413,raydium_cpmm,meteora_damm_v2,1724.374263962767,1715.3402002616358,0.013037455737400576,0.012946295280578366
20,2026-04-15 14:50:10+00:00,2026-04-15 15:00:10+00:00,601,raydium_cpmm,meteora_damm_v2,1724.0905834246942,1714.1852014188587,0.012939187433586288,0.012864848187373257
19,2026-04-15 14:39:28+00:00,2026-04-15 14:49:28+00:00,601,raydium_cpmm,meteora_damm_v2,1721.3271550732918,1713.1468532963129,0.012901284555365166,0.012839973490433369
16,2026-04-15 12:37:24+00:00,2026-04-15 12:49:00+00:00,697,raydium_cpmm,meteora_damm_v2,1720.6029877766825,1708.582531176721,0.012820590635840096,0.012742089409303697
15,2026-04-15 11:52:59+00:00,2026-04-15 12:04:04+00:00,666,raydium_cpmm,meteora_damm_v2,1717.247110361922,1709.2179809144884,0.012774410311243089,0.01272283641958685
14,2026-04-15 10:47:52+00:00,2026-04-15 10:57:15+00:00,564,raydium_cpmm,meteora_damm_v2,1716.1612135685173,1706.9964906122555,0.012755181847435678,0.012696976283522966
13,2026-04-15 10:07:26+00:00,2026-04-15 10:17:53+00:00,628,raydium_cpmm,meteora_damm_v2,1715.1425092137542,1704.026903430595,0.012713488981586722,0.012654009916966902
31,2026-04-15 20:52:04+00:00,2026-04-15 21:02:04+00:00,601,raydium_cpmm,meteora_damm_v2,1712.1636033759005,1712.0660465273183,0.012969164828249412,0.012968533510058488
34,2026-04-15 22:19:53+00:00,2026-04-15 22:21:01+00:00,69,raydium_cpmm,meteora_damm_v2,1705.2791321926431,1705.2791321926431,0.012921619407116823,0.012921619407116823
25,2026-04-15 17:44:52+00:00,2026-04-15 17:53:57+00:00,546,raydium_cpmm,meteora_damm_v2,1692.9005836014078,1692.9005836014078,0.012783256347624582,0.012783256347624582
8,2026-04-15 07:09:43+00:00,2026-04-15 07:22:28+00:00,766,raydium_cpmm,meteora_damm_v2,1690.728705787208,1680.9312018455341,0.012543354661565715,0.012473670039055288
11,2026-04-15 08:06:59+00:00,2026-04-15 08:10:48+00:00,230,raydium_cpmm,meteora_damm_v2,1686.3065801105065,1684.3917721330909,0.012509496659566932,0.012495292075252483
2,2026-04-15 03:20:40+00:00,2026-04-15 03:33:54+00:00,795,raydium_cpmm,meteora_damm_v2,1685.6913656144568,1675.3902321813302,0.0125587255972454,0.01249313555932237
1,2026-04-15 02:31:08+00:00,2026-04-15 02:45:36+00:00,869,raydium_cpmm,meteora_damm_v2,1682.2766663393265,1667.6689853917887,0.012576266036679684,0.012462016721171558
5,2026-04-15 05:33:16+00:00,2026-04-15 05:44:52+00:00,697,raydium_cpmm,meteora_damm_v2,1673.7075682578568,1659.627499936807,0.012488185778827838,0.012386133631925287
12,2026-04-15 09:59:52+00:00,2026-04-15 10:05:50+00:00,359,raydium_cpmm,meteora_damm_v2,1668.8169561559482,1668.8169561559484,0.012419106131742842,0.01241910613174284
4,2026-04-15 05:00:34+00:00,2026-04-15 05:03:54+00:00,201,raydium_cpmm,meteora_damm_v2,1668.0163678979063,1666.8803867809954,0.012474904806911711,0.012466408933268834
6,2026-04-15 05:45:29+00:00,2026-04-15 05:51:11+00:00,343,raydium_cpmm,meteora_damm_v2,1662.815816385981,1662.3332469805453,0.012392036225623838,0.012388948432900553
10,2026-04-15 07:52:50+00:00,2026-04-15 08:03:07+00:00,618,raydium_cpmm,meteora_damm_v2,1658.5452868183384,1641.258051556605,0.012303555575187794,0.0121932505849244
3,2026-04-15 04:03:58+00:00,2026-04-15 04:13:34+00:00,577,raydium_cpmm,meteora_damm_v2,1655.6514189854377,1655.6514189854377,0.012379518402295914,0.012379518402295914
107,2026-04-17 15:36:19+00:00,2026-04-17 15:37:56+00:00,98,raydium_cpmm,meteora_damm_v2,961.1492726532385,961.1492726532387,0.00823068104341221,0.00823068104341221
113,2026-04-17 18:04:12+00:00,2026-04-17 18:22:24+00:00,1093,raydium_cpmm,meteora_damm_v2,958.4277824505563,926.3091767699669,0.00815138943286563,0.00790397877528536
122,2026-04-17 23:18:20+00:00,2026-04-17 23:25:47+00:00,448,raydium_cpmm,meteora_damm_v2,953.8884665580134,930.0991758654354,0.008098581994035372,0.007896609197415895
123,2026-04-18 00:56:18+00:00,2026-04-18 01:06:25+00:00,608,raydium_cpmm,meteora_damm_v2,951.9018719060797,940.407614434197,0.008085071245528878,0.007992143882833229
119,2026-04-17 21:01:49+00:00,2026-04-17 21:13:00+00:00,672,raydium_cpmm,meteora_damm_v2,939.6063900883289,922.2708596616827,0.00797866084713153,0.007845662186244275
99,2026-04-17 11:52:54+00:00,2026-04-17 12:04:36+00:00,703,raydium_cpmm,meteora_damm_v2,937.1376869708033,893.7556714176528,0.0079247118953882,0.007566688743849378
114,2026-04-17 18:25:43+00:00,2026-04-17 18:27:53+00:00,131,raydium_cpmm,meteora_damm_v2,935.817107351854,935.817107351854,0.007973004566350398,0.007973004566350398
108,2026-04-17 15:43:03+00:00,2026-04-17 15:48:53+00:00,351,raydium_cpmm,meteora_damm_v2,934.9996818432421,929.7554325298428,0.008023666157948209,0.007978662820987909
109,2026-04-17 15:54:46+00:00,2026-04-17 16:22:02+00:00,1637,raydium_cpmm,meteora_damm_v2,933.6956906142103,919.2099504044381,0.008032140562964175,0.007914216723293179
77,2026-04-16 22:58:43+00:00,2026-04-16 23:05:03+00:00,381,raydium_cpmm,meteora_damm_v2,933.4483242700759,933.4483242700759,0.007938527827640218,0.007938527827640218
121,2026-04-17 22:34:12+00:00,2026-04-17 22:43:41+00:00,570,raydium_cpmm,meteora_damm_v2,931.9474920401295,919.359943403591,0.007941361814339966,0.007843107846707845
120,2026-04-17 22:08:43+00:00,2026-04-17 22:17:26+00:00,524,raydium_cpmm,meteora_damm_v2,929.3223499655186,928.9799033587533,0.007909666460958439,0.007906751822738126
101,2026-04-17 13:08:09+00:00,2026-04-17 14:18:14+00:00,4206,raydium_cpmm,meteora_damm_v2,924.8420511453078,874.4770784838031,0.007883251207185187,0.007530238502324621
111,2026-04-17 17:25:23+00:00,2026-04-17 17:42:43+00:00,1041,raydium_cpmm,meteora_damm_v2,924.3247893432324,909.0109316197817,0.00791135447678136,0.007783145819879109
117,2026-04-17 19:40:31+00:00,2026-04-17 19:50:31+00:00,601,raydium_cpmm,meteora_damm_v2,921.7593452726617,921.3573539850069,0.007868481425262214,0.007865049877758788
116,2026-04-17 19:21:50+00:00,2026-04-17 19:30:38+00:00,529,raydium_cpmm,meteora_damm_v2,921.7356672473088,921.7356672473088,0.007863592585360707,0.007863592585360707
110,2026-04-17 17:12:15+00:00,2026-04-17 17:22:55+00:00,641,raydium_cpmm,meteora_damm_v2,920.4047230175752,912.2285245198527,0.007907739287143433,0.007838913790322567
102,2026-04-17 14:22:08+00:00,2026-04-17 14:36:32+00:00,865,raydium_cpmm,meteora_damm_v2,919.4407518181063,890.1267062007383,0.007902734778010252,0.007680423155100236
93,2026-04-17 09:28:19+00:00,2026-04-17 09:44:08+00:00,950,raydium_cpmm,meteora_damm_v2,908.509327492344,869.6796740920569,0.007755427585874323,0.007414612129832893
115,2026-04-17 18:49:49+00:00,2026-04-17 18:51:17+00:00,89,raydium_cpmm,meteora_damm_v2,902.164863402586,902.1648634025861,0.007694581131164687,0.007694581131164687
104,2026-04-17 14:55:50+00:00,2026-04-17 15:02:58+00:00,429,raydium_cpmm,meteora_damm_v2,901.9264038785865,889.1935413224084,0.007780588652945474,0.007670746912535078
118,2026-04-17 20:32:58+00:00,2026-04-17 20:41:40+00:00,523,raydium_cpmm,meteora_damm_v2,900.723168887032,900.723168887032,0.007666962397796398,0.0076669623977963985
87,2026-04-17 06:51:08+00:00,2026-04-17 07:01:20+00:00,613,raydium_cpmm,meteora_damm_v2,895.5448053596797,871.5001501674809,0.007542024487265282,0.007357525870154349
100,2026-04-17 12:48:16+00:00,2026-04-17 13:00:38+00:00,743,raydium_cpmm,meteora_damm_v2,894.1708595986308,883.0836093491978,0.007609974005045032,0.007514114467611507
72,2026-04-16 20:22:46+00:00,2026-04-16 20:33:09+00:00,624,raydium_cpmm,meteora_damm_v2,893.87987093769,809.021156825112,0.007683970416485783,0.00700805210813783
85,2026-04-17 05:09:45+00:00,2026-04-17 05:20:18+00:00,634,raydium_cpmm,meteora_damm_v2,893.3331284634506,880.8051257414767,0.00751577236215724,0.007410835282560978
67,2026-04-16 18:17:22+00:00,2026-04-16 18:37:42+00:00,1221,raydium_cpmm,meteora_damm_v2,889.9469041744369,796.8041445855664,0.007468252956746631,0.006731674511112297
98,2026-04-17 11:26:01+00:00,2026-04-17 11:35:44+00:00,584,raydium_cpmm,meteora_damm_v2,889.6405084754467,886.6577114045622,0.00750445218166849,0.007481315981047312
92,2026-04-17 08:47:39+00:00,2026-04-17 09:05:07+00:00,1049,raydium_cpmm,meteora_damm_v2,887.9366918337337,872.3925047775732,0.007559907951589002,0.007432896896347092
83,2026-04-17 04:18:22+00:00,2026-04-17 04:29:34+00:00,673,raydium_cpmm,meteora_damm_v2,887.571753313925,885.4640279549624,0.007489352164088361,0.007470366255396708
112,2026-04-17 17:47:49+00:00,2026-04-17 17:57:49+00:00,601,raydium_cpmm,meteora_damm_v2,887.4161617883815,886.9686162817585,0.007638996756572414,0.007635144225121307
78,2026-04-17 01:21:58+00:00,2026-04-17 01:31:59+00:00,602,raydium_cpmm,meteora_damm_v2,887.0185940935793,859.1321116632378,0.007558081311686155,0.007320467012381858
88,2026-04-17 07:03:35+00:00,2026-04-17 07:13:39+00:00,605,raydium_cpmm,meteora_damm_v2,886.9370177834493,857.6067674833457,0.0074949642374229925,0.007273366246993076
95,2026-04-17 10:27:22+00:00,2026-04-17 10:40:28+00:00,787,raydium_cpmm,meteora_damm_v2,886.3325177069887,874.6014961742688,0.007485945005411613,0.007389032346831256
84,2026-04-17 04:44:24+00:00,2026-04-17 04:44:30+00:00,7,raydium_cpmm,meteora_damm_v2,878.9030229662516,878.9030229662516,0.0074326102961969065,0.0074326102961969065
82,2026-04-17 03:41:18+00:00,2026-04-17 03:50:44+00:00,567,raydium_cpmm,meteora_damm_v2,878.2982230912997,878.2982230912997,0.007397229149564732,0.007397229149564732
86,2026-04-17 06:34:48+00:00,2026-04-17 06:44:48+00:00,601,raydium_cpmm,meteora_damm_v2,876.5827396225595,875.5421013789781,0.007382109147602397,0.007373345451090878
75,2026-04-16 22:01:52+00:00,2026-04-16 22:11:56+00:00,605,raydium_cpmm,meteora_damm_v2,876.0470391182554,833.3098517907299,0.007494756093170473,0.0071569829730939
81,2026-04-17 02:22:35+00:00,2026-04-17 02:41:27+00:00,1133,raydium_cpmm,meteora_damm_v2,866.7733955066316,855.8132184375027,0.007313888209702546,0.007234434657258155
74,2026-04-16 21:25:19+00:00,2026-04-16 21:35:21+00:00,603,raydium_cpmm,meteora_damm_v2,862.94300933552,848.1470431721455,0.007393506259027639,0.0072668023809747675
94,2026-04-17 10:14:41+00:00,2026-04-17 10:22:52+00:00,492,raydium_cpmm,meteora_damm_v2,860.1273203609175,860.1273203609175,0.007311203422113471,0.007311203422113471
90,2026-04-17 08:34:22+00:00,2026-04-17 08:36:26+00:00,125,raydium_cpmm,meteora_damm_v2,860.1242999975763,849.4511356392627,0.007323112778995496,0.00723913607154471
91,2026-04-17 08:42:02+00:00,2026-04-17 08:45:05+00:00,184,raydium_cpmm,meteora_damm_v2,859.7953025939895,859.7953025939895,0.007320311689559388,0.007320311689559389
68,2026-04-16 18:38:22+00:00,2026-04-16 19:12:24+00:00,2043,raydium_cpmm,meteora_damm_v2,859.1190154520897,811.1752669960908,0.007303957139543621,0.006927676139066612
79,2026-04-17 01:33:20+00:00,2026-04-17 01:43:25+00:00,606,raydium_cpmm,meteora_damm_v2,857.2813865517377,847.8393589419031,0.007296034244040454,0.00721571459020496
89,2026-04-17 07:51:01+00:00,2026-04-17 07:59:41+00:00,521,raydium_cpmm,meteora_damm_v2,843.0529063578333,843.0529063578333,0.007147780554266523,0.007147780554266523
69,2026-04-16 19:33:56+00:00,2026-04-16 19:52:26+00:00,1111,raydium_cpmm,meteora_damm_v2,840.9269030884553,809.3046796856441,0.007261352287101232,0.006997722364553337
66,2026-04-16 17:43:13+00:00,2026-04-16 18:16:49+00:00,2017,raydium_cpmm,meteora_damm_v2,838.8254711779281,810.6326481713265,0.00703002792641522,0.00677395142066459
71,2026-04-16 20:01:24+00:00,2026-04-16 20:11:44+00:00,621,raydium_cpmm,meteora_damm_v2,831.3862725342742,825.1669649616842,0.0072195793027142316,0.007165268682620254
80,2026-04-17 01:49:44+00:00,2026-04-17 01:53:38+00:00,235,raydium_cpmm,meteora_damm_v2,827.030106689237,827.0301066892371,0.00702900325828092,0.00702900325828092
76,2026-04-16 22:20:47+00:00,2026-04-16 22:31:23+00:00,637,raydium_cpmm,meteora_damm_v2,819.1455869598192,817.6333364111366,0.007043992209606974,0.007028050363873745
60,2026-04-16 15:07:24+00:00,2026-04-16 15:31:02+00:00,1419,raydium_cpmm,meteora_damm_v2,819.0017259431417,793.8593063246982,0.006800142838225412,0.006612963030101478
65,2026-04-16 17:25:05+00:00,2026-04-16 17:35:05+00:00,601,raydium_cpmm,meteora_damm_v2,813.2651738789177,805.8917792190409,0.006756290497237845,0.0066950352045326315
70,2026-04-16 19:53:49+00:00,2026-04-16 19:54:00+00:00,12,raydium_cpmm,meteora_damm_v2,812.8583434077156,811.2954242517088,0.007039903347444492,0.0070263674098639895
64,2026-04-16 16:50:38+00:00,2026-04-16 17:03:38+00:00,781,raydium_cpmm,meteora_damm_v2,805.3412223075771,783.960835995391,0.0066935554565261315,0.0065251556896088305
61,2026-04-16 15:37:42+00:00,2026-04-16 15:47:42+00:00,601,raydium_cpmm,meteora_damm_v2,798.6377903156024,785.8229099540571,0.006702540640675783,0.006594992190714865
63,2026-04-16 16:24:16+00:00,2026-04-16 16:34:47+00:00,632,raydium_cpmm,meteora_damm_v2,798.1363956589646,795.0372706916353,0.0066851864357271125,0.006660172146121572
62,2026-04-16 16:20:33+00:00,2026-04-16 16:23:44+00:00,192,raydium_cpmm,meteora_damm_v2,768.7476255929816,760.3378377815984,0.006461241202099144,0.0063955349295757155
