timestamp,buy_pool_address,sell_pool_address,buy_pool_name,sell_pool_name,buy_dex,sell_dex,buy_price_usd,sell_price_usd,buy_high_usd,buy_low_usd,sell_high_usd,sell_low_usd,observed_spread_bps,optimistic_spread_bps,conservative_spread_bps,buy_fee_bps,sell_fee_bps,explicit_fee_total_bps,explicit_fee_known,fee_adjusted_spread_bps,conservative_fee_adjusted_spread_bps,buy_volume_usd,sell_volume_usd,min_pool_volume_usd,total_volume_usd,buy_reserve_usd,sell_reserve_usd,min_pool_reserve_usd,buy_fee_source,sell_fee_source
2026-03-16 08:00:00+00:00,5rCf1DM8LjKTw4YqhnoLcngyZYeNnQqztScTogYHAS6,8sKQHfjNhvmAw94PhfvfMcytmqW6jmxvwieYyzXCCPu,SOL / USDC,SOL / USDC,meteora,humidifi,92.88635582996004,92.89844175611545,94.035359205553,92.60611564402902,94.03534491992373,92.6013751350944,1.3011519342542854,154.33422144478737,-152.49413439513026,,,,False,,,301679.3353986665,4334547.098034086,301679.3353986665,4636226.433432752,3862584.0572,155322.9806,155322.9806,unknown,unknown
2026-03-16 08:00:00+00:00,5rCf1DM8LjKTw4YqhnoLcngyZYeNnQqztScTogYHAS6,Czfq3xZZDmsdGdUyrNLtRhGc47cXcZtLG4crryfu44zE,SOL / USDC,SOL / USDC,meteora,orca,92.88635582996004,92.86172403001463,94.035359205553,92.60611564402902,94.0777806053879,92.81977184006666,-2.6518211125114988,158.9166062224079,-129.26917871703526,,,,False,,,301679.3353986665,6188389.22877371,301679.3353986665,6490068.564172377,3862584.0572,29258844.7278,3862584.0572,unknown,unknown
2026-03-16 08:00:00+00:00,8sKQHfjNhvmAw94PhfvfMcytmqW6jmxvwieYyzXCCPu,5rCf1DM8LjKTw4YqhnoLcngyZYeNnQqztScTogYHAS6,SOL / USDC,SOL / USDC,humidifi,meteora,92.89844175611545,92.88635582996004,94.03534491992373,92.6013751350944,94.035359205553,92.60611564402902,-1.3009826566456884,154.85559133075367,-151.98851847800233,,,,False,,,4334547.098034086,301679.3353986665,301679.3353986665,4636226.433432752,155322.9806,3862584.0572,155322.9806,unknown,unknown
2026-03-16 08:00:00+00:00,8sKQHfjNhvmAw94PhfvfMcytmqW6jmxvwieYyzXCCPu,Czfq3xZZDmsdGdUyrNLtRhGc47cXcZtLG4crryfu44zE,SOL / USDC,SOL / USDC,humidifi,orca,92.89844175611545,92.86172403001463,94.03534491992373,92.6013751350944,94.0777806053879,92.81977184006666,-3.952458771828704,159.43666799111745,-129.26767917873838,,,,False,,,4334547.098034086,6188389.22877371,4334547.098034086,10522936.326807797,155322.9806,29258844.7278,155322.9806,unknown,unknown
2026-03-16 08:00:00+00:00,Czfq3xZZDmsdGdUyrNLtRhGc47cXcZtLG4crryfu44zE,5rCf1DM8LjKTw4YqhnoLcngyZYeNnQqztScTogYHAS6,SOL / USDC,SOL / USDC,orca,meteora,92.86172403001463,92.88635582996004,94.0777806053879,92.81977184006666,94.035359205553,92.60611564402902,2.6525245145614385,130.96211522485302,-156.43066321173404,,,,False,,,6188389.22877371,301679.3353986665,301679.3353986665,6490068.564172377,29258844.7278,3862584.0572,3862584.0572,unknown,unknown
2026-03-16 08:00:00+00:00,Czfq3xZZDmsdGdUyrNLtRhGc47cXcZtLG4crryfu44zE,8sKQHfjNhvmAw94PhfvfMcytmqW6jmxvwieYyzXCCPu,SOL / USDC,SOL / USDC,orca,humidifi,92.86172403001463,92.89844175611545,94.0777806053879,92.81977184006666,94.03534491992373,92.6013751350944,3.95402158255731,130.96057615305855,-156.9345557253654,,,,False,,,6188389.22877371,4334547.098034086,4334547.098034086,10522936.326807797,29258844.7278,155322.9806,155322.9806,unknown,unknown
2026-03-16 09:00:00+00:00,5rCf1DM8LjKTw4YqhnoLcngyZYeNnQqztScTogYHAS6,8sKQHfjNhvmAw94PhfvfMcytmqW6jmxvwieYyzXCCPu,SOL / USDC,SOL / USDC,meteora,humidifi,93.27484755240752,93.26615743842002,93.46893837621913,92.75371761507412,93.48950005038805,92.74855889033424,-0.9316674554327165,79.32646304996682,-77.0715382457121,,,,False,,,194065.73692978852,2626675.5433064112,194065.73692978852,2820741.2802362,3862584.0572,155322.9806,155322.9806,unknown,unknown
2026-03-16 09:00:00+00:00,5rCf1DM8LjKTw4YqhnoLcngyZYeNnQqztScTogYHAS6,Czfq3xZZDmsdGdUyrNLtRhGc47cXcZtLG4crryfu44zE,SOL / USDC,SOL / USDC,meteora,orca,93.27484755240752,93.28368878309263,93.46893837621913,92.75371761507412,93.3625221922715,92.62823,0.9478686824060389,65.63667665849371,-89.94521504408381,,,,False,,,194065.73692978852,3034866.069474625,194065.73692978852,3228931.8064044137,3862584.0572,29258844.7278,3862584.0572,unknown,unknown
2026-03-16 09:00:00+00:00,8sKQHfjNhvmAw94PhfvfMcytmqW6jmxvwieYyzXCCPu,5rCf1DM8LjKTw4YqhnoLcngyZYeNnQqztScTogYHAS6,SOL / USDC,SOL / USDC,humidifi,meteora,93.26615743842002,93.27484755240752,93.48950005038805,92.74855889033424,93.46893837621913,92.75371761507412,0.9317542639442067,77.67015407071254,-78.70214675630538,,,,False,,,2626675.5433064112,194065.73692978852,194065.73692978852,2820741.2802362,155322.9806,3862584.0572,155322.9806,unknown,unknown
2026-03-16 09:00:00+00:00,8sKQHfjNhvmAw94PhfvfMcytmqW6jmxvwieYyzXCCPu,Czfq3xZZDmsdGdUyrNLtRhGc47cXcZtLG4crryfu44zE,SOL / USDC,SOL / USDC,humidifi,orca,93.26615743842002,93.28368878309263,93.48950005038805,92.74855889033424,93.3625221922715,92.62823,1.8797112644186598,66.19653278529202,-92.12478940670788,,,,False,,,2626675.5433064112,3034866.069474625,2626675.5433064112,5661541.612781037,155322.9806,29258844.7278,155322.9806,unknown,unknown
2026-03-16 09:00:00+00:00,Czfq3xZZDmsdGdUyrNLtRhGc47cXcZtLG4crryfu44zE,5rCf1DM8LjKTw4YqhnoLcngyZYeNnQqztScTogYHAS6,SOL / USDC,SOL / USDC,orca,meteora,93.28368878309263,93.27484755240752,93.3625221922715,92.62823,93.46893837621913,92.75371761507412,-0.9477788454170799,90.76157195480494,-65.20866862868124,,,,False,,,3034866.069474625,194065.73692978852,194065.73692978852,3228931.8064044137,29258844.7278,3862584.0572,3862584.0572,unknown,unknown
2026-03-16 09:00:00+00:00,Czfq3xZZDmsdGdUyrNLtRhGc47cXcZtLG4crryfu44zE,8sKQHfjNhvmAw94PhfvfMcytmqW6jmxvwieYyzXCCPu,SOL / USDC,SOL / USDC,orca,humidifi,93.28368878309263,93.26615743842002,93.3625221922715,92.62823,93.48950005038805,92.74855889033424,-1.8793579993781062,92.98137839706567,-65.76121633398712,,,,False,,,3034866.069474625,2626675.5433064112,2626675.5433064112,5661541.612781037,29258844.7278,155322.9806,155322.9806,unknown,unknown
2026-03-16 10:00:00+00:00,5rCf1DM8LjKTw4YqhnoLcngyZYeNnQqztScTogYHAS6,8sKQHfjNhvmAw94PhfvfMcytmqW6jmxvwieYyzXCCPu,SOL / USDC,SOL / USDC,meteora,humidifi,93.93394941868698,93.94963135422428,93.93582947580663,93.27484755240752,93.98242997393322,92.88320678456118,1.6694640898573532,75.85993867512242,-112.05763520899636,,,,False,,,319980.8306368526,2238731.8126988704,319980.8306368526,2558712.643335723,3862584.0572,155322.9806,155322.9806,unknown,unknown
2026-03-16 10:00:00+00:00,5rCf1DM8LjKTw4YqhnoLcngyZYeNnQqztScTogYHAS6,Czfq3xZZDmsdGdUyrNLtRhGc47cXcZtLG4crryfu44zE,SOL / USDC,SOL / USDC,meteora,orca,93.93394941868698,93.72922543322788,93.93582947580663,93.27484755240752,94.5179584120983,93.28318356672422,-21.794461611167605,133.2739631648616,-69.47784596403662,,,,False,,,319980.8306368526,3755927.732928393,319980.8306368526,4075908.5635652454,3862584.0572,29258844.7278,3862584.0572,unknown,unknown
2026-03-16 10:00:00+00:00,8sKQHfjNhvmAw94PhfvfMcytmqW6jmxvwieYyzXCCPu,5rCf1DM8LjKTw4YqhnoLcngyZYeNnQqztScTogYHAS6,SOL / USDC,SOL / USDC,humidifi,meteora,93.94963135422428,93.93394941868698,93.98242997393322,92.88320678456118,93.93582947580663,93.27484755240752,-1.6691854253447769,113.32755701328966,-75.2887983128292,,,,False,,,2238731.8126988704,319980.8306368526,319980.8306368526,2558712.643335723,155322.9806,3862584.0572,155322.9806,unknown,unknown
2026-03-16 10:00:00+00:00,8sKQHfjNhvmAw94PhfvfMcytmqW6jmxvwieYyzXCCPu,Czfq3xZZDmsdGdUyrNLtRhGc47cXcZtLG4crryfu44zE,SOL / USDC,SOL / USDC,humidifi,orca,93.94963135422428,93.72922543322788,93.98242997393322,92.88320678456118,94.5179584120983,93.28318356672422,-23.4600091367454,176.00077388896017,-74.40182248990013,,,,False,,,2238731.8126988704,3755927.732928393,2238731.8126988704,5994659.545627263,155322.9806,29258844.7278,155322.9806,unknown,unknown
2026-03-16 10:00:00+00:00,Czfq3xZZDmsdGdUyrNLtRhGc47cXcZtLG4crryfu44zE,5rCf1DM8LjKTw4YqhnoLcngyZYeNnQqztScTogYHAS6,SOL / USDC,SOL / USDC,orca,meteora,93.72922543322788,93.93394941868698,94.5179584120983,93.28318356672422,93.93582947580663,93.27484755240752,21.842065216355344,69.96394035111209,-131.52112895528424,,,,False,,,3755927.732928393,319980.8306368526,319980.8306368526,4075908.5635652454,29258844.7278,3862584.0572,3862584.0572,unknown,unknown
2026-03-16 10:00:00+00:00,Czfq3xZZDmsdGdUyrNLtRhGc47cXcZtLG4crryfu44zE,8sKQHfjNhvmAw94PhfvfMcytmqW6jmxvwieYyzXCCPu,SOL / USDC,SOL / USDC,orca,humidifi,93.72922543322788,93.94963135422428,94.5179584120983,93.28318356672422,93.98242997393322,92.88320678456118,23.5151757605645,74.95953509228714,-172.95672219342694,,,,False,,,3755927.732928393,2238731.8126988704,2238731.8126988704,5994659.545627263,29258844.7278,155322.9806,155322.9806,unknown,unknown
2026-03-16 11:00:00+00:00,5rCf1DM8LjKTw4YqhnoLcngyZYeNnQqztScTogYHAS6,8sKQHfjNhvmAw94PhfvfMcytmqW6jmxvwieYyzXCCPu,SOL / USDC,SOL / USDC,meteora,humidifi,93.74535582869643,93.74005763143722,93.99835670709639,93.54643865623152,93.99835670709639,93.5414821967539,-0.5651690382280083,48.309487496964735,-48.604521009460996,,,,False,,,170147.7200417076,2333779.4319022787,170147.7200417076,2503927.1519439863,3862584.0572,155322.9806,155322.9806,unknown,unknown
2026-03-16 11:00:00+00:00,5rCf1DM8LjKTw4YqhnoLcngyZYeNnQqztScTogYHAS6,Czfq3xZZDmsdGdUyrNLtRhGc47cXcZtLG4crryfu44zE,SOL / USDC,SOL / USDC,meteora,orca,93.74535582869643,93.81972382455974,93.99835670709639,93.54643865623152,93.83125197460292,93.4792521659827,7.932979207974089,30.446195757174443,-55.224852784527826,,,,False,,,170147.7200417076,2259094.7189843184,170147.7200417076,2429242.439026026,3862584.0572,29258844.7278,3862584.0572,unknown,unknown
2026-03-16 11:00:00+00:00,8sKQHfjNhvmAw94PhfvfMcytmqW6jmxvwieYyzXCCPu,5rCf1DM8LjKTw4YqhnoLcngyZYeNnQqztScTogYHAS6,SOL / USDC,SOL / USDC,humidifi,meteora,93.74005763143722,93.74535582869643,93.99835670709639,93.5414821967539,93.99835670709639,93.54643865623152,0.5652009816370374,48.841914796848855,-48.077228868274034,,,,False,,,2333779.4319022787,170147.7200417076,170147.7200417076,2503927.1519439863,155322.9806,3862584.0572,155322.9806,unknown,unknown
2026-03-16 11:00:00+00:00,8sKQHfjNhvmAw94PhfvfMcytmqW6jmxvwieYyzXCCPu,Czfq3xZZDmsdGdUyrNLtRhGc47cXcZtLG4crryfu44zE,SOL / USDC,SOL / USDC,humidifi,orca,93.74005763143722,93.81972382455974,93.99835670709639,93.5414821967539,93.83125197460292,93.4792521659827,8.498628562374488,30.9776765392189,-55.224852784527826,,,,False,,,2333779.4319022787,2259094.7189843184,2259094.7189843184,4592874.150886597,155322.9806,29258844.7278,155322.9806,unknown,unknown
2026-03-16 11:00:00+00:00,Czfq3xZZDmsdGdUyrNLtRhGc47cXcZtLG4crryfu44zE,5rCf1DM8LjKTw4YqhnoLcngyZYeNnQqztScTogYHAS6,SOL / USDC,SOL / USDC,orca,meteora,93.81972382455974,93.74535582869643,93.83125197460292,93.4792521659827,93.99835670709639,93.54643865623152,-7.9266909804998065,55.53152481279522,-30.353780044254375,,,,False,,,2259094.7189843184,170147.7200417076,170147.7200417076,2429242.439026026,29258844.7278,3862584.0572,3862584.0572,unknown,unknown
2026-03-16 11:00:00+00:00,Czfq3xZZDmsdGdUyrNLtRhGc47cXcZtLG4crryfu44zE,8sKQHfjNhvmAw94PhfvfMcytmqW6jmxvwieYyzXCCPu,SOL / USDC,SOL / USDC,orca,humidifi,93.81972382455974,93.74005763143722,93.83125197460292,93.4792521659827,93.99835670709639,93.5414821967539,-8.491412026696565,55.53152481279522,-30.88201124370027,,,,False,,,2259094.7189843184,2333779.4319022787,2259094.7189843184,4592874.150886597,29258844.7278,155322.9806,155322.9806,unknown,unknown
2026-03-16 12:00:00+00:00,5rCf1DM8LjKTw4YqhnoLcngyZYeNnQqztScTogYHAS6,8sKQHfjNhvmAw94PhfvfMcytmqW6jmxvwieYyzXCCPu,SOL / USDC,SOL / USDC,meteora,humidifi,93.75739557262565,93.81597428575908,94.19750499799066,93.46977337358526,94.21440277956428,93.46977337358526,6.247903194800397,79.66526280136054,-77.25593415886411,,,,False,,,503377.84731319896,3597606.356252198,503377.84731319896,4100984.2035653973,3862584.0572,155322.9806,155322.9806,unknown,unknown
2026-03-16 12:00:00+00:00,5rCf1DM8LjKTw4YqhnoLcngyZYeNnQqztScTogYHAS6,Czfq3xZZDmsdGdUyrNLtRhGc47cXcZtLG4crryfu44zE,SOL / USDC,SOL / USDC,meteora,orca,93.75739557262565,93.86209022811977,94.19750499799066,93.46977337358526,94.0791879875549,93.325457767277,11.166549033778672,65.19911111091625,-92.57646800010954,,,,False,,,503377.84731319896,6624013.358801683,503377.84731319896,7127391.206114883,3862584.0572,29258844.7278,3862584.0572,unknown,unknown
2026-03-16 12:00:00+00:00,8sKQHfjNhvmAw94PhfvfMcytmqW6jmxvwieYyzXCCPu,5rCf1DM8LjKTw4YqhnoLcngyZYeNnQqztScTogYHAS6,SOL / USDC,SOL / USDC,humidifi,meteora,93.81597428575908,93.75739557262565,94.21440277956428,93.46977337358526,94.19750499799066,93.46977337358526,-6.244002002793181,77.8574289997236,-79.03562343023695,,,,False,,,3597606.356252198,503377.84731319896,503377.84731319896,4100984.2035653973,155322.9806,3862584.0572,155322.9806,unknown,unknown
2026-03-16 12:00:00+00:00,8sKQHfjNhvmAw94PhfvfMcytmqW6jmxvwieYyzXCCPu,Czfq3xZZDmsdGdUyrNLtRhGc47cXcZtLG4crryfu44zE,SOL / USDC,SOL / USDC,humidifi,orca,93.81597428575908,93.86209022811977,94.21440277956428,93.46977337358526,94.0791879875549,93.325457767277,4.915574635533382,65.19911111091625,-94.35340946406745,,,,False,,,3597606.356252198,6624013.358801683,3597606.356252198,10221619.715053882,155322.9806,29258844.7278,155322.9806,unknown,unknown
2026-03-16 12:00:00+00:00,Czfq3xZZDmsdGdUyrNLtRhGc47cXcZtLG4crryfu44zE,5rCf1DM8LjKTw4YqhnoLcngyZYeNnQqztScTogYHAS6,SOL / USDC,SOL / USDC,orca,meteora,93.86209022811977,93.75739557262565,94.0791879875549,93.325457767277,94.19750499799066,93.46977337358526,-11.154093760289419,93.44151655684918,-64.77677231336854,,,,False,,,6624013.358801683,503377.84731319896,503377.84731319896,7127391.206114883,29258844.7278,3862584.0572,3862584.0572,unknown,unknown
2026-03-16 12:00:00+00:00,Czfq3xZZDmsdGdUyrNLtRhGc47cXcZtLG4crryfu44zE,8sKQHfjNhvmAw94PhfvfMcytmqW6jmxvwieYyzXCCPu,SOL / USDC,SOL / USDC,orca,humidifi,93.86209022811977,93.81597428575908,94.0791879875549,93.325457767277,94.21440277956428,93.46977337358526,-4.9131595352935875,95.25214593685938,-64.77677231336854,,,,False,,,6624013.358801683,3597606.356252198,3597606.356252198,10221619.715053882,29258844.7278,155322.9806,155322.9806,unknown,unknown
2026-03-16 13:00:00+00:00,5rCf1DM8LjKTw4YqhnoLcngyZYeNnQqztScTogYHAS6,8sKQHfjNhvmAw94PhfvfMcytmqW6jmxvwieYyzXCCPu,SOL / USDC,SOL / USDC,meteora,humidifi,93.70916765025825,93.71470987788527,95.04818788926528,93.47415044998134,95.11065686503186,93.45375908999902,0.591428540663852,175.0758265437491,-167.74952102441176,,,,False,,,779778.1242272335,4313889.39257208,779778.1242272335,5093667.516799313,3862584.0572,155322.9806,155322.9806,unknown,unknown
2026-03-16 13:00:00+00:00,5rCf1DM8LjKTw4YqhnoLcngyZYeNnQqztScTogYHAS6,Czfq3xZZDmsdGdUyrNLtRhGc47cXcZtLG4crryfu44zE,SOL / USDC,SOL / USDC,meteora,orca,93.70916765025825,93.67690683457427,95.04818788926528,93.47415044998134,94.91725759337909,93.3852140077821,-3.442653103524762,154.38569234924148,-174.96113481096697,,,,False,,,779778.1242272335,11521237.538851822,779778.1242272335,12301015.663079055,3862584.0572,29258844.7278,3862584.0572,unknown,unknown
2026-03-16 13:00:00+00:00,8sKQHfjNhvmAw94PhfvfMcytmqW6jmxvwieYyzXCCPu,5rCf1DM8LjKTw4YqhnoLcngyZYeNnQqztScTogYHAS6,SOL / USDC,SOL / USDC,humidifi,meteora,93.71470987788527,93.70916765025825,95.11065686503186,93.45375908999902,95.04818788926528,93.47415044998134,-0.5913935639600965,170.61152111931267,-172.0634121340181,,,,False,,,4313889.39257208,779778.1242272335,779778.1242272335,5093667.516799313,155322.9806,3862584.0572,155322.9806,unknown,unknown
2026-03-16 13:00:00+00:00,8sKQHfjNhvmAw94PhfvfMcytmqW6jmxvwieYyzXCCPu,Czfq3xZZDmsdGdUyrNLtRhGc47cXcZtLG4crryfu44zE,SOL / USDC,SOL / USDC,humidifi,orca,93.71470987788527,93.67690683457427,95.11065686503186,93.45375908999902,94.91725759337909,93.3852140077821,-4.0338430711961415,156.60135211582826,-181.41425094963637,,,,False,,,4313889.39257208,11521237.538851822,4313889.39257208,15835126.931423903,155322.9806,29258844.7278,155322.9806,unknown,unknown
2026-03-16 13:00:00+00:00,Czfq3xZZDmsdGdUyrNLtRhGc47cXcZtLG4crryfu44zE,5rCf1DM8LjKTw4YqhnoLcngyZYeNnQqztScTogYHAS6,SOL / USDC,SOL / USDC,orca,meteora,93.67690683457427,93.70916765025825,94.91725759337909,93.3852140077821,95.04818788926528,93.47415044998134,3.443838697723134,178.07678647549176,-152.0384364221683,,,,False,,,11521237.538851822,779778.1242272335,779778.1242272335,12301015.663079055,29258844.7278,3862584.0572,3862584.0572,unknown,unknown
2026-03-16 13:00:00+00:00,Czfq3xZZDmsdGdUyrNLtRhGc47cXcZtLG4crryfu44zE,8sKQHfjNhvmAw94PhfvfMcytmqW6jmxvwieYyzXCCPu,SOL / USDC,SOL / USDC,orca,humidifi,93.67690683457427,93.71470987788527,94.91725759337909,93.3852140077821,95.11065686503186,93.45375908999902,4.035470916834427,184.766172630495,-154.18676650453045,,,,False,,,11521237.538851822,4313889.39257208,4313889.39257208,15835126.931423903,29258844.7278,155322.9806,155322.9806,unknown,unknown
2026-03-16 14:00:00+00:00,5rCf1DM8LjKTw4YqhnoLcngyZYeNnQqztScTogYHAS6,8sKQHfjNhvmAw94PhfvfMcytmqW6jmxvwieYyzXCCPu,SOL / USDC,SOL / USDC,meteora,humidifi,93.64026962351228,93.64297063002643,94.55977234555291,92.42968147973073,94.5607821270602,92.40798381366997,0.28844497404811875,230.56453438031087,-227.5585567210958,,,,False,,,886587.4295537623,9411021.003321374,886587.4295537623,10297608.432875136,3862584.0572,155322.9806,155322.9806,unknown,unknown
2026-03-16 14:00:00+00:00,5rCf1DM8LjKTw4YqhnoLcngyZYeNnQqztScTogYHAS6,Czfq3xZZDmsdGdUyrNLtRhGc47cXcZtLG4crryfu44zE,SOL / USDC,SOL / USDC,meteora,orca,93.64026962351228,93.412389734213,94.55977234555291,92.42968147973073,94.5998555765206,92.4826463355153,-24.335672058132253,234.79190472659673,-219.66275494478828,,,,False,,,886587.4295537623,17868354.396593645,886587.4295537623,18754941.826147407,3862584.0572,29258844.7278,3862584.0572,unknown,unknown
2026-03-16 14:00:00+00:00,8sKQHfjNhvmAw94PhfvfMcytmqW6jmxvwieYyzXCCPu,5rCf1DM8LjKTw4YqhnoLcngyZYeNnQqztScTogYHAS6,SOL / USDC,SOL / USDC,humidifi,meteora,93.64297063002643,93.64026962351228,94.5607821270602,92.40798381366997,94.55977234555291,92.42968147973073,-0.2884366542377226,232.85742671561582,-225.368339748494,,,,False,,,9411021.003321374,886587.4295537623,886587.4295537623,10297608.432875136,155322.9806,3862584.0572,155322.9806,unknown,unknown
2026-03-16 14:00:00+00:00,8sKQHfjNhvmAw94PhfvfMcytmqW6jmxvwieYyzXCCPu,Czfq3xZZDmsdGdUyrNLtRhGc47cXcZtLG4crryfu44zE,SOL / USDC,SOL / USDC,humidifi,orca,93.64297063002643,93.412389734213,94.5607821270602,92.40798381366997,94.5998555765206,92.4826463355153,-24.62340678238806,237.195063931952,-219.7671957442704,,,,False,,,9411021.003321374,17868354.396593645,9411021.003321374,27279375.399915017,155322.9806,29258844.7278,155322.9806,unknown,unknown
2026-03-16 14:00:00+00:00,Czfq3xZZDmsdGdUyrNLtRhGc47cXcZtLG4crryfu44zE,5rCf1DM8LjKTw4YqhnoLcngyZYeNnQqztScTogYHAS6,SOL / USDC,SOL / USDC,orca,meteora,93.412389734213,93.64026962351228,94.5998555765206,92.4826463355153,94.55977234555291,92.42968147973073,24.395039025089105,224.59629912644053,-229.405645871672,,,,False,,,17868354.396593645,886587.4295537623,886587.4295537623,18754941.826147407,29258844.7278,3862584.0572,3862584.0572,unknown,unknown
2026-03-16 14:00:00+00:00,Czfq3xZZDmsdGdUyrNLtRhGc47cXcZtLG4crryfu44zE,8sKQHfjNhvmAw94PhfvfMcytmqW6jmxvwieYyzXCCPu,SOL / USDC,SOL / USDC,orca,humidifi,93.412389734213,93.64297063002643,94.5998555765206,92.4826463355153,94.5607821270602,92.40798381366997,24.68418766177649,224.7054851788821,-231.69927157844828,,,,False,,,17868354.396593645,9411021.003321374,9411021.003321374,27279375.399915017,29258844.7278,155322.9806,155322.9806,unknown,unknown
2026-03-16 15:00:00+00:00,5rCf1DM8LjKTw4YqhnoLcngyZYeNnQqztScTogYHAS6,8sKQHfjNhvmAw94PhfvfMcytmqW6jmxvwieYyzXCCPu,SOL / USDC,SOL / USDC,meteora,humidifi,93.23171685035396,93.25622785917622,94.31062178707202,93.13173481929522,94.31058893113176,93.113943061745,2.6290418808438965,126.5792067681204,-126.88695108264648,,,,False,,,453929.2099473273,4889564.045494969,453929.2099473273,5343493.255442296,3862584.0572,155322.9806,155322.9806,unknown,unknown
2026-03-16 15:00:00+00:00,5rCf1DM8LjKTw4YqhnoLcngyZYeNnQqztScTogYHAS6,Czfq3xZZDmsdGdUyrNLtRhGc47cXcZtLG4crryfu44zE,SOL / USDC,SOL / USDC,meteora,orca,93.23171685035396,93.33076032984238,94.31062178707202,93.13173481929522,94.2080628632251,93.33076032984238,10.623367544264628,115.57049227293837,-103.89725342304645,,,,False,,,453929.2099473273,10867300.501768572,453929.2099473273,11321229.7117159,3862584.0572,29258844.7278,3862584.0572,unknown,unknown
2026-03-16 15:00:00+00:00,8sKQHfjNhvmAw94PhfvfMcytmqW6jmxvwieYyzXCCPu,5rCf1DM8LjKTw4YqhnoLcngyZYeNnQqztScTogYHAS6,SOL / USDC,SOL / USDC,humidifi,meteora,93.25622785917622,93.23171685035396,94.31058893113176,93.113943061745,94.31062178707202,93.13173481929522,-2.62835087639135,128.51767264688618,-124.99700459906782,,,,False,,,4889564.045494969,453929.2099473273,453929.2099473273,5343493.255442296,155322.9806,3862584.0572,155322.9806,unknown,unknown
2026-03-16 15:00:00+00:00,8sKQHfjNhvmAw94PhfvfMcytmqW6jmxvwieYyzXCCPu,Czfq3xZZDmsdGdUyrNLtRhGc47cXcZtLG4crryfu44zE,SOL / USDC,SOL / USDC,humidifi,orca,93.25622785917622,93.33076032984238,94.31058893113176,93.113943061745,94.2080628632251,93.33076032984238,7.9922244741337245,117.5033260866809,-103.89380581695696,,,,False,,,4889564.045494969,10867300.501768572,4889564.045494969,15756864.54726354,155322.9806,29258844.7278,155322.9806,unknown,unknown
2026-03-16 15:00:00+00:00,Czfq3xZZDmsdGdUyrNLtRhGc47cXcZtLG4crryfu44zE,5rCf1DM8LjKTw4YqhnoLcngyZYeNnQqztScTogYHAS6,SOL / USDC,SOL / USDC,orca,meteora,93.33076032984238,93.23171685035396,94.2080628632251,93.33076032984238,94.31062178707202,93.13173481929522,-10.612093926845034,104.98805043125171,-114.25009826308896,,,,False,,,10867300.501768572,453929.2099473273,453929.2099473273,11321229.7117159,29258844.7278,3862584.0572,3862584.0572,unknown,unknown
2026-03-16 15:00:00+00:00,Czfq3xZZDmsdGdUyrNLtRhGc47cXcZtLG4crryfu44zE,8sKQHfjNhvmAw94PhfvfMcytmqW6jmxvwieYyzXCCPu,SOL / USDC,SOL / USDC,orca,humidifi,93.33076032984238,93.25622785917622,94.2080628632251,93.33076032984238,94.31058893113176,93.113943061745,-7.985842009938793,104.98453005488795,-116.13865822382662,,,,False,,,10867300.501768572,4889564.045494969,4889564.045494969,15756864.54726354,29258844.7278,155322.9806,155322.9806,unknown,unknown
2026-03-16 16:00:00+00:00,5rCf1DM8LjKTw4YqhnoLcngyZYeNnQqztScTogYHAS6,8sKQHfjNhvmAw94PhfvfMcytmqW6jmxvwieYyzXCCPu,SOL / USDC,SOL / USDC,meteora,humidifi,93.82342437964192,93.81041468252675,94.05624642843757,93.1528362344511,94.07919120115154,93.1453140406444,-1.386615037894945,99.44463358785515,-96.84974920684985,,,,False,,,347782.8771105019,4305750.765211227,347782.8771105019,4653533.642321729,3862584.0572,155322.9806,155322.9806,unknown,unknown
2026-03-16 16:00:00+00:00,5rCf1DM8LjKTw4YqhnoLcngyZYeNnQqztScTogYHAS6,Czfq3xZZDmsdGdUyrNLtRhGc47cXcZtLG4crryfu44zE,SOL / USDC,SOL / USDC,meteora,orca,93.82342437964192,93.834833440482,94.05624642843757,93.1528362344511,93.8598117764296,93.0857718181818,1.2160141153993997,75.89415100568209,-103.1802402399884,,,,False,,,347782.8771105019,7674487.382489287,347782.8771105019,8022270.259599789,3862584.0572,29258844.7278,3862584.0572,unknown,unknown
2026-03-16 16:00:00+00:00,8sKQHfjNhvmAw94PhfvfMcytmqW6jmxvwieYyzXCCPu,5rCf1DM8LjKTw4YqhnoLcngyZYeNnQqztScTogYHAS6,SOL / USDC,SOL / USDC,humidifi,meteora,93.81041468252675,93.82342437964192,94.07919120115154,93.1453140406444,94.05624642843757,93.1528362344511,1.3868073346867682,97.79690982583355,-98.46544755256149,,,,False,,,4305750.765211227,347782.8771105019,347782.8771105019,4653533.642321729,155322.9806,3862584.0572,155322.9806,unknown,unknown
2026-03-16 16:00:00+00:00,8sKQHfjNhvmAw94PhfvfMcytmqW6jmxvwieYyzXCCPu,Czfq3xZZDmsdGdUyrNLtRhGc47cXcZtLG4crryfu44zE,SOL / USDC,SOL / USDC,humidifi,orca,93.81041468252675,93.834833440482,94.07919120115154,93.1453140406444,93.8598117764296,93.0857718181818,2.602990087814394,76.70785622918564,-105.59395444266872,,,,False,,,4305750.765211227,7674487.382489287,4305750.765211227,11980238.147700515,155322.9806,29258844.7278,155322.9806,unknown,unknown
2026-03-16 16:00:00+00:00,Czfq3xZZDmsdGdUyrNLtRhGc47cXcZtLG4crryfu44zE,5rCf1DM8LjKTw4YqhnoLcngyZYeNnQqztScTogYHAS6,SOL / USDC,SOL / USDC,orca,meteora,93.834833440482,93.82342437964192,93.8598117764296,93.0857718181818,94.05624642843757,93.1528362344511,-1.2158662643457774,104.25595569550028,-75.32249730720531,,,,False,,,7674487.382489287,347782.8771105019,347782.8771105019,8022270.259599789,29258844.7278,3862584.0572,3862584.0572,unknown,unknown
2026-03-16 16:00:00+00:00,Czfq3xZZDmsdGdUyrNLtRhGc47cXcZtLG4crryfu44zE,8sKQHfjNhvmAw94PhfvfMcytmqW6jmxvwieYyzXCCPu,SOL / USDC,SOL / USDC,orca,humidifi,93.834833440482,93.81041468252675,93.8598117764296,93.0857718181818,94.07919120115154,93.1453140406444,-2.6023127083962816,106.72086222909938,-76.12392591273331,,,,False,,,7674487.382489287,4305750.765211227,4305750.765211227,11980238.147700515,29258844.7278,155322.9806,155322.9806,unknown,unknown
2026-03-16 17:00:00+00:00,5rCf1DM8LjKTw4YqhnoLcngyZYeNnQqztScTogYHAS6,8sKQHfjNhvmAw94PhfvfMcytmqW6jmxvwieYyzXCCPu,SOL / USDC,SOL / USDC,meteora,humidifi,94.07574519938177,94.12268716034937,94.41064684277109,93.70380129763063,94.41154663555835,93.7024048876674,4.9898048501351155,75.53005621188325,-75.01717007438513,,,,False,,,294321.5866806408,3960456.6994138216,294321.5866806408,4254778.2860944625,3862584.0572,155322.9806,155322.9806,unknown,unknown
2026-03-16 17:00:00+00:00,5rCf1DM8LjKTw4YqhnoLcngyZYeNnQqztScTogYHAS6,Czfq3xZZDmsdGdUyrNLtRhGc47cXcZtLG4crryfu44zE,SOL / USDC,SOL / USDC,meteora,orca,94.07574519938177,94.088680066271,94.41064684277109,93.70380129763063,94.4292136841347,93.6058027998636,1.3749417410213738,77.41547049942454,-85.24928806470933,,,,False,,,294321.5866806408,6595959.047099984,294321.5866806408,6890280.633780625,3862584.0572,29258844.7278,3862584.0572,unknown,unknown
2026-03-16 17:00:00+00:00,8sKQHfjNhvmAw94PhfvfMcytmqW6jmxvwieYyzXCCPu,5rCf1DM8LjKTw4YqhnoLcngyZYeNnQqztScTogYHAS6,SOL / USDC,SOL / USDC,humidifi,meteora,94.12268716034937,94.07574519938177,94.41154663555835,93.7024048876674,94.41064684277109,93.70380129763063,-4.987316276641174,75.5841812120761,-74.9638538027253,,,,False,,,3960456.6994138216,294321.5866806408,294321.5866806408,4254778.2860944625,155322.9806,3862584.0572,155322.9806,unknown,unknown
2026-03-16 17:00:00+00:00,8sKQHfjNhvmAw94PhfvfMcytmqW6jmxvwieYyzXCCPu,Czfq3xZZDmsdGdUyrNLtRhGc47cXcZtLG4crryfu44zE,SOL / USDC,SOL / USDC,humidifi,orca,94.12268716034937,94.088680066271,94.41154663555835,93.7024048876674,94.4292136841347,93.6058027998636,-3.613060262552814,77.56565024543471,-85.34378096834216,,,,False,,,3960456.6994138216,6595959.047099984,3960456.6994138216,10556415.746513806,155322.9806,29258844.7278,155322.9806,unknown,unknown
2026-03-16 17:00:00+00:00,Czfq3xZZDmsdGdUyrNLtRhGc47cXcZtLG4crryfu44zE,5rCf1DM8LjKTw4YqhnoLcngyZYeNnQqztScTogYHAS6,SOL / USDC,SOL / USDC,orca,meteora,94.088680066271,94.07574519938177,94.4292136841347,93.6058027998636,94.41064684277109,93.70380129763063,-1.3747527205310028,85.98228088789739,-76.82075897937236,,,,False,,,6595959.047099984,294321.5866806408,294321.5866806408,6890280.633780625,29258844.7278,3862584.0572,3862584.0572,unknown,unknown
2026-03-16 17:00:00+00:00,Czfq3xZZDmsdGdUyrNLtRhGc47cXcZtLG4crryfu44zE,8sKQHfjNhvmAw94PhfvfMcytmqW6jmxvwieYyzXCCPu,SOL / USDC,SOL / USDC,orca,humidifi,94.088680066271,94.12268716034937,94.4292136841347,93.6058027998636,94.41154663555835,93.7024048876674,3.6143661548249106,86.07840663655165,-76.96863799993791,,,,False,,,6595959.047099984,3960456.6994138216,3960456.6994138216,10556415.746513806,29258844.7278,155322.9806,155322.9806,unknown,unknown
2026-03-16 18:00:00+00:00,5rCf1DM8LjKTw4YqhnoLcngyZYeNnQqztScTogYHAS6,8sKQHfjNhvmAw94PhfvfMcytmqW6jmxvwieYyzXCCPu,SOL / USDC,SOL / USDC,meteora,humidifi,94.39755347464215,94.39755347464215,95.09443527228946,94.07574519938177,95.0958796113196,94.08127203998228,0.0,108.43755845630466,-106.542851787923,,,,False,,,286451.8047126444,4894509.093551863,286451.8047126444,5180960.898264508,3862584.0572,155322.9806,155322.9806,unknown,unknown
2026-03-16 18:00:00+00:00,5rCf1DM8LjKTw4YqhnoLcngyZYeNnQqztScTogYHAS6,Czfq3xZZDmsdGdUyrNLtRhGc47cXcZtLG4crryfu44zE,SOL / USDC,SOL / USDC,meteora,orca,94.39755347464215,94.58865910819478,95.09443527228946,94.07574519938177,94.9665824003689,94.08867308483232,20.244765517567487,94.69361088760175,-105.76456809247348,,,,False,,,286451.8047126444,7029792.54224215,286451.8047126444,7316244.346954795,3862584.0572,29258844.7278,3862584.0572,unknown,unknown
2026-03-16 18:00:00+00:00,8sKQHfjNhvmAw94PhfvfMcytmqW6jmxvwieYyzXCCPu,5rCf1DM8LjKTw4YqhnoLcngyZYeNnQqztScTogYHAS6,SOL / USDC,SOL / USDC,humidifi,meteora,94.39755347464215,94.39755347464215,95.0958796113196,94.08127203998228,95.09443527228946,94.07574519938177,0.0,107.69021403926216,-107.27430211565192,,,,False,,,4894509.093551863,286451.8047126444,286451.8047126444,5180960.898264508,155322.9806,3862584.0572,155322.9806,unknown,unknown
2026-03-16 18:00:00+00:00,8sKQHfjNhvmAw94PhfvfMcytmqW6jmxvwieYyzXCCPu,Czfq3xZZDmsdGdUyrNLtRhGc47cXcZtLG4crryfu44zE,SOL / USDC,SOL / USDC,humidifi,orca,94.39755347464215,94.58865910819478,95.0958796113196,94.08127203998228,94.9665824003689,94.08867308483232,20.244765517567487,94.10059421926186,-105.91484411353935,,,,False,,,4894509.093551863,7029792.54224215,4894509.093551863,11924301.635794014,155322.9806,29258844.7278,155322.9806,unknown,unknown
2026-03-16 18:00:00+00:00,Czfq3xZZDmsdGdUyrNLtRhGc47cXcZtLG4crryfu44zE,5rCf1DM8LjKTw4YqhnoLcngyZYeNnQqztScTogYHAS6,SOL / USDC,SOL / USDC,orca,meteora,94.58865910819478,94.39755347464215,94.9665824003689,94.08867308483232,95.09443527228946,94.07574519938177,-20.203863270122913,106.89513992298671,-93.80533430501492,,,,False,,,7029792.54224215,286451.8047126444,286451.8047126444,7316244.346954795,29258844.7278,3862584.0572,3862584.0572,unknown,unknown
2026-03-16 18:00:00+00:00,Czfq3xZZDmsdGdUyrNLtRhGc47cXcZtLG4crryfu44zE,8sKQHfjNhvmAw94PhfvfMcytmqW6jmxvwieYyzXCCPu,SOL / USDC,SOL / USDC,orca,humidifi,94.58865910819478,94.39755347464215,94.9665824003689,94.08867308483232,95.0958796113196,94.08127203998228,-20.203863270122913,107.04864820223037,-93.22335689140093,,,,False,,,7029792.54224215,4894509.093551863,4894509.093551863,11924301.635794014,29258844.7278,155322.9806,155322.9806,unknown,unknown
2026-03-16 19:00:00+00:00,5rCf1DM8LjKTw4YqhnoLcngyZYeNnQqztScTogYHAS6,8sKQHfjNhvmAw94PhfvfMcytmqW6jmxvwieYyzXCCPu,SOL / USDC,SOL / USDC,meteora,humidifi,95.2886521709307,95.22935354553674,95.45857036560463,94.23549838395861,95.47376901576905,94.18896736799161,-6.2230521728434685,131.40171729820514,-133.00042026090142,,,,False,,,602088.6723986587,4841927.507812141,602088.6723986587,5444016.1802108,3862584.0572,155322.9806,155322.9806,unknown,unknown
2026-03-16 19:00:00+00:00,5rCf1DM8LjKTw4YqhnoLcngyZYeNnQqztScTogYHAS6,Czfq3xZZDmsdGdUyrNLtRhGc47cXcZtLG4crryfu44zE,SOL / USDC,SOL / USDC,meteora,orca,95.2886521709307,95.2596238347862,95.45857036560463,94.23549838395861,95.455663230025,94.2909934411213,-3.0463581426709574,129.48038340020008,-122.31242517162455,,,,False,,,602088.6723986587,9398078.341777297,602088.6723986587,10000167.014175955,3862584.0572,29258844.7278,3862584.0572,unknown,unknown
2026-03-16 19:00:00+00:00,8sKQHfjNhvmAw94PhfvfMcytmqW6jmxvwieYyzXCCPu,5rCf1DM8LjKTw4YqhnoLcngyZYeNnQqztScTogYHAS6,SOL / USDC,SOL / USDC,humidifi,meteora,95.22935354553674,95.2886521709307,95.47376901576905,94.18896736799161,95.45857036560463,94.23549838395861,6.226927222141576,134.79317515529664,-129.697470265987,,,,False,,,4841927.507812141,602088.6723986587,602088.6723986587,5444016.1802108,155322.9806,3862584.0572,155322.9806,unknown,unknown
2026-03-16 19:00:00+00:00,8sKQHfjNhvmAw94PhfvfMcytmqW6jmxvwieYyzXCCPu,Czfq3xZZDmsdGdUyrNLtRhGc47cXcZtLG4crryfu44zE,SOL / USDC,SOL / USDC,humidifi,orca,95.22935354553674,95.2596238347862,95.47376901576905,94.18896736799161,95.455663230025,94.2909934411213,3.178672134425131,134.48452588767256,-123.8848729699138,,,,False,,,4841927.507812141,9398078.341777297,4841927.507812141,14240005.849589437,155322.9806,29258844.7278,155322.9806,unknown,unknown
2026-03-16 19:00:00+00:00,Czfq3xZZDmsdGdUyrNLtRhGc47cXcZtLG4crryfu44zE,5rCf1DM8LjKTw4YqhnoLcngyZYeNnQqztScTogYHAS6,SOL / USDC,SOL / USDC,orca,meteora,95.2596238347862,95.2886521709307,95.455663230025,94.2909934411213,95.45857036560463,94.23549838395861,3.047286455262199,123.82698303124772,-127.82529655952169,,,,False,,,9398078.341777297,602088.6723986587,602088.6723986587,10000167.014175955,29258844.7278,3862584.0572,3862584.0572,unknown,unknown
2026-03-16 19:00:00+00:00,Czfq3xZZDmsdGdUyrNLtRhGc47cXcZtLG4crryfu44zE,8sKQHfjNhvmAw94PhfvfMcytmqW6jmxvwieYyzXCCPu,SOL / USDC,SOL / USDC,orca,humidifi,95.2596238347862,95.22935354553674,95.455663230025,94.2909934411213,95.47376901576905,94.18896736799161,-3.1776620598411576,125.4388708277121,-132.6999173407828,,,,False,,,9398078.341777297,4841927.507812141,4841927.507812141,14240005.849589437,29258844.7278,155322.9806,155322.9806,unknown,unknown
2026-03-16 20:00:00+00:00,5rCf1DM8LjKTw4YqhnoLcngyZYeNnQqztScTogYHAS6,8sKQHfjNhvmAw94PhfvfMcytmqW6jmxvwieYyzXCCPu,SOL / USDC,SOL / USDC,meteora,humidifi,95.79724332155487,95.78299712390724,95.99039631194711,95.09861420607598,96.0009699684097,95.07083754399171,-1.4871197911003886,94.88632088563875,-95.79695503777685,,,,False,,,381427.5160840379,3267840.2248629127,381427.5160840379,3649267.7409469504,3862584.0572,155322.9806,155322.9806,unknown,unknown
2026-03-16 20:00:00+00:00,5rCf1DM8LjKTw4YqhnoLcngyZYeNnQqztScTogYHAS6,Czfq3xZZDmsdGdUyrNLtRhGc47cXcZtLG4crryfu44zE,SOL / USDC,SOL / USDC,meteora,orca,95.79724332155487,95.74804294530291,95.99039631194711,95.09861420607598,95.9893526179338,94.9914840847176,-5.135886435355674,93.66470997438813,-104.06376737765233,,,,False,,,381427.5160840379,4884953.352692775,381427.5160840379,5266380.868776813,3862584.0572,29258844.7278,3862584.0572,unknown,unknown
2026-03-16 20:00:00+00:00,8sKQHfjNhvmAw94PhfvfMcytmqW6jmxvwieYyzXCCPu,5rCf1DM8LjKTw4YqhnoLcngyZYeNnQqztScTogYHAS6,SOL / USDC,SOL / USDC,humidifi,meteora,95.78299712390724,95.79724332155487,96.0009699684097,95.07083754399171,95.99039631194711,95.09861420607598,1.4873409765203682,96.72353707096404,-93.99444220518416,,,,False,,,3267840.2248629127,381427.5160840379,381427.5160840379,3649267.7409469504,155322.9806,3862584.0572,155322.9806,unknown,unknown
2026-03-16 20:00:00+00:00,8sKQHfjNhvmAw94PhfvfMcytmqW6jmxvwieYyzXCCPu,Czfq3xZZDmsdGdUyrNLtRhGc47cXcZtLG4crryfu44zE,SOL / USDC,SOL / USDC,humidifi,orca,95.78299712390724,95.74804294530291,96.0009699684097,95.07083754399171,95.9893526179338,94.9914840847176,-3.649309340268969,96.61375640212188,-105.15371709518107,,,,False,,,3267840.2248629127,4884953.352692775,3267840.2248629127,8152793.577555688,155322.9806,29258844.7278,155322.9806,unknown,unknown
2026-03-16 20:00:00+00:00,Czfq3xZZDmsdGdUyrNLtRhGc47cXcZtLG4crryfu44zE,5rCf1DM8LjKTw4YqhnoLcngyZYeNnQqztScTogYHAS6,SOL / USDC,SOL / USDC,orca,meteora,95.74804294530291,95.79724332155487,95.9893526179338,94.9914840847176,95.99039631194711,95.09861420607598,5.138525523709081,105.15808199592192,-92.79554321021676,,,,False,,,4884953.352692775,381427.5160840379,381427.5160840379,5266380.868776813,29258844.7278,3862584.0572,3862584.0572,unknown,unknown
2026-03-16 20:00:00+00:00,Czfq3xZZDmsdGdUyrNLtRhGc47cXcZtLG4crryfu44zE,8sKQHfjNhvmAw94PhfvfMcytmqW6jmxvwieYyzXCCPu,SOL / USDC,SOL / USDC,orca,humidifi,95.74804294530291,95.78299712390724,95.9893526179338,94.9914840847176,96.0009699684097,95.07083754399171,3.6506415723081,106.27119824676123,-95.68926645417197,,,,False,,,4884953.352692775,3267840.2248629127,3267840.2248629127,8152793.577555688,29258844.7278,155322.9806,155322.9806,unknown,unknown
2026-03-16 21:00:00+00:00,5rCf1DM8LjKTw4YqhnoLcngyZYeNnQqztScTogYHAS6,8sKQHfjNhvmAw94PhfvfMcytmqW6jmxvwieYyzXCCPu,SOL / USDC,SOL / USDC,meteora,humidifi,96.18493345735519,96.18493388210624,96.82820063666715,95.49727985584619,96.83869507410532,95.49727969227618,4.415983134720136e-05,140.46632744765031,-137.45178942083604,,,,False,,,546331.350817908,6105564.782025965,546331.350817908,6651896.1328438725,3862584.0572,155322.9806,155322.9806,unknown,unknown
2026-03-16 21:00:00+00:00,5rCf1DM8LjKTw4YqhnoLcngyZYeNnQqztScTogYHAS6,Czfq3xZZDmsdGdUyrNLtRhGc47cXcZtLG4crryfu44zE,SOL / USDC,SOL / USDC,meteora,orca,96.18493345735519,96.45342843816174,96.82820063666715,95.49727985584619,96.8395618904926,95.4365111111111,27.914453039112885,140.55709614688493,-143.72770705283978,,,,False,,,546331.350817908,13399625.421879012,546331.350817908,13945956.77269692,3862584.0572,29258844.7278,3862584.0572,unknown,unknown
2026-03-16 21:00:00+00:00,8sKQHfjNhvmAw94PhfvfMcytmqW6jmxvwieYyzXCCPu,5rCf1DM8LjKTw4YqhnoLcngyZYeNnQqztScTogYHAS6,SOL / USDC,SOL / USDC,humidifi,meteora,96.18493388210624,96.18493345735519,96.83869507410532,95.49727969227618,96.82820063666715,95.49727985584619,-4.415983134720136e-05,139.3674195411254,-138.5205797365008,,,,False,,,6105564.782025965,546331.350817908,546331.350817908,6651896.1328438725,155322.9806,3862584.0572,155322.9806,unknown,unknown
2026-03-16 21:00:00+00:00,8sKQHfjNhvmAw94PhfvfMcytmqW6jmxvwieYyzXCCPu,Czfq3xZZDmsdGdUyrNLtRhGc47cXcZtLG4crryfu44zE,SOL / USDC,SOL / USDC,humidifi,orca,96.18493388210624,96.45342843816174,96.83869507410532,95.49727969227618,96.8395618904926,95.4365111111111,27.914408756011255,140.55711351587118,-144.79583413646745,,,,False,,,6105564.782025965,13399625.421879012,6105564.782025965,19505190.20390498,155322.9806,29258844.7278,155322.9806,unknown,unknown
2026-03-16 21:00:00+00:00,Czfq3xZZDmsdGdUyrNLtRhGc47cXcZtLG4crryfu44zE,5rCf1DM8LjKTw4YqhnoLcngyZYeNnQqztScTogYHAS6,SOL / USDC,SOL / USDC,orca,meteora,96.45342843816174,96.18493345735519,96.8395618904926,95.4365111111111,96.82820063666715,95.49727985584619,-27.836748278853296,145.82359616392316,-138.60885039569726,,,,False,,,13399625.421879012,546331.350817908,546331.350817908,13945956.77269692,29258844.7278,3862584.0572,3862584.0572,unknown,unknown
2026-03-16 21:00:00+00:00,Czfq3xZZDmsdGdUyrNLtRhGc47cXcZtLG4crryfu44zE,8sKQHfjNhvmAw94PhfvfMcytmqW6jmxvwieYyzXCCPu,SOL / USDC,SOL / USDC,orca,humidifi,96.45342843816174,96.18493388210624,96.8395618904926,95.4365111111111,96.83869507410532,95.49727969227618,-27.836704241948063,146.92322117284107,-138.60886728652267,,,,False,,,13399625.421879012,6105564.782025965,6105564.782025965,19505190.20390498,29258844.7278,155322.9806,155322.9806,unknown,unknown
2026-03-16 22:00:00+00:00,5rCf1DM8LjKTw4YqhnoLcngyZYeNnQqztScTogYHAS6,8sKQHfjNhvmAw94PhfvfMcytmqW6jmxvwieYyzXCCPu,SOL / USDC,SOL / USDC,meteora,humidifi,96.37870753385792,96.38315306435639,97.65220821848783,96.17989089578134,97.67705380004797,96.17989089578134,0.4612564966088861,155.6627783960507,-150.77153395367304,,,,False,,,790696.0556063965,6281694.882862389,790696.0556063965,7072390.938468786,3862584.0572,155322.9806,155322.9806,unknown,unknown
2026-03-16 22:00:00+00:00,5rCf1DM8LjKTw4YqhnoLcngyZYeNnQqztScTogYHAS6,Czfq3xZZDmsdGdUyrNLtRhGc47cXcZtLG4crryfu44zE,SOL / USDC,SOL / USDC,meteora,orca,96.37870753385792,96.43296298834538,97.65220821848783,96.17989089578134,97.5415689441065,96.1685154086169,5.62940258027389,141.57616895205783,-151.9364320519312,,,,False,,,790696.0556063965,7494937.1296137655,790696.0556063965,8285633.185220162,3862584.0572,29258844.7278,3862584.0572,unknown,unknown
2026-03-16 22:00:00+00:00,8sKQHfjNhvmAw94PhfvfMcytmqW6jmxvwieYyzXCCPu,5rCf1DM8LjKTw4YqhnoLcngyZYeNnQqztScTogYHAS6,SOL / USDC,SOL / USDC,humidifi,meteora,96.38315306435639,96.37870753385792,97.67705380004797,96.17989089578134,97.65220821848783,96.17989089578134,-0.46123522183472154,153.07953762412342,-153.2768286942221,,,,False,,,6281694.882862389,790696.0556063965,790696.0556063965,7072390.938468786,155322.9806,3862584.0572,155322.9806,unknown,unknown
2026-03-16 22:00:00+00:00,8sKQHfjNhvmAw94PhfvfMcytmqW6jmxvwieYyzXCCPu,Czfq3xZZDmsdGdUyrNLtRhGc47cXcZtLG4crryfu44zE,SOL / USDC,SOL / USDC,humidifi,orca,96.38315306435639,96.43296298834538,97.67705380004797,96.17989089578134,97.5415689441065,96.1685154086169,5.1679077105659665,141.57616895205783,-154.44143048367943,,,,False,,,6281694.882862389,7494937.1296137655,6281694.882862389,13776632.012476154,155322.9806,29258844.7278,155322.9806,unknown,unknown
2026-03-16 22:00:00+00:00,Czfq3xZZDmsdGdUyrNLtRhGc47cXcZtLG4crryfu44zE,5rCf1DM8LjKTw4YqhnoLcngyZYeNnQqztScTogYHAS6,SOL / USDC,SOL / USDC,orca,meteora,96.43296298834538,96.37870753385792,97.5415689441065,96.1685154086169,97.65220821848783,96.17989089578134,-5.626235345896902,154.28051515267381,-139.5997689052375,,,,False,,,7494937.1296137655,790696.0556063965,790696.0556063965,8285633.185220162,29258844.7278,3862584.0572,3862584.0572,unknown,unknown
2026-03-16 22:00:00+00:00,Czfq3xZZDmsdGdUyrNLtRhGc47cXcZtLG4crryfu44zE,8sKQHfjNhvmAw94PhfvfMcytmqW6jmxvwieYyzXCCPu,SOL / USDC,SOL / USDC,orca,humidifi,96.43296298834538,96.38315306435639,97.5415689441065,96.1685154086169,97.67705380004797,96.17989089578134,-5.165238363048497,156.86406148845532,-139.5997689052375,,,,False,,,7494937.1296137655,6281694.882862389,6281694.882862389,13776632.012476154,29258844.7278,155322.9806,155322.9806,unknown,unknown
2026-03-16 23:00:00+00:00,5rCf1DM8LjKTw4YqhnoLcngyZYeNnQqztScTogYHAS6,8sKQHfjNhvmAw94PhfvfMcytmqW6jmxvwieYyzXCCPu,SOL / USDC,SOL / USDC,meteora,humidifi,96.18410887150192,96.15632666130969,96.4723820935812,95.443514758936,96.47441227293417,95.13773593368055,-2.8884407744889096,108.01126892716839,-138.34489528889327,,,,False,,,977192.1140912258,4164119.534922449,977192.1140912258,5141311.649013675,3862584.0572,155322.9806,155322.9806,unknown,unknown
2026-03-16 23:00:00+00:00,5rCf1DM8LjKTw4YqhnoLcngyZYeNnQqztScTogYHAS6,Czfq3xZZDmsdGdUyrNLtRhGc47cXcZtLG4crryfu44zE,SOL / USDC,SOL / USDC,meteora,orca,96.18410887150192,96.20690015462824,96.4723820935812,95.443514758936,96.4678338038137,95.4314989094932,2.3695476720342334,107.3220163218891,-107.89442133587124,,,,False,,,977192.1140912258,5042103.11015454,977192.1140912258,6019295.224245766,3862584.0572,29258844.7278,3862584.0572,unknown,unknown
2026-03-16 23:00:00+00:00,8sKQHfjNhvmAw94PhfvfMcytmqW6jmxvwieYyzXCCPu,5rCf1DM8LjKTw4YqhnoLcngyZYeNnQqztScTogYHAS6,SOL / USDC,SOL / USDC,humidifi,meteora,96.15632666130969,96.18410887150192,96.47441227293417,95.13773593368055,96.4723820935812,95.443514758936,2.8892753245535197,140.28567600463225,-106.85709191797676,,,,False,,,4164119.534922449,977192.1140912258,977192.1140912258,5141311.649013675,155322.9806,3862584.0572,155322.9806,unknown,unknown
2026-03-16 23:00:00+00:00,8sKQHfjNhvmAw94PhfvfMcytmqW6jmxvwieYyzXCCPu,Czfq3xZZDmsdGdUyrNLtRhGc47cXcZtLG4crryfu44zE,SOL / USDC,SOL / USDC,humidifi,orca,96.15632666130969,96.20690015462824,96.47441227293417,95.13773593368055,96.4678338038137,95.4314989094932,5.259507624151283,139.8076017974992,-108.10258791631556,,,,False,,,4164119.534922449,5042103.11015454,4164119.534922449,9206222.64507699,155322.9806,29258844.7278,155322.9806,unknown,unknown
2026-03-16 23:00:00+00:00,Czfq3xZZDmsdGdUyrNLtRhGc47cXcZtLG4crryfu44zE,5rCf1DM8LjKTw4YqhnoLcngyZYeNnQqztScTogYHAS6,SOL / USDC,SOL / USDC,orca,meteora,96.20690015462824,96.18410887150192,96.4678338038137,95.4314989094932,96.4723820935812,95.443514758936,-2.3689863294307223,109.07123915921746,-106.18244491328088,,,,False,,,5042103.11015454,977192.1140912258,977192.1140912258,6019295.224245766,29258844.7278,3862584.0572,3862584.0572,unknown,unknown
2026-03-16 23:00:00+00:00,Czfq3xZZDmsdGdUyrNLtRhGc47cXcZtLG4crryfu44zE,8sKQHfjNhvmAw94PhfvfMcytmqW6jmxvwieYyzXCCPu,SOL / USDC,SOL / USDC,orca,humidifi,96.20690015462824,96.15632666130969,96.4678338038137,95.4314989094932,96.47441227293417,95.13773593368055,-5.256742836248218,109.28397597842033,-137.87993548587173,,,,False,,,5042103.11015454,4164119.534922449,4164119.534922449,9206222.64507699,29258844.7278,155322.9806,155322.9806,unknown,unknown
2026-03-17 00:00:00+00:00,5rCf1DM8LjKTw4YqhnoLcngyZYeNnQqztScTogYHAS6,8sKQHfjNhvmAw94PhfvfMcytmqW6jmxvwieYyzXCCPu,SOL / USDC,SOL / USDC,meteora,humidifi,95.49436706959821,95.51555053773738,96.93108216760399,95.15260324126677,96.95267059268555,95.14436660738056,2.218295046003682,189.1768895544099,-184.32844452659802,,,,False,,,1832722.712306502,6127475.167985285,1832722.712306502,7960197.880291787,3862584.0572,155322.9806,155322.9806,unknown,unknown
2026-03-17 00:00:00+00:00,5rCf1DM8LjKTw4YqhnoLcngyZYeNnQqztScTogYHAS6,Czfq3xZZDmsdGdUyrNLtRhGc47cXcZtLG4crryfu44zE,SOL / USDC,SOL / USDC,meteora,orca,95.49436706959821,95.37492587759007,96.93108216760399,95.15260324126677,96.7055680439408,95.3684378437716,-12.507668847220321,163.20781037764797,-161.2118929127826,,,,False,,,1832722.712306502,11286251.778996505,1832722.712306502,13118974.491303006,3862584.0572,29258844.7278,3862584.0572,unknown,unknown
2026-03-17 00:00:00+00:00,8sKQHfjNhvmAw94PhfvfMcytmqW6jmxvwieYyzXCCPu,5rCf1DM8LjKTw4YqhnoLcngyZYeNnQqztScTogYHAS6,SOL / USDC,SOL / USDC,humidifi,meteora,95.51555053773738,95.49436706959821,96.95267059268555,95.14436660738056,96.93108216760399,95.15260324126677,-2.2178030718467134,187.78994741710963,-185.66454543384015,,,,False,,,6127475.167985285,1832722.712306502,1832722.712306502,7960197.880291787,155322.9806,3862584.0572,155322.9806,unknown,unknown
2026-03-17 00:00:00+00:00,8sKQHfjNhvmAw94PhfvfMcytmqW6jmxvwieYyzXCCPu,Czfq3xZZDmsdGdUyrNLtRhGc47cXcZtLG4crryfu44zE,SOL / USDC,SOL / USDC,humidifi,orca,95.51555053773738,95.37492587759007,96.95267059268555,95.14436660738056,96.7055680439408,95.3684378437716,-14.722697964427711,164.08763778970047,-163.40269321405088,,,,False,,,6127475.167985285,11286251.778996505,6127475.167985285,17413726.946981788,155322.9806,29258844.7278,155322.9806,unknown,unknown
2026-03-17 00:00:00+00:00,Czfq3xZZDmsdGdUyrNLtRhGc47cXcZtLG4crryfu44zE,5rCf1DM8LjKTw4YqhnoLcngyZYeNnQqztScTogYHAS6,SOL / USDC,SOL / USDC,orca,meteora,95.37492587759007,95.49436706959821,96.7055680439408,95.3684378437716,96.93108216760399,95.15260324126677,12.523332616942717,163.85340466541277,-160.5869066368959,,,,False,,,11286251.778996505,1832722.712306502,1832722.712306502,13118974.491303006,29258844.7278,3862584.0572,3862584.0572,unknown,unknown
2026-03-17 00:00:00+00:00,Czfq3xZZDmsdGdUyrNLtRhGc47cXcZtLG4crryfu44zE,8sKQHfjNhvmAw94PhfvfMcytmqW6jmxvwieYyzXCCPu,SOL / USDC,SOL / USDC,orca,humidifi,95.37492587759007,95.51555053773738,96.7055680439408,95.3684378437716,96.95267059268555,95.14436660738056,14.74440570761626,166.11709122353213,-161.43862945418698,,,,False,,,11286251.778996505,6127475.167985285,6127475.167985285,17413726.946981788,29258844.7278,155322.9806,155322.9806,unknown,unknown
2026-03-17 01:00:00+00:00,5rCf1DM8LjKTw4YqhnoLcngyZYeNnQqztScTogYHAS6,8sKQHfjNhvmAw94PhfvfMcytmqW6jmxvwieYyzXCCPu,SOL / USDC,SOL / USDC,meteora,humidifi,95.6992743894625,95.73893267622962,96.06719344699579,94.97729726934303,96.06719344699579,94.97683709795955,4.144053026537975,114.75333674340726,-113.49934456426402,,,,False,,,1992641.5434965491,6127511.796548782,1992641.5434965491,8120153.340045331,3862584.0572,155322.9806,155322.9806,unknown,unknown
2026-03-17 01:00:00+00:00,5rCf1DM8LjKTw4YqhnoLcngyZYeNnQqztScTogYHAS6,Czfq3xZZDmsdGdUyrNLtRhGc47cXcZtLG4crryfu44zE,SOL / USDC,SOL / USDC,meteora,orca,95.6992743894625,95.60233814731448,96.06719344699579,94.97729726934303,96.0893200436406,95.0686374470804,-10.129255709245832,117.08300891570155,-103.94349663876979,,,,False,,,1992641.5434965491,10935090.157151107,1992641.5434965491,12927731.700647656,3862584.0572,29258844.7278,3862584.0572,unknown,unknown
2026-03-17 01:00:00+00:00,8sKQHfjNhvmAw94PhfvfMcytmqW6jmxvwieYyzXCCPu,5rCf1DM8LjKTw4YqhnoLcngyZYeNnQqztScTogYHAS6,SOL / USDC,SOL / USDC,humidifi,meteora,95.73893267622962,95.6992743894625,96.06719344699579,94.97683709795955,96.06719344699579,94.97729726934303,-4.14233642036077,114.80234364002362,-113.45144357257641,,,,False,,,6127511.796548782,1992641.5434965491,1992641.5434965491,8120153.340045331,155322.9806,3862584.0572,155322.9806,unknown,unknown
2026-03-17 01:00:00+00:00,8sKQHfjNhvmAw94PhfvfMcytmqW6jmxvwieYyzXCCPu,Czfq3xZZDmsdGdUyrNLtRhGc47cXcZtLG4crryfu44zE,SOL / USDC,SOL / USDC,humidifi,orca,95.73893267622962,95.60233814731448,96.06719344699579,94.97683709795955,96.0893200436406,95.0686374470804,-14.267396251123055,117.13202709978887,-103.94349663876979,,,,False,,,6127511.796548782,10935090.157151107,6127511.796548782,17062601.953699887,155322.9806,29258844.7278,155322.9806,unknown,unknown
2026-03-17 01:00:00+00:00,Czfq3xZZDmsdGdUyrNLtRhGc47cXcZtLG4crryfu44zE,5rCf1DM8LjKTw4YqhnoLcngyZYeNnQqztScTogYHAS6,SOL / USDC,SOL / USDC,orca,meteora,95.60233814731448,95.6992743894625,96.0893200436406,95.0686374470804,96.06719344699579,94.97729726934303,10.139526294707935,105.0352699617929,-115.72803031518197,,,,False,,,10935090.157151107,1992641.5434965491,1992641.5434965491,12927731.700647656,29258844.7278,3862584.0572,3862584.0572,unknown,unknown
2026-03-17 01:00:00+00:00,Czfq3xZZDmsdGdUyrNLtRhGc47cXcZtLG4crryfu44zE,8sKQHfjNhvmAw94PhfvfMcytmqW6jmxvwieYyzXCCPu,SOL / USDC,SOL / USDC,orca,humidifi,95.60233814731448,95.73893267622962,96.0893200436406,95.0686374470804,96.06719344699579,94.97683709795955,14.287781194708415,105.0352699617929,-115.77592027665506,,,,False,,,10935090.157151107,6127511.796548782,6127511.796548782,17062601.953699887,29258844.7278,155322.9806,155322.9806,unknown,unknown
2026-03-17 02:00:00+00:00,5rCf1DM8LjKTw4YqhnoLcngyZYeNnQqztScTogYHAS6,8sKQHfjNhvmAw94PhfvfMcytmqW6jmxvwieYyzXCCPu,SOL / USDC,SOL / USDC,meteora,humidifi,95.17202486635372,95.14527589802671,95.78667076514958,94.90961370912433,95.78706407177847,94.89769760529367,-2.8105914909948293,92.45115730249776,-92.80760598053384,,,,False,,,1019842.3743135809,4500519.93952456,1019842.3743135809,5520362.313838141,3862584.0572,155322.9806,155322.9806,unknown,unknown
2026-03-17 02:00:00+00:00,5rCf1DM8LjKTw4YqhnoLcngyZYeNnQqztScTogYHAS6,Czfq3xZZDmsdGdUyrNLtRhGc47cXcZtLG4crryfu44zE,SOL / USDC,SOL / USDC,meteora,orca,95.17202486635372,95.29025023419736,95.78667076514958,94.90961370912433,95.650631858509,94.9761049790213,12.422281443487115,78.07619485795448,-84.62198128961317,,,,False,,,1019842.3743135809,4832728.534949274,1019842.3743135809,5852570.909262855,3862584.0572,29258844.7278,3862584.0572,unknown,unknown
2026-03-17 02:00:00+00:00,8sKQHfjNhvmAw94PhfvfMcytmqW6jmxvwieYyzXCCPu,5rCf1DM8LjKTw4YqhnoLcngyZYeNnQqztScTogYHAS6,SOL / USDC,SOL / USDC,humidifi,meteora,95.14527589802671,95.17202486635372,95.78706407177847,94.89769760529367,95.78667076514958,94.90961370912433,2.8113816555297433,93.6769997891207,-91.60426526870324,,,,False,,,4500519.93952456,1019842.3743135809,1019842.3743135809,5520362.313838141,155322.9806,3862584.0572,155322.9806,unknown,unknown
2026-03-17 02:00:00+00:00,8sKQHfjNhvmAw94PhfvfMcytmqW6jmxvwieYyzXCCPu,Czfq3xZZDmsdGdUyrNLtRhGc47cXcZtLG4crryfu44zE,SOL / USDC,SOL / USDC,humidifi,orca,95.14527589802671,95.29025023419736,95.78706407177847,94.89769760529367,95.650631858509,94.9761049790213,15.237155476435227,79.34167763974598,-84.66269434351581,,,,False,,,4500519.93952456,4832728.534949274,4500519.93952456,9333248.474473834,155322.9806,29258844.7278,155322.9806,unknown,unknown
2026-03-17 02:00:00+00:00,Czfq3xZZDmsdGdUyrNLtRhGc47cXcZtLG4crryfu44zE,5rCf1DM8LjKTw4YqhnoLcngyZYeNnQqztScTogYHAS6,SOL / USDC,SOL / USDC,orca,meteora,95.29025023419736,95.17202486635372,95.650631858509,94.9761049790213,95.78667076514958,94.90961370912433,-12.406869281281763,85.34418065547334,-77.47132820626001,,,,False,,,4832728.534949274,1019842.3743135809,1019842.3743135809,5852570.909262855,29258844.7278,3862584.0572,3862584.0572,unknown,unknown
2026-03-17 02:00:00+00:00,Czfq3xZZDmsdGdUyrNLtRhGc47cXcZtLG4crryfu44zE,8sKQHfjNhvmAw94PhfvfMcytmqW6jmxvwieYyzXCCPu,SOL / USDC,SOL / USDC,orca,humidifi,95.29025023419736,95.14527589802671,95.650631858509,94.9761049790213,95.78706407177847,94.89769760529367,-15.213973708153583,85.38559176924477,-78.7171227816985,,,,False,,,4832728.534949274,4500519.93952456,4500519.93952456,9333248.474473834,29258844.7278,155322.9806,155322.9806,unknown,unknown
2026-03-17 03:00:00+00:00,5rCf1DM8LjKTw4YqhnoLcngyZYeNnQqztScTogYHAS6,8sKQHfjNhvmAw94PhfvfMcytmqW6jmxvwieYyzXCCPu,SOL / USDC,SOL / USDC,meteora,humidifi,94.09820123115945,94.07591856746072,95.3086970404395,93.76363250349873,95.30895981250173,93.74352558595758,-2.36802227961741,164.81094724495992,-164.22126239096667,,,,False,,,1087174.0658578747,4525234.836451606,1087174.0658578747,5612408.902309481,3862584.0572,155322.9806,155322.9806,unknown,unknown
2026-03-17 03:00:00+00:00,5rCf1DM8LjKTw4YqhnoLcngyZYeNnQqztScTogYHAS6,Czfq3xZZDmsdGdUyrNLtRhGc47cXcZtLG4crryfu44zE,SOL / USDC,SOL / USDC,meteora,orca,94.09820123115945,93.94516646151703,95.3086970404395,93.76363250349873,95.5733111631796,93.6204687931771,-16.263304467051263,193.0043249565161,-177.13265417384605,,,,False,,,1087174.0658578747,6928116.946206588,1087174.0658578747,8015291.0120644625,3862584.0572,29258844.7278,3862584.0572,unknown,unknown
2026-03-17 03:00:00+00:00,8sKQHfjNhvmAw94PhfvfMcytmqW6jmxvwieYyzXCCPu,5rCf1DM8LjKTw4YqhnoLcngyZYeNnQqztScTogYHAS6,SOL / USDC,SOL / USDC,humidifi,meteora,94.07591856746072,94.09820123115945,95.30895981250173,93.74352558595758,95.3086970404395,93.76363250349873,2.3685831653885714,166.9631523562387,-162.13872358307844,,,,False,,,4525234.836451606,1087174.0658578747,1087174.0658578747,5612408.902309481,155322.9806,3862584.0572,155322.9806,unknown,unknown
2026-03-17 03:00:00+00:00,8sKQHfjNhvmAw94PhfvfMcytmqW6jmxvwieYyzXCCPu,Czfq3xZZDmsdGdUyrNLtRhGc47cXcZtLG4crryfu44zE,SOL / USDC,SOL / USDC,humidifi,orca,94.07591856746072,93.94516646151703,95.30895981250173,93.74352558595758,95.5733111631796,93.6204687931771,-13.898573400580316,195.19060818170342,-177.15973636123428,,,,False,,,4525234.836451606,6928116.946206588,4525234.836451606,11453351.782658193,155322.9806,29258844.7278,155322.9806,unknown,unknown
2026-03-17 03:00:00+00:00,Czfq3xZZDmsdGdUyrNLtRhGc47cXcZtLG4crryfu44zE,5rCf1DM8LjKTw4YqhnoLcngyZYeNnQqztScTogYHAS6,SOL / USDC,SOL / USDC,orca,meteora,93.94516646151703,94.09820123115945,95.5733111631796,93.6204687931771,95.3086970404395,93.76363250349873,16.289797059980682,180.32683119670878,-189.34979207647862,,,,False,,,6928116.946206588,1087174.0658578747,1087174.0658578747,8015291.0120644625,29258844.7278,3862584.0572,3862584.0572,unknown,unknown
2026-03-17 03:00:00+00:00,Czfq3xZZDmsdGdUyrNLtRhGc47cXcZtLG4crryfu44zE,8sKQHfjNhvmAw94PhfvfMcytmqW6jmxvwieYyzXCCPu,SOL / USDC,SOL / USDC,orca,humidifi,93.94516646151703,94.07591856746072,95.5733111631796,93.6204687931771,95.30895981250173,93.74352558595758,13.917917320125373,180.3548989970105,-191.45361345678236,,,,False,,,6928116.946206588,4525234.836451606,4525234.836451606,11453351.782658193,29258844.7278,155322.9806,155322.9806,unknown,unknown
2026-03-17 04:00:00+00:00,5rCf1DM8LjKTw4YqhnoLcngyZYeNnQqztScTogYHAS6,8sKQHfjNhvmAw94PhfvfMcytmqW6jmxvwieYyzXCCPu,SOL / USDC,SOL / USDC,meteora,humidifi,93.78330688824165,93.79076016608964,94.27004810928656,93.21769875235954,94.28602250609183,93.21769872092976,0.7947339558911359,114.60524857735078,-111.63136218375725,,,,False,,,452476.510788078,4984539.006986284,452476.510788078,5437015.517774362,3862584.0572,155322.9806,155322.9806,unknown,unknown
2026-03-17 04:00:00+00:00,5rCf1DM8LjKTw4YqhnoLcngyZYeNnQqztScTogYHAS6,Czfq3xZZDmsdGdUyrNLtRhGc47cXcZtLG4crryfu44zE,SOL / USDC,SOL / USDC,meteora,orca,93.78330688824165,93.64806377574938,94.27004810928656,93.21769875235954,95.0570342205323,93.2772975388174,-14.420808668373919,197.3161205211804,-105.30922497443585,,,,False,,,452476.510788078,5534224.755984852,452476.510788078,5986701.2667729305,3862584.0572,29258844.7278,3862584.0572,unknown,unknown
2026-03-17 04:00:00+00:00,8sKQHfjNhvmAw94PhfvfMcytmqW6jmxvwieYyzXCCPu,5rCf1DM8LjKTw4YqhnoLcngyZYeNnQqztScTogYHAS6,SOL / USDC,SOL / USDC,humidifi,meteora,93.79076016608964,93.78330688824165,94.28602250609183,93.21769872092976,94.27004810928656,93.21769875235954,-0.7946708007045,112.89158633998042,-113.30669438974982,,,,False,,,4984539.006986284,452476.510788078,452476.510788078,5437015.517774362,155322.9806,3862584.0572,155322.9806,unknown,unknown
2026-03-17 04:00:00+00:00,8sKQHfjNhvmAw94PhfvfMcytmqW6jmxvwieYyzXCCPu,Czfq3xZZDmsdGdUyrNLtRhGc47cXcZtLG4crryfu44zE,SOL / USDC,SOL / USDC,humidifi,orca,93.79076016608964,93.64806377574938,94.28602250609183,93.21769872092976,95.0570342205323,93.2772975388174,-15.214333489521614,197.31612395936128,-106.98563164113328,,,,False,,,4984539.006986284,5534224.755984852,4984539.006986284,10518763.762971137,155322.9806,29258844.7278,155322.9806,unknown,unknown
2026-03-17 04:00:00+00:00,Czfq3xZZDmsdGdUyrNLtRhGc47cXcZtLG4crryfu44zE,5rCf1DM8LjKTw4YqhnoLcngyZYeNnQqztScTogYHAS6,SOL / USDC,SOL / USDC,orca,meteora,93.64806377574938,93.78330688824165,95.0570342205323,93.2772975388174,94.27004810928656,93.21769875235954,14.441634673423298,106.43003138636642,-193.49809125177475,,,,False,,,5534224.755984852,452476.510788078,452476.510788078,5986701.2667729305,29258844.7278,3862584.0572,3862584.0572,unknown,unknown
2026-03-17 04:00:00+00:00,Czfq3xZZDmsdGdUyrNLtRhGc47cXcZtLG4crryfu44zE,8sKQHfjNhvmAw94PhfvfMcytmqW6jmxvwieYyzXCCPu,SOL / USDC,SOL / USDC,orca,humidifi,93.64806377574938,93.79076016608964,95.0570342205323,93.2772975388174,94.28602250609183,93.21769872092976,15.237516355059988,108.14260210043614,-193.49809455818766,,,,False,,,5534224.755984852,4984539.006986284,4984539.006986284,10518763.762971137,29258844.7278,155322.9806,155322.9806,unknown,unknown
2026-03-17 05:00:00+00:00,5rCf1DM8LjKTw4YqhnoLcngyZYeNnQqztScTogYHAS6,8sKQHfjNhvmAw94PhfvfMcytmqW6jmxvwieYyzXCCPu,SOL / USDC,SOL / USDC,meteora,humidifi,93.76869720975836,93.8261570466497,94.09572116158594,93.38955256319647,94.11165505537566,93.37157442150632,6.12782715353255,77.32154961236581,-76.95851959475198,,,,False,,,373348.8020181478,3919260.6813658425,373348.8020181478,4292609.48338399,3862584.0572,155322.9806,155322.9806,unknown,unknown
2026-03-17 05:00:00+00:00,5rCf1DM8LjKTw4YqhnoLcngyZYeNnQqztScTogYHAS6,Czfq3xZZDmsdGdUyrNLtRhGc47cXcZtLG4crryfu44zE,SOL / USDC,SOL / USDC,meteora,orca,93.76869720975836,93.77118724796802,94.09572116158594,93.38955256319647,94.2417773158652,93.3621248335256,0.26555111500403683,91.25482768450377,-77.96277227107629,,,,False,,,373348.8020181478,4805270.988672424,373348.8020181478,5178619.790690572,3862584.0572,29258844.7278,3862584.0572,unknown,unknown
2026-03-17 05:00:00+00:00,8sKQHfjNhvmAw94PhfvfMcytmqW6jmxvwieYyzXCCPu,5rCf1DM8LjKTw4YqhnoLcngyZYeNnQqztScTogYHAS6,SOL / USDC,SOL / USDC,humidifi,meteora,93.8261570466497,93.76869720975836,94.11165505537566,93.37157442150632,94.09572116158594,93.38955256319647,-6.124074426576698,77.55537427382552,-76.7282747024589,,,,False,,,3919260.6813658425,373348.8020181478,373348.8020181478,4292609.48338399,155322.9806,3862584.0572,155322.9806,unknown,unknown
2026-03-17 05:00:00+00:00,8sKQHfjNhvmAw94PhfvfMcytmqW6jmxvwieYyzXCCPu,Czfq3xZZDmsdGdUyrNLtRhGc47cXcZtLG4crryfu44zE,SOL / USDC,SOL / USDC,humidifi,orca,93.8261570466497,93.77118724796802,94.11165505537566,93.37157442150632,94.2417773158652,93.3621248335256,-5.8586859370513,93.19783882303811,-79.64265652421476,,,,False,,,3919260.6813658425,4805270.988672424,3919260.6813658425,8724531.670038266,155322.9806,29258844.7278,155322.9806,unknown,unknown
2026-03-17 05:00:00+00:00,Czfq3xZZDmsdGdUyrNLtRhGc47cXcZtLG4crryfu44zE,5rCf1DM8LjKTw4YqhnoLcngyZYeNnQqztScTogYHAS6,SOL / USDC,SOL / USDC,orca,meteora,93.77118724796802,93.76869720975836,94.2417773158652,93.3621248335256,94.09572116158594,93.38955256319647,-0.26554406345247195,78.57536762026606,-90.42961380199554,,,,False,,,4805270.988672424,373348.8020181478,373348.8020181478,5178619.790690572,29258844.7278,3862584.0572,3862584.0572,unknown,unknown
2026-03-17 05:00:00+00:00,Czfq3xZZDmsdGdUyrNLtRhGc47cXcZtLG4crryfu44zE,8sKQHfjNhvmAw94PhfvfMcytmqW6jmxvwieYyzXCCPu,SOL / USDC,SOL / USDC,orca,humidifi,93.77118724796802,93.8261570466497,94.2417773158652,93.3621248335256,94.11165505537566,93.37157442150632,5.862120369268808,80.28204405014839,-92.33727537228731,,,,False,,,4805270.988672424,3919260.6813658425,3919260.6813658425,8724531.670038266,29258844.7278,155322.9806,155322.9806,unknown,unknown
2026-03-17 06:00:00+00:00,5rCf1DM8LjKTw4YqhnoLcngyZYeNnQqztScTogYHAS6,8sKQHfjNhvmAw94PhfvfMcytmqW6jmxvwieYyzXCCPu,SOL / USDC,SOL / USDC,meteora,humidifi,93.91441445516223,93.91421619056783,94.29882927641496,93.48834416664046,94.30866892812739,93.48807062130145,-0.02111119954850693,87.74620716618165,-85.97759498550795,,,,False,,,366638.4627582935,3366336.957747684,366638.4627582935,3732975.4205059772,3862584.0572,155322.9806,155322.9806,unknown,unknown
2026-03-17 06:00:00+00:00,5rCf1DM8LjKTw4YqhnoLcngyZYeNnQqztScTogYHAS6,Czfq3xZZDmsdGdUyrNLtRhGc47cXcZtLG4crryfu44zE,SOL / USDC,SOL / USDC,meteora,orca,93.91441445516223,94.0633488071883,94.29882927641496,93.48834416664046,94.21388989230891,93.5366571508636,15.85851893877166,77.60814806765603,-80.8251949043004,,,,False,,,366638.4627582935,3831213.3720345735,366638.4627582935,4197851.834792867,3862584.0572,29258844.7278,3862584.0572,unknown,unknown
2026-03-17 06:00:00+00:00,8sKQHfjNhvmAw94PhfvfMcytmqW6jmxvwieYyzXCCPu,5rCf1DM8LjKTw4YqhnoLcngyZYeNnQqztScTogYHAS6,SOL / USDC,SOL / USDC,humidifi,meteora,93.91421619056783,93.91441445516223,94.30866892812739,93.48807062130145,94.29882927641496,93.48834416664046,0.021111244117300032,86.72322037725166,-86.98296464263566,,,,False,,,3366336.957747684,366638.4627582935,366638.4627582935,3732975.4205059772,155322.9806,3862584.0572,155322.9806,unknown,unknown
2026-03-17 06:00:00+00:00,8sKQHfjNhvmAw94PhfvfMcytmqW6jmxvwieYyzXCCPu,Czfq3xZZDmsdGdUyrNLtRhGc47cXcZtLG4crryfu44zE,SOL / USDC,SOL / USDC,humidifi,orca,93.91421619056783,94.0633488071883,94.30866892812739,93.48807062130145,94.21388989230891,93.5366571508636,15.879663662192733,77.63763506764221,-81.86010745757977,,,,False,,,3366336.957747684,3831213.3720345735,3366336.957747684,7197550.329782257,155322.9806,29258844.7278,155322.9806,unknown,unknown
2026-03-17 06:00:00+00:00,Czfq3xZZDmsdGdUyrNLtRhGc47cXcZtLG4crryfu44zE,5rCf1DM8LjKTw4YqhnoLcngyZYeNnQqztScTogYHAS6,SOL / USDC,SOL / USDC,orca,meteora,94.0633488071883,93.91441445516223,94.21388989230891,93.5366571508636,94.29882927641496,93.48834416664046,-15.833409496334161,81.48378921881472,-77.01048396343558,,,,False,,,3831213.3720345735,366638.4627582935,366638.4627582935,4197851.834792867,29258844.7278,3862584.0572,3862584.0572,unknown,unknown
2026-03-17 06:00:00+00:00,Czfq3xZZDmsdGdUyrNLtRhGc47cXcZtLG4crryfu44zE,8sKQHfjNhvmAw94PhfvfMcytmqW6jmxvwieYyzXCCPu,SOL / USDC,SOL / USDC,orca,humidifi,94.0633488071883,93.91421619056783,94.21388989230891,93.5366571508636,94.30866892812739,93.48807062130145,-15.854487269656437,82.5357459609255,-77.03951846560142,,,,False,,,3831213.3720345735,3366336.957747684,3366336.957747684,7197550.329782257,29258844.7278,155322.9806,155322.9806,unknown,unknown
2026-03-17 07:00:00+00:00,5rCf1DM8LjKTw4YqhnoLcngyZYeNnQqztScTogYHAS6,8sKQHfjNhvmAw94PhfvfMcytmqW6jmxvwieYyzXCCPu,SOL / USDC,SOL / USDC,meteora,humidifi,94.48397827969343,94.48414331612784,94.66683486739845,93.88042075719017,94.66984411032965,93.84298563500991,0.01746713436556746,84.08817800052537,-87.02617273964263,,,,False,,,386165.1314796684,2921542.016376978,386165.1314796684,3307707.147856646,3862584.0572,155322.9806,155322.9806,unknown,unknown
2026-03-17 07:00:00+00:00,5rCf1DM8LjKTw4YqhnoLcngyZYeNnQqztScTogYHAS6,Czfq3xZZDmsdGdUyrNLtRhGc47cXcZtLG4crryfu44zE,SOL / USDC,SOL / USDC,meteora,orca,94.48397827969343,94.44956811879479,94.66683486739845,93.88042075719017,94.698670865328,93.8108213312573,-3.641904323374856,87.1587602120072,-90.42380442318421,,,,False,,,386165.1314796684,2651039.3477581725,386165.1314796684,3037204.479237841,3862584.0572,29258844.7278,3862584.0572,unknown,unknown
2026-03-17 07:00:00+00:00,8sKQHfjNhvmAw94PhfvfMcytmqW6jmxvwieYyzXCCPu,5rCf1DM8LjKTw4YqhnoLcngyZYeNnQqztScTogYHAS6,SOL / USDC,SOL / USDC,humidifi,meteora,94.48414331612784,94.48397827969343,94.66984411032965,93.84298563500991,94.66683486739845,93.88042075719017,-0.017467103856638744,87.7901770509304,-83.3869919780872,,,,False,,,2921542.016376978,386165.1314796684,386165.1314796684,3307707.147856646,155322.9806,3862584.0572,155322.9806,unknown,unknown
2026-03-17 07:00:00+00:00,8sKQHfjNhvmAw94PhfvfMcytmqW6jmxvwieYyzXCCPu,Czfq3xZZDmsdGdUyrNLtRhGc47cXcZtLG4crryfu44zE,SOL / USDC,SOL / USDC,humidifi,orca,94.48414331612784,94.44956811879479,94.66984411032965,93.84298563500991,94.698670865328,93.8108213312573,-3.659365065878939,91.18265201473407,-90.73879725324474,,,,False,,,2921542.016376978,2651039.3477581725,2651039.3477581725,5572581.36413515,155322.9806,29258844.7278,155322.9806,unknown,unknown
2026-03-17 07:00:00+00:00,Czfq3xZZDmsdGdUyrNLtRhGc47cXcZtLG4crryfu44zE,5rCf1DM8LjKTw4YqhnoLcngyZYeNnQqztScTogYHAS6,SOL / USDC,SOL / USDC,orca,meteora,94.44956811879479,94.48397827969343,94.698670865328,93.8108213312573,94.66683486739845,93.88042075719017,3.643231153303006,91.24891179861372,-86.40565919890042,,,,False,,,2651039.3477581725,386165.1314796684,386165.1314796684,3037204.479237841,29258844.7278,3862584.0572,3862584.0572,unknown,unknown
2026-03-17 07:00:00+00:00,Czfq3xZZDmsdGdUyrNLtRhGc47cXcZtLG4crryfu44zE,8sKQHfjNhvmAw94PhfvfMcytmqW6jmxvwieYyzXCCPu,SOL / USDC,SOL / USDC,orca,humidifi,94.44956811879479,94.48414331612784,94.698670865328,93.8108213312573,94.66984411032965,93.84298563500991,3.6607046513514874,91.56968960319034,-90.3587370867076,,,,False,,,2651039.3477581725,2921542.016376978,2651039.3477581725,5572581.36413515,29258844.7278,155322.9806,155322.9806,unknown,unknown
2026-03-17 08:00:00+00:00,5rCf1DM8LjKTw4YqhnoLcngyZYeNnQqztScTogYHAS6,8sKQHfjNhvmAw94PhfvfMcytmqW6jmxvwieYyzXCCPu,SOL / USDC,SOL / USDC,meteora,humidifi,94.43718877283914,94.44469454293568,94.94210472472194,94.32372553124783,94.93126430968027,94.30807338598545,0.7947896579807434,64.40996419624811,-66.78083876219264,,,,False,,,1039062.4313816037,3693467.4596711583,1039062.4313816037,4732529.891052762,3862584.0572,155322.9806,155322.9806,unknown,unknown
2026-03-17 08:00:00+00:00,5rCf1DM8LjKTw4YqhnoLcngyZYeNnQqztScTogYHAS6,Czfq3xZZDmsdGdUyrNLtRhGc47cXcZtLG4crryfu44zE,SOL / USDC,SOL / USDC,meteora,orca,94.43718877283914,94.54125476007273,94.94210472472194,94.32372553124783,94.9119018656923,94.2362297902592,11.019598167403277,62.35719922339289,-74.34793409197948,,,,False,,,1039062.4313816037,4997069.661195239,1039062.4313816037,6036132.092576843,3862584.0572,29258844.7278,3862584.0572,unknown,unknown
2026-03-17 08:00:00+00:00,8sKQHfjNhvmAw94PhfvfMcytmqW6jmxvwieYyzXCCPu,5rCf1DM8LjKTw4YqhnoLcngyZYeNnQqztScTogYHAS6,SOL / USDC,SOL / USDC,humidifi,meteora,94.44469454293568,94.43718877283914,94.93126430968027,94.30807338598545,94.94210472472194,94.32372553124783,-0.7947264939411891,67.22980503922615,-63.997754886162554,,,,False,,,3693467.4596711583,1039062.4313816037,1039062.4313816037,4732529.891052762,155322.9806,3862584.0572,155322.9806,unknown,unknown
2026-03-17 08:00:00+00:00,8sKQHfjNhvmAw94PhfvfMcytmqW6jmxvwieYyzXCCPu,Czfq3xZZDmsdGdUyrNLtRhGc47cXcZtLG4crryfu44zE,SOL / USDC,SOL / USDC,humidifi,orca,94.44469454293568,94.54125476007273,94.93126430968027,94.30807338598545,94.9119018656923,94.2362297902592,10.223995916800455,64.02723097051144,-73.21450151066777,,,,False,,,3693467.4596711583,4997069.661195239,3693467.4596711583,8690537.120866397,155322.9806,29258844.7278,155322.9806,unknown,unknown
2026-03-17 08:00:00+00:00,Czfq3xZZDmsdGdUyrNLtRhGc47cXcZtLG4crryfu44zE,5rCf1DM8LjKTw4YqhnoLcngyZYeNnQqztScTogYHAS6,SOL / USDC,SOL / USDC,orca,meteora,94.54125476007273,94.43718877283914,94.9119018656923,94.2362297902592,94.94210472472194,94.32372553124783,-11.007468379565788,74.90483607353494,-61.97076687777137,,,,False,,,4997069.661195239,1039062.4313816037,1039062.4313816037,6036132.092576843,29258844.7278,3862584.0572,3862584.0572,unknown,unknown
2026-03-17 08:00:00+00:00,Czfq3xZZDmsdGdUyrNLtRhGc47cXcZtLG4crryfu44zE,8sKQHfjNhvmAw94PhfvfMcytmqW6jmxvwieYyzXCCPu,SOL / USDC,SOL / USDC,orca,humidifi,94.54125476007273,94.44469454293568,94.9119018656923,94.2362297902592,94.93126430968027,94.30807338598545,-10.213553583787727,73.75449134244816,-63.61989042863225,,,,False,,,4997069.661195239,3693467.4596711583,3693467.4596711583,8690537.120866397,29258844.7278,155322.9806,155322.9806,unknown,unknown
2026-03-17 09:00:00+00:00,5rCf1DM8LjKTw4YqhnoLcngyZYeNnQqztScTogYHAS6,8sKQHfjNhvmAw94PhfvfMcytmqW6jmxvwieYyzXCCPu,SOL / USDC,SOL / USDC,meteora,humidifi,93.92569339921445,93.89850201647445,95.09047193974158,93.77479932836525,95.1027883635461,93.72861030851612,-2.894988767815354,141.61470295774416,-143.21746474120545,,,,False,,,922772.9860588236,3572431.018118412,922772.9860588236,4495204.004177235,3862584.0572,155322.9806,155322.9806,unknown,unknown
2026-03-17 09:00:00+00:00,5rCf1DM8LjKTw4YqhnoLcngyZYeNnQqztScTogYHAS6,Czfq3xZZDmsdGdUyrNLtRhGc47cXcZtLG4crryfu44zE,SOL / USDC,SOL / USDC,meteora,orca,93.92569339921445,93.94418133591826,95.09047193974158,93.77479932836525,95.1390069522895,93.7141492537313,1.9683577554463483,145.47699741241703,-144.73823275190423,,,,False,,,922772.9860588236,5981635.185085591,922772.9860588236,6904408.171144415,3862584.0572,29258844.7278,3862584.0572,unknown,unknown
2026-03-17 09:00:00+00:00,8sKQHfjNhvmAw94PhfvfMcytmqW6jmxvwieYyzXCCPu,5rCf1DM8LjKTw4YqhnoLcngyZYeNnQqztScTogYHAS6,SOL / USDC,SOL / USDC,humidifi,meteora,93.89850201647445,93.92569339921445,95.1027883635461,93.72861030851612,95.09047193974158,93.77479932836525,2.8958271065104846,145.2983914668926,-139.63723441045573,,,,False,,,3572431.018118412,922772.9860588236,922772.9860588236,4495204.004177235,155322.9806,3862584.0572,155322.9806,unknown,unknown
2026-03-17 09:00:00+00:00,8sKQHfjNhvmAw94PhfvfMcytmqW6jmxvwieYyzXCCPu,Czfq3xZZDmsdGdUyrNLtRhGc47cXcZtLG4crryfu44zE,SOL / USDC,SOL / USDC,humidifi,orca,93.89850201647445,93.94418133591826,95.1027883635461,93.72861030851612,95.1390069522895,93.7141492537313,4.864754864331022,150.47664092435963,-146.01455264450115,,,,False,,,3572431.018118412,5981635.185085591,3572431.018118412,9554066.203204002,155322.9806,29258844.7278,155322.9806,unknown,unknown
2026-03-17 09:00:00+00:00,Czfq3xZZDmsdGdUyrNLtRhGc47cXcZtLG4crryfu44zE,5rCf1DM8LjKTw4YqhnoLcngyZYeNnQqztScTogYHAS6,SOL / USDC,SOL / USDC,orca,meteora,93.94418133591826,93.92569339921445,95.1390069522895,93.7141492537313,95.09047193974158,93.77479932836525,-1.9679703884689648,146.86391510463136,-143.39098836803953,,,,False,,,5981635.185085591,922772.9860588236,922772.9860588236,6904408.171144415,29258844.7278,3862584.0572,3862584.0572,unknown,unknown
2026-03-17 09:00:00+00:00,Czfq3xZZDmsdGdUyrNLtRhGc47cXcZtLG4crryfu44zE,8sKQHfjNhvmAw94PhfvfMcytmqW6jmxvwieYyzXCCPu,SOL / USDC,SOL / USDC,orca,humidifi,93.94418133591826,93.89850201647445,95.1390069522895,93.7141492537313,95.1027883635461,93.72861030851612,-4.8623894310673155,148.17816955847718,-148.24588661942474,,,,False,,,5981635.185085591,3572431.018118412,3572431.018118412,9554066.203204002,29258844.7278,155322.9806,155322.9806,unknown,unknown
2026-03-17 10:00:00+00:00,5rCf1DM8LjKTw4YqhnoLcngyZYeNnQqztScTogYHAS6,8sKQHfjNhvmAw94PhfvfMcytmqW6jmxvwieYyzXCCPu,SOL / USDC,SOL / USDC,meteora,humidifi,93.59553524750238,93.58771419406466,94.08462552869096,93.31691724122585,94.10025668424555,93.29159306664137,-0.835622491718313,83.94399066942614,-84.28927230068606,,,,False,,,464203.1715146093,3370730.912450412,464203.1715146093,3834934.083965021,3862584.0572,155322.9806,155322.9806,unknown,unknown
2026-03-17 10:00:00+00:00,5rCf1DM8LjKTw4YqhnoLcngyZYeNnQqztScTogYHAS6,Czfq3xZZDmsdGdUyrNLtRhGc47cXcZtLG4crryfu44zE,SOL / USDC,SOL / USDC,meteora,orca,93.59553524750238,93.52369209759497,94.08462552869096,93.31691724122585,94.079277471149,93.5024038395219,-7.675916347658074,81.69582241475348,-61.8827662752941,,,,False,,,464203.1715146093,5119416.055857552,464203.1715146093,5583619.227372161,3862584.0572,29258844.7278,3862584.0572,unknown,unknown
2026-03-17 10:00:00+00:00,8sKQHfjNhvmAw94PhfvfMcytmqW6jmxvwieYyzXCCPu,5rCf1DM8LjKTw4YqhnoLcngyZYeNnQqztScTogYHAS6,SOL / USDC,SOL / USDC,humidifi,meteora,93.58771419406466,93.59553524750238,94.10025668424555,93.29159306664137,94.08462552869096,93.31691724122585,0.8356923240482317,85.00577983303393,-83.24519726319201,,,,False,,,3370730.912450412,464203.1715146093,464203.1715146093,3834934.083965021,155322.9806,3862584.0572,155322.9806,unknown,unknown
2026-03-17 10:00:00+00:00,8sKQHfjNhvmAw94PhfvfMcytmqW6jmxvwieYyzXCCPu,Czfq3xZZDmsdGdUyrNLtRhGc47cXcZtLG4crryfu44zE,SOL / USDC,SOL / USDC,humidifi,orca,93.58771419406466,93.52369209759497,94.10025668424555,93.29159306664137,94.079277471149,93.5024038395219,-6.840865494046611,84.43251729499002,-63.53360402934327,,,,False,,,3370730.912450412,5119416.055857552,3370730.912450412,8490146.968307965,155322.9806,29258844.7278,155322.9806,unknown,unknown
2026-03-17 10:00:00+00:00,Czfq3xZZDmsdGdUyrNLtRhGc47cXcZtLG4crryfu44zE,5rCf1DM8LjKTw4YqhnoLcngyZYeNnQqztScTogYHAS6,SOL / USDC,SOL / USDC,orca,meteora,93.52369209759497,93.59553524750238,94.079277471149,93.5024038395219,94.08462552869096,93.31691724122585,7.681812842936786,62.26809849384507,-81.03381003929822,,,,False,,,5119416.055857552,464203.1715146093,464203.1715146093,5583619.227372161,29258844.7278,3862584.0572,3862584.0572,unknown,unknown
2026-03-17 10:00:00+00:00,Czfq3xZZDmsdGdUyrNLtRhGc47cXcZtLG4crryfu44zE,8sKQHfjNhvmAw94PhfvfMcytmqW6jmxvwieYyzXCCPu,SOL / USDC,SOL / USDC,orca,humidifi,93.52369209759497,93.58771419406466,94.079277471149,93.5024038395219,94.10025668424555,93.29159306664137,6.845548441658522,63.939836857001,-83.72560096979731,,,,False,,,5119416.055857552,3370730.912450412,3370730.912450412,8490146.968307965,29258844.7278,155322.9806,155322.9806,unknown,unknown
2026-03-17 11:00:00+00:00,5rCf1DM8LjKTw4YqhnoLcngyZYeNnQqztScTogYHAS6,8sKQHfjNhvmAw94PhfvfMcytmqW6jmxvwieYyzXCCPu,SOL / USDC,SOL / USDC,meteora,humidifi,93.73988197366731,93.73988197366731,93.9290702886888,93.46030336361595,93.94070283717811,93.42751044084524,0.0,51.401445990724156,-53.397723016105346,,,,False,,,327457.2219759935,3528004.40875868,327457.2219759935,3855461.6307346732,3862584.0572,155322.9806,155322.9806,unknown,unknown
2026-03-17 11:00:00+00:00,5rCf1DM8LjKTw4YqhnoLcngyZYeNnQqztScTogYHAS6,Czfq3xZZDmsdGdUyrNLtRhGc47cXcZtLG4crryfu44zE,SOL / USDC,SOL / USDC,meteora,orca,93.73988197366731,93.90624280437325,93.9290702886888,93.46030336361595,93.9783042896324,93.51543970993012,17.747070638800544,55.42469983230491,-44.036481728968454,,,,False,,,327457.2219759935,3550481.9588473933,327457.2219759935,3877939.1808233866,3862584.0572,29258844.7278,3862584.0572,unknown,unknown
2026-03-17 11:00:00+00:00,8sKQHfjNhvmAw94PhfvfMcytmqW6jmxvwieYyzXCCPu,5rCf1DM8LjKTw4YqhnoLcngyZYeNnQqztScTogYHAS6,SOL / USDC,SOL / USDC,humidifi,meteora,93.73988197366731,93.73988197366731,93.94070283717811,93.42751044084524,93.9290702886888,93.46030336361595,0.0,53.68438541034859,-51.13858626274115,,,,False,,,3528004.40875868,327457.2219759935,327457.2219759935,3855461.6307346732,155322.9806,3862584.0572,155322.9806,unknown,unknown
2026-03-17 11:00:00+00:00,8sKQHfjNhvmAw94PhfvfMcytmqW6jmxvwieYyzXCCPu,Czfq3xZZDmsdGdUyrNLtRhGc47cXcZtLG4crryfu44zE,SOL / USDC,SOL / USDC,humidifi,orca,93.73988197366731,93.90624280437325,93.94070283717811,93.42751044084524,93.9783042896324,93.51543970993012,17.747070638800544,58.95413954500217,-45.2693150470751,,,,False,,,3528004.40875868,3550481.9588473933,3528004.40875868,7078486.367606074,155322.9806,29258844.7278,155322.9806,unknown,unknown
2026-03-17 11:00:00+00:00,Czfq3xZZDmsdGdUyrNLtRhGc47cXcZtLG4crryfu44zE,5rCf1DM8LjKTw4YqhnoLcngyZYeNnQqztScTogYHAS6,SOL / USDC,SOL / USDC,orca,meteora,93.90624280437325,93.73988197366731,93.9783042896324,93.51543970993012,93.9290702886888,93.46030336361595,-17.715630584060893,44.23126063906713,-55.11920330250053,,,,False,,,3550481.9588473933,327457.2219759935,327457.2219759935,3877939.1808233866,29258844.7278,3862584.0572,3862584.0572,unknown,unknown
2026-03-17 11:00:00+00:00,Czfq3xZZDmsdGdUyrNLtRhGc47cXcZtLG4crryfu44zE,8sKQHfjNhvmAw94PhfvfMcytmqW6jmxvwieYyzXCCPu,SOL / USDC,SOL / USDC,orca,humidifi,93.90624280437325,93.73988197366731,93.9783042896324,93.51543970993012,93.94070283717811,93.42751044084524,-17.715630584060893,45.47517806333224,-58.60861748363422,,,,False,,,3550481.9588473933,3528004.40875868,3528004.40875868,7078486.367606074,29258844.7278,155322.9806,155322.9806,unknown,unknown
2026-03-17 12:00:00+00:00,5rCf1DM8LjKTw4YqhnoLcngyZYeNnQqztScTogYHAS6,8sKQHfjNhvmAw94PhfvfMcytmqW6jmxvwieYyzXCCPu,SOL / USDC,SOL / USDC,meteora,humidifi,93.44296509451671,93.45702141192933,94.10008109012598,93.20736506444895,94.11408706279751,93.0790703464606,1.5042670572795735,97.28008057320325,-108.50264227588613,,,,False,,,466037.56639707263,4015957.52089626,466037.56639707263,4481995.087293332,3862584.0572,155322.9806,155322.9806,unknown,unknown
2026-03-17 12:00:00+00:00,5rCf1DM8LjKTw4YqhnoLcngyZYeNnQqztScTogYHAS6,Czfq3xZZDmsdGdUyrNLtRhGc47cXcZtLG4crryfu44zE,SOL / USDC,SOL / USDC,meteora,orca,93.44296509451671,93.37215942886981,94.10008109012598,93.20736506444895,94.3396226415094,93.1370253428396,-7.577420683866354,121.47726483604959,-102.34377442926879,,,,False,,,466037.56639707263,5695112.186098573,466037.56639707263,6161149.752495646,3862584.0572,29258844.7278,3862584.0572,unknown,unknown
2026-03-17 12:00:00+00:00,8sKQHfjNhvmAw94PhfvfMcytmqW6jmxvwieYyzXCCPu,5rCf1DM8LjKTw4YqhnoLcngyZYeNnQqztScTogYHAS6,SOL / USDC,SOL / USDC,humidifi,meteora,93.45702141192933,93.44296509451671,94.11408706279751,93.0790703464606,94.10008109012598,93.20736506444895,-1.5040408093758284,109.69283855811528,-96.34285648901341,,,,False,,,4015957.52089626,466037.56639707263,466037.56639707263,4481995.087293332,155322.9806,3862584.0572,155322.9806,unknown,unknown
2026-03-17 12:00:00+00:00,8sKQHfjNhvmAw94PhfvfMcytmqW6jmxvwieYyzXCCPu,Czfq3xZZDmsdGdUyrNLtRhGc47cXcZtLG4crryfu44zE,SOL / USDC,SOL / USDC,humidifi,orca,93.45702141192933,93.37215942886981,94.11408706279751,93.0790703464606,94.3396226415094,93.1370253428396,-9.080321818248915,135.4281140063751,-103.8167346091301,,,,False,,,4015957.52089626,5695112.186098573,4015957.52089626,9711069.706994833,155322.9806,29258844.7278,155322.9806,unknown,unknown
2026-03-17 12:00:00+00:00,Czfq3xZZDmsdGdUyrNLtRhGc47cXcZtLG4crryfu44zE,5rCf1DM8LjKTw4YqhnoLcngyZYeNnQqztScTogYHAS6,SOL / USDC,SOL / USDC,orca,meteora,93.37215942886981,93.44296509451671,94.3396226415094,93.1370253428396,94.10008109012598,93.20736506444895,7.583166768339034,103.40202983092351,-120.01930316840715,,,,False,,,5695112.186098573,466037.56639707263,466037.56639707263,6161149.752495646,29258844.7278,3862584.0572,3862584.0572,unknown,unknown
2026-03-17 12:00:00+00:00,Czfq3xZZDmsdGdUyrNLtRhGc47cXcZtLG4crryfu44zE,8sKQHfjNhvmAw94PhfvfMcytmqW6jmxvwieYyzXCCPu,SOL / USDC,SOL / USDC,orca,humidifi,93.37215942886981,93.45702141192933,94.3396226415094,93.1370253428396,94.11408706279751,93.0790703464606,9.088574536413319,104.90583270845511,-133.6185432751724,,,,False,,,5695112.186098573,4015957.52089626,4015957.52089626,9711069.706994833,29258844.7278,155322.9806,155322.9806,unknown,unknown
2026-03-17 13:00:00+00:00,5rCf1DM8LjKTw4YqhnoLcngyZYeNnQqztScTogYHAS6,8sKQHfjNhvmAw94PhfvfMcytmqW6jmxvwieYyzXCCPu,SOL / USDC,SOL / USDC,meteora,humidifi,93.80634328918279,93.76804501007408,94.55497432127767,93.37020062077154,94.59629197918962,93.36948011095046,-4.082696091313176,131.31506093661648,-125.37618658740813,,,,False,,,1135798.5059808868,4871019.6298907725,1135798.5059808868,6006818.135871659,3862584.0572,155322.9806,155322.9806,unknown,unknown
2026-03-17 13:00:00+00:00,5rCf1DM8LjKTw4YqhnoLcngyZYeNnQqztScTogYHAS6,Czfq3xZZDmsdGdUyrNLtRhGc47cXcZtLG4crryfu44zE,SOL / USDC,SOL / USDC,meteora,orca,93.80634328918279,93.811357681464,94.55497432127767,93.37020062077154,94.3613125670351,93.1421605193777,0.5345472497264581,106.1486362537667,-149.4171842403058,,,,False,,,1135798.5059808868,11386146.335084537,1135798.5059808868,12521944.841065424,3862584.0572,29258844.7278,3862584.0572,unknown,unknown
2026-03-17 13:00:00+00:00,8sKQHfjNhvmAw94PhfvfMcytmqW6jmxvwieYyzXCCPu,5rCf1DM8LjKTw4YqhnoLcngyZYeNnQqztScTogYHAS6,SOL / USDC,SOL / USDC,humidifi,meteora,93.76804501007408,93.80634328918279,94.59629197918962,93.36948011095046,94.55497432127767,93.37020062077154,4.084363612848474,126.9680637525772,-129.6130464276346,,,,False,,,4871019.6298907725,1135798.5059808868,1135798.5059808868,6006818.135871659,155322.9806,3862584.0572,155322.9806,unknown,unknown
2026-03-17 13:00:00+00:00,8sKQHfjNhvmAw94PhfvfMcytmqW6jmxvwieYyzXCCPu,Czfq3xZZDmsdGdUyrNLtRhGc47cXcZtLG4crryfu44zE,SOL / USDC,SOL / USDC,humidifi,orca,93.76804501007408,93.811357681464,94.59629197918962,93.36948011095046,94.3613125670351,93.1421605193777,4.619129191110183,106.22662297209429,-153.71971029602415,,,,False,,,4871019.6298907725,11386146.335084537,4871019.6298907725,16257165.964975309,155322.9806,29258844.7278,155322.9806,unknown,unknown
2026-03-17 13:00:00+00:00,Czfq3xZZDmsdGdUyrNLtRhGc47cXcZtLG4crryfu44zE,5rCf1DM8LjKTw4YqhnoLcngyZYeNnQqztScTogYHAS6,SOL / USDC,SOL / USDC,orca,meteora,93.811357681464,93.80634328918279,94.3613125670351,93.1421605193777,94.55497432127767,93.37020062077154,-0.5345186771776866,151.6835978489084,-105.03371766469094,,,,False,,,11386146.335084537,1135798.5059808868,1135798.5059808868,12521944.841065424,29258844.7278,3862584.0572,3862584.0572,unknown,unknown
2026-03-17 13:00:00+00:00,Czfq3xZZDmsdGdUyrNLtRhGc47cXcZtLG4crryfu44zE,8sKQHfjNhvmAw94PhfvfMcytmqW6jmxvwieYyzXCCPu,SOL / USDC,SOL / USDC,orca,humidifi,93.811357681464,93.76804501007408,94.3613125670351,93.1421605193777,94.59629197918962,93.36948011095046,-4.616996540759422,156.1195758938183,-105.11007415035967,,,,False,,,11386146.335084537,4871019.6298907725,4871019.6298907725,16257165.964975309,29258844.7278,155322.9806,155322.9806,unknown,unknown
2026-03-17 14:00:00+00:00,5rCf1DM8LjKTw4YqhnoLcngyZYeNnQqztScTogYHAS6,8sKQHfjNhvmAw94PhfvfMcytmqW6jmxvwieYyzXCCPu,SOL / USDC,SOL / USDC,meteora,humidifi,94.56195002599604,94.5615890752976,94.69976573913986,93.55578083409941,94.68812565683855,93.51763094985422,-0.03817081800194799,121.03419079437793,-124.82974799979507,,,,False,,,1336017.0605809244,6074719.786943136,1336017.0605809244,7410736.84752406,3862584.0572,155322.9806,155322.9806,unknown,unknown
2026-03-17 14:00:00+00:00,5rCf1DM8LjKTw4YqhnoLcngyZYeNnQqztScTogYHAS6,Czfq3xZZDmsdGdUyrNLtRhGc47cXcZtLG4crryfu44zE,SOL / USDC,SOL / USDC,meteora,orca,94.56195002599604,94.32389868891345,94.69976573913986,93.55578083409941,95.0570342205323,93.5032754839845,-25.174114643061742,160.46612759237578,-126.34564043708663,,,,False,,,1336017.0605809244,11283119.657288851,1336017.0605809244,12619136.717869775,3862584.0572,29258844.7278,3862584.0572,unknown,unknown
2026-03-17 14:00:00+00:00,8sKQHfjNhvmAw94PhfvfMcytmqW6jmxvwieYyzXCCPu,5rCf1DM8LjKTw4YqhnoLcngyZYeNnQqztScTogYHAS6,SOL / USDC,SOL / USDC,humidifi,meteora,94.5615890752976,94.56195002599604,94.68812565683855,93.51763094985422,94.69976573913986,93.55578083409941,0.03817096370317685,126.4076920339785,-119.5867818571994,,,,False,,,6074719.786943136,1336017.0605809244,1336017.0605809244,7410736.84752406,155322.9806,3862584.0572,155322.9806,unknown,unknown
2026-03-17 14:00:00+00:00,8sKQHfjNhvmAw94PhfvfMcytmqW6jmxvwieYyzXCCPu,Czfq3xZZDmsdGdUyrNLtRhGc47cXcZtLG4crryfu44zE,SOL / USDC,SOL / USDC,humidifi,orca,94.5615890752976,94.32389868891345,94.68812565683855,93.51763094985422,95.0570342205323,93.5032754839845,-25.13603977138068,164.61102094251555,-125.13186470160976,,,,False,,,6074719.786943136,11283119.657288851,6074719.786943136,17357839.444231987,155322.9806,29258844.7278,155322.9806,unknown,unknown
2026-03-17 14:00:00+00:00,Czfq3xZZDmsdGdUyrNLtRhGc47cXcZtLG4crryfu44zE,5rCf1DM8LjKTw4YqhnoLcngyZYeNnQqztScTogYHAS6,SOL / USDC,SOL / USDC,orca,meteora,94.32389868891345,94.56195002599604,95.0570342205323,93.5032754839845,94.69976573913986,93.55578083409941,25.237648187943496,127.96238944167371,-157.93185625273986,,,,False,,,11283119.657288851,1336017.0605809244,1336017.0605809244,12619136.717869775,29258844.7278,3862584.0572,3862584.0572,unknown,unknown
2026-03-17 14:00:00+00:00,Czfq3xZZDmsdGdUyrNLtRhGc47cXcZtLG4crryfu44zE,8sKQHfjNhvmAw94PhfvfMcytmqW6jmxvwieYyzXCCPu,SOL / USDC,SOL / USDC,orca,humidifi,94.32389868891345,94.5615890752976,95.0570342205323,93.5032754839845,94.68812565683855,93.51763094985422,25.199381035772017,126.71750446400232,-161.94522407533384,,,,False,,,11283119.657288851,6074719.786943136,6074719.786943136,17357839.444231987,29258844.7278,155322.9806,155322.9806,unknown,unknown
2026-03-17 15:00:00+00:00,5rCf1DM8LjKTw4YqhnoLcngyZYeNnQqztScTogYHAS6,8sKQHfjNhvmAw94PhfvfMcytmqW6jmxvwieYyzXCCPu,SOL / USDC,SOL / USDC,meteora,humidifi,93.86871837368527,93.87228053583168,95.15050759056138,93.28597121401945,95.1617746011191,93.28597121401945,0.3794834113146628,201.08097312897533,-195.95653494200337,,,,False,,,1273530.8078027046,5693414.290327414,1273530.8078027046,6966945.098130118,3862584.0572,155322.9806,155322.9806,unknown,unknown
2026-03-17 15:00:00+00:00,5rCf1DM8LjKTw4YqhnoLcngyZYeNnQqztScTogYHAS6,Czfq3xZZDmsdGdUyrNLtRhGc47cXcZtLG4crryfu44zE,SOL / USDC,SOL / USDC,meteora,orca,93.86871837368527,93.72754631356234,95.15050759056138,93.28597121401945,95.1579693314014,93.2487579062916,-15.039308362656545,200.67305866250385,-199.86752907857564,,,,False,,,1273530.8078027046,10980349.683246398,1273530.8078027046,12253880.491049103,3862584.0572,29258844.7278,3862584.0572,unknown,unknown
2026-03-17 15:00:00+00:00,8sKQHfjNhvmAw94PhfvfMcytmqW6jmxvwieYyzXCCPu,5rCf1DM8LjKTw4YqhnoLcngyZYeNnQqztScTogYHAS6,SOL / USDC,SOL / USDC,humidifi,meteora,93.87228053583168,93.86871837368527,95.1617746011191,93.28597121401945,95.15050759056138,93.28597121401945,-0.37946901109364717,199.8731805304632,-197.11731889850537,,,,False,,,5693414.290327414,1273530.8078027046,1273530.8078027046,6966945.098130118,155322.9806,3862584.0572,155322.9806,unknown,unknown
2026-03-17 15:00:00+00:00,8sKQHfjNhvmAw94PhfvfMcytmqW6jmxvwieYyzXCCPu,Czfq3xZZDmsdGdUyrNLtRhGc47cXcZtLG4crryfu44zE,SOL / USDC,SOL / USDC,humidifi,orca,93.87228053583168,93.72754631356234,95.1617746011191,93.28597121401945,95.1579693314014,93.2487579062916,-15.418206678603497,200.67305866250385,-201.0278499792717,,,,False,,,5693414.290327414,10980349.683246398,5693414.290327414,16673763.973573811,155322.9806,29258844.7278,155322.9806,unknown,unknown
2026-03-17 15:00:00+00:00,Czfq3xZZDmsdGdUyrNLtRhGc47cXcZtLG4crryfu44zE,5rCf1DM8LjKTw4YqhnoLcngyZYeNnQqztScTogYHAS6,SOL / USDC,SOL / USDC,orca,meteora,93.72754631356234,93.86871837368527,95.1579693314014,93.2487579062916,95.15050759056138,93.28597121401945,15.061960509521466,203.94370144650065,-196.7253116617529,,,,False,,,10980349.683246398,1273530.8078027046,1273530.8078027046,12253880.491049103,29258844.7278,3862584.0572,3862584.0572,unknown,unknown
2026-03-17 15:00:00+00:00,Czfq3xZZDmsdGdUyrNLtRhGc47cXcZtLG4crryfu44zE,8sKQHfjNhvmAw94PhfvfMcytmqW6jmxvwieYyzXCCPu,SOL / USDC,SOL / USDC,orca,humidifi,93.72754631356234,93.87228053583168,95.1579693314014,93.2487579062916,95.1617746011191,93.28597121401945,15.442015497251216,205.15197604561664,-196.7253116617529,,,,False,,,10980349.683246398,5693414.290327414,5693414.290327414,16673763.973573811,29258844.7278,155322.9806,155322.9806,unknown,unknown
2026-03-17 16:00:00+00:00,5rCf1DM8LjKTw4YqhnoLcngyZYeNnQqztScTogYHAS6,8sKQHfjNhvmAw94PhfvfMcytmqW6jmxvwieYyzXCCPu,SOL / USDC,SOL / USDC,meteora,humidifi,94.41037982854513,94.42413543490773,94.80120889303495,93.61141196162397,94.81961643578538,93.61141196162397,1.457001485172249,129.06593852646031,-125.5044049863796,,,,False,,,955601.7430877531,6001783.613790766,955601.7430877531,6957385.356878519,3862584.0572,155322.9806,155322.9806,unknown,unknown
2026-03-17 16:00:00+00:00,5rCf1DM8LjKTw4YqhnoLcngyZYeNnQqztScTogYHAS6,Czfq3xZZDmsdGdUyrNLtRhGc47cXcZtLG4crryfu44zE,SOL / USDC,SOL / USDC,meteora,orca,94.41037982854513,94.30567599843943,94.80120889303495,93.61141196162397,94.8279779608931,93.6807285983611,-11.090287984844016,129.95915495515266,-118.19261671421333,,,,False,,,955601.7430877531,8164740.1229721075,955601.7430877531,9120341.86605986,3862584.0572,29258844.7278,3862584.0572,unknown,unknown
2026-03-17 16:00:00+00:00,8sKQHfjNhvmAw94PhfvfMcytmqW6jmxvwieYyzXCCPu,5rCf1DM8LjKTw4YqhnoLcngyZYeNnQqztScTogYHAS6,SOL / USDC,SOL / USDC,humidifi,meteora,94.42413543490773,94.41037982854513,94.81961643578538,93.61141196162397,94.80120889303495,93.61141196162397,-1.4567892307659758,127.0995604573022,-127.42136274930371,,,,False,,,6001783.613790766,955601.7430877531,955601.7430877531,6957385.356878519,155322.9806,3862584.0572,155322.9806,unknown,unknown
2026-03-17 16:00:00+00:00,8sKQHfjNhvmAw94PhfvfMcytmqW6jmxvwieYyzXCCPu,Czfq3xZZDmsdGdUyrNLtRhGc47cXcZtLG4crryfu44zE,SOL / USDC,SOL / USDC,humidifi,orca,94.42413543490773,94.30567599843943,94.81961643578538,93.61141196162397,94.8279779608931,93.6807285983611,-12.545461594399843,129.95915495515266,-120.11099393083535,,,,False,,,6001783.613790766,8164740.1229721075,6001783.613790766,14166523.736762874,155322.9806,29258844.7278,155322.9806,unknown,unknown
2026-03-17 16:00:00+00:00,Czfq3xZZDmsdGdUyrNLtRhGc47cXcZtLG4crryfu44zE,5rCf1DM8LjKTw4YqhnoLcngyZYeNnQqztScTogYHAS6,SOL / USDC,SOL / USDC,orca,meteora,94.30567599843943,94.41037982854513,94.8279779608931,93.6807285983611,94.80120889303495,93.61141196162397,11.102601089190145,119.60627457091144,-128.29188446587315,,,,False,,,8164740.1229721075,955601.7430877531,955601.7430877531,9120341.86605986,29258844.7278,3862584.0572,3862584.0572,unknown,unknown
2026-03-17 16:00:00+00:00,Czfq3xZZDmsdGdUyrNLtRhGc47cXcZtLG4crryfu44zE,8sKQHfjNhvmAw94PhfvfMcytmqW6jmxvwieYyzXCCPu,SOL / USDC,SOL / USDC,orca,humidifi,94.30567599843943,94.42413543490773,94.8279779608931,93.6807285983611,94.81961643578538,93.61141196162397,12.561220224991398,121.57119766937896,-128.29188446587315,,,,False,,,8164740.1229721075,6001783.613790766,6001783.613790766,14166523.736762874,29258844.7278,155322.9806,155322.9806,unknown,unknown
2026-03-17 17:00:00+00:00,5rCf1DM8LjKTw4YqhnoLcngyZYeNnQqztScTogYHAS6,8sKQHfjNhvmAw94PhfvfMcytmqW6jmxvwieYyzXCCPu,SOL / USDC,SOL / USDC,meteora,humidifi,94.59570949838628,94.60451972684862,94.7429841374995,94.22153623268653,94.76696700278298,94.17945248426652,0.9313560317969483,57.88812111378272,-59.480040486706855,,,,False,,,788303.4222688137,4922989.980630428,788303.4222688137,5711293.402899241,3862584.0572,155322.9806,155322.9806,unknown,unknown
2026-03-17 17:00:00+00:00,5rCf1DM8LjKTw4YqhnoLcngyZYeNnQqztScTogYHAS6,Czfq3xZZDmsdGdUyrNLtRhGc47cXcZtLG4crryfu44zE,SOL / USDC,SOL / USDC,meteora,orca,94.59570949838628,94.44532329789065,94.7429841374995,94.22153623268653,94.8097178443835,94.2552393472382,-15.897782393418103,62.425389694815706,-51.480834670928346,,,,False,,,788303.4222688137,4933172.614793478,788303.4222688137,5721476.037062291,3862584.0572,29258844.7278,3862584.0572,unknown,unknown
