timestamp,slot,signature,dex,pool_address,reserve_base_raw,reserve_quote_raw,reserve_base,reserve_quote,mid_price_quote_per_base,network_fee_lamports,fee_rate_floor,fee_model
2026-04-15 02:27:21+00:00,413291422,4RA4kZxY3bmB9JNyAA63pxSX7UijfUqG334QW8scAPcFsgsCSqy6CkQY7vWVQsqKc2YkNWvjGTimk4pH3ridoQeW,raydium_cpmm,47hq28mcL7q5GhBg7epyGF2dnuJd4MKFt8QhT7CzYUp4,815676128,60965175,0.815676128,60.965175,74.74188946718813,20000,0.003,exact_fixed_fee
2026-04-15 02:31:08+00:00,413291996,CWEQTjRB7yVVc4MJmmFXuZJrNw4Vnqyr8K5nWtrZd1g2EvDWDXqUhWFYrGMy21N9oBY6AfS6b8nsmcCqrYDVAqb,meteora_damm_v2,Ft8FD9gg1TdawhWijNzdkpYTiVL8ETfY6gAwS24bwYio,19317165201,1700966614,19.317165201,1700.966614,88.05467035670146,5000,0.0025,lower_bound_base_fee
2026-04-15 02:31:31+00:00,413292054,4FZi4eSdtD3zYLEmkAWiA1nFXdKsJMnFEw61g1XjP1eNeDg6BiGee1ZG7tRchJVUHNFEKYdtWJL4kHjFzdaQmbu4,meteora_damm_v2,Ft8FD9gg1TdawhWijNzdkpYTiVL8ETfY6gAwS24bwYio,19327365682,1700115065,19.327365682,1700.115065,87.96413815377615,5050,0.0025,lower_bound_base_fee
2026-04-15 02:32:11+00:00,413292157,59G7odUkqAQBXZ2MmNdDXUyZsvxRoKKPFv4WGAWSvmMTKUeG7DT6kvK3USHKsb1Jvf7cWN24XKXzn7CrKWmc4Mbc,raydium_cpmm,47hq28mcL7q5GhBg7epyGF2dnuJd4MKFt8QhT7CzYUp4,816498766,60896497,0.816498766,60.896497,74.58247279212667,922740,0.003,exact_fixed_fee
2026-04-15 02:32:17+00:00,413292173,2NjDfKsy2ANdpDFWhCUJd4uvf1ToyrD9m9MGtjfJq7SKF83KPuKSWSFkPimwg9kn13JWGXjNuYJtV2RZUwj3t5U6,raydium_cpmm,47hq28mcL7q5GhBg7epyGF2dnuJd4MKFt8QhT7CzYUp4,816869766,60865577,0.816869766,60.865577,74.51074765325566,5001,0.003,exact_fixed_fee
2026-04-15 02:32:20+00:00,413292182,3RTWEd6gKxCaLYAdNiStKnXWL3MVFTNXcpZwWAQfK2UToM3L1LrqB8rjcuHSGQLW9CzTXgaahyb82i2SFv6RYwk2,raydium_cpmm,47hq28mcL7q5GhBg7epyGF2dnuJd4MKFt8QhT7CzYUp4,817226166,60835904,0.817226166,60.835904,74.44194340688793,5001,0.003,exact_fixed_fee
2026-04-15 02:32:25+00:00,413292193,YyEbSM21i4zE13TQPnnu9ZHVUB3qEP3zp12MujJfNkJ7PZTBECEcfoBrqsnVFRxKhbYyaywa6BuGtNuYCjosbmT,meteora_damm_v2,Ft8FD9gg1TdawhWijNzdkpYTiVL8ETfY6gAwS24bwYio,19331606829,1699761312,19.331606829,1699.761312,87.9265405631016,39460,0.0025,lower_bound_base_fee
2026-04-15 02:32:55+00:00,413292272,5rHtNh8aVLW731UiwLcyzquvU4cuRJfqYuj1fXvPHycvm8jeekFzrRKegyBHWuiDeKFZLgEp3Eeo1qyNFy66aban,meteora_damm_v2,Ft8FD9gg1TdawhWijNzdkpYTiVL8ETfY6gAwS24bwYio,19334806189,1699494547,19.334806189,1699.494547,87.89819408517683,103304,0.0025,lower_bound_base_fee
2026-04-15 02:34:58+00:00,413292583,2A6LSBZLPiNsUUrdKM5zCVJQBwQCtHMVs5DG91eCvJca4o1HZJF3KwymYLxxnb6JtnG9XGJY62Hj3gg831vByNCT,meteora_damm_v2,Ft8FD9gg1TdawhWijNzdkpYTiVL8ETfY6gAwS24bwYio,19339906189,1699069454,19.339906189,1699.069454,87.85303493180247,5001,0.0025,lower_bound_base_fee
2026-04-15 02:35:36+00:00,413292679,3c1gxU6TfPxxeJcoMgU5DY2pnokM4NP86SvAzF5XhEg8EM4P3NfxFkdH174wbGKbfy839w2nQmo1mLL1R3UEKRWN,meteora_damm_v2,Ft8FD9gg1TdawhWijNzdkpYTiVL8ETfY6gAwS24bwYio,19348870913,1698322658,19.348870913,1698.322658,87.77373447971796,5050,0.0025,lower_bound_base_fee
2026-04-15 02:38:10+00:00,413293070,61awQm6qt3t2Wei3fcoVZP3R1DG3FdZKpZMAvdmrUJkJ5XjoRC2zQ6U7NaXfRvr3PrkWPzV36kcRwn4ZMFyExcUW,raydium_cpmm,47hq28mcL7q5GhBg7epyGF2dnuJd4MKFt8QhT7CzYUp4,817756067,60791841,0.817756067,60.791841,74.33982266009895,5000,0.003,exact_fixed_fee
2026-04-15 02:49:55+00:00,413294863,3khCAiCyVMd1GYU62P1WUMHAQuzqGvJHoT3zTZFkHhfy8sJdVDvAVbSDGyES4H3CcigNtthNboDvfm8jmtuNi57e,meteora_damm_v2,Ft8FD9gg1TdawhWijNzdkpYTiVL8ETfY6gAwS24bwYio,19351997270,1698062454,19.35199727,1698.062454,87.74610859584935,421278,0.0025,lower_bound_base_fee
2026-04-15 02:50:28+00:00,413294943,3nZNP7xyQ6qWCd58kJymEMcaFdE7XWzp5YrQ6Lcdci6cnkBfEgeqPXA32aKrSfYLeKiumXfPE6HKoDxx2nKSHosg,meteora_damm_v2,Ft8FD9gg1TdawhWijNzdkpYTiVL8ETfY6gAwS24bwYio,19355697270,1697754556,19.35569727,1697.754556,87.71342785110629,5001,0.0025,lower_bound_base_fee
2026-04-15 02:51:44+00:00,413295132,4qeDJWwGdqh8CfPVKRgZGfVyc986P3JQbVE2yg8k2f6Y26jNqMco23F97dv9R25z1fKMBzWGA1hP6m9994x5Fn66,meteora_damm_v2,Ft8FD9gg1TdawhWijNzdkpYTiVL8ETfY6gAwS24bwYio,19375697270,1696092287,19.37569727,1696.092287,87.53709677463391,5030,0.0025,lower_bound_base_fee
2026-04-15 03:04:35+00:00,413297088,3nwekPnoZ76MuYBvuFcdGcuaxLdb3KwWXWGXt7Qz77kd3UV4GEz22w66FXAbaC1JrptiuHMbbmcFN5zNReyb3Fk,meteora_damm_v2,Ft8FD9gg1TdawhWijNzdkpYTiVL8ETfY6gAwS24bwYio,19468159373,1688455623,19.468159373,1688.455623,86.72908366168839,7813,0.0025,lower_bound_base_fee
2026-04-15 03:04:35+00:00,413297088,4BkRmTSMR44LKcrXHuDHT8t8fgWUuSX6SjzT5HifGyteD3PJhi3DsEFLHqh1q7PuYxVeK3kNLfbS5zkSDpS8dvmh,meteora_damm_v2,Ft8FD9gg1TdawhWijNzdkpYTiVL8ETfY6gAwS24bwYio,19475697269,1687832760,19.475697269,1687.83276,86.663534387884,34260,0.0025,lower_bound_base_fee
2026-04-15 03:04:35+00:00,413297088,4DzpMNf2wxp65S1RUN55HYf1eAfVPRqre1Pu78pJuK8GACzohLBSRCpZ1bk1YwDXp3LDAaVSb7fy9D5Rg2CJMsAi,meteora_damm_v2,Ft8FD9gg1TdawhWijNzdkpYTiVL8ETfY6gAwS24bwYio,19378181445,1695928796,19.378181445,1695.928796,87.5174381462708,5000,0.0025,lower_bound_base_fee
2026-04-15 03:15:49+00:00,413298778,4UYBrXTC97p3YuEkaM35swJH9eUdnFLkv7ZW68b4BJxP1MNebfQ2Mzie8RMLBmWQBvuFDyL7jva3i212EgjTaSUR,raydium_cpmm,47hq28mcL7q5GhBg7epyGF2dnuJd4MKFt8QhT7CzYUp4,820529832,60822841,0.820529832,60.822841,74.12630062669068,55000,0.003,exact_fixed_fee
2026-04-15 03:15:49+00:00,413298778,DZ3SZJDny3t4aQXYp4kAadQcQjdZBFPQuMXQUkDQRM5rUgqtuaPKSbS2coAtT3CyVrAVxkHMSh313zQ8stFPThU,raydium_cpmm,47hq28mcL7q5GhBg7epyGF2dnuJd4MKFt8QhT7CzYUp4,820901931,60791841,0.820901931,60.791841,74.05493726387641,5000,0.003,exact_fixed_fee
2026-04-15 03:15:49+00:00,413298778,pTTH2N6tiKBnR4pgrnarAg8N1Jk6hXpEZgV3xYGmH4344czd6P7dd9FsxtXKiAVqWnvt9ozRYVGBsGpH24tt2MM,raydium_cpmm,47hq28mcL7q5GhBg7epyGF2dnuJd4MKFt8QhT7CzYUp4,2115522619,22826931,2.115522619,22.826931,10.790208903930418,5000,0.003,exact_fixed_fee
2026-04-15 03:16:07+00:00,413298826,21YTMVGTeTNFLCVtFVqpf3xay9YRW5rNH9hHryTWeU7wRdqR4rLvv8aTct1We87SaEyyNq3L7LCTRKAZdDHPGx84,raydium_cpmm,47hq28mcL7q5GhBg7epyGF2dnuJd4MKFt8QhT7CzYUp4,820350731,60837774,0.820350731,60.837774,74.16068725365712,551375,0.003,exact_fixed_fee
2026-04-15 03:20:31+00:00,413299491,4rSiJsqnVnx1ybnKuRnmmJB3bqPLp4uPqVHiJMbqJuzgDGjDZFqSCdr92SzN4oyaZYD6yBJQjrvfiJMAuPWYepqn,raydium_cpmm,47hq28mcL7q5GhBg7epyGF2dnuJd4MKFt8QhT7CzYUp4,820209288,60849573,0.820209288,60.849573,74.18786142787498,5001,0.003,exact_fixed_fee
2026-04-15 03:20:40+00:00,413299515,22eKvoVBcYu1x5KrKvPUt6fS1UbgBQ6Z1PEfowLMhQLmdBqzn7QmmFe72HTTXw2YB1ZG9wYf5QiQoXXi6yMvY1yq,meteora_damm_v2,Ft8FD9gg1TdawhWijNzdkpYTiVL8ETfY6gAwS24bwYio,19376992552,1696027986,19.376992552,1696.027986,87.5279268157093,5001,0.0025,lower_bound_base_fee
2026-04-15 03:20:45+00:00,413299526,3RkBMB7juLfPmm4hcaYtkTvpZCvxuo2v5mv5t4RhJu2GMsiXfRrV2Um9xXWzy2ATTfewn8afTUYzTpz4v6ec4XUk,meteora_damm_v2,Ft8FD9gg1TdawhWijNzdkpYTiVL8ETfY6gAwS24bwYio,19376243839,1696090458,19.376243839,1696.090458,87.53453311658646,5000,0.0025,lower_bound_base_fee
2026-04-15 03:23:12+00:00,413299902,5Jc3TL7guS5E6aMgMoA7aYk71NbHnyPrAvu49bANmZwvJDKgMnwmfT2V3N1KAogfkx1hQrVwkYSC1ctg2hvBdU73,meteora_damm_v2,Ft8FD9gg1TdawhWijNzdkpYTiVL8ETfY6gAwS24bwYio,19374583599,1696229003,19.374583599,1696.229003,87.54918495835693,5001,0.0025,lower_bound_base_fee
2026-04-15 03:23:16+00:00,413299913,4HE1oQ7ankmjzZFZHjKSXCfHs8NGMwx2qfUjxneUzGKaRorBQNtueP5kXXv55Y3LSMwtnv7p5r8cu7yQbcLcJuZ6,meteora_damm_v2,Ft8FD9gg1TdawhWijNzdkpYTiVL8ETfY6gAwS24bwYio,19373751748,1696298429,19.373751748,1696.298429,87.55652756700121,5001,0.0025,lower_bound_base_fee
2026-04-15 03:23:21+00:00,413299926,5ZEzwJF5gT6iUb8bmtcfshrJFdWAeeb6ZyWrxTqXNhdakXjsPbtfB9gE5ZeV9uMtRhgYTmykj1hJn9UAcsaFmSPe,meteora_damm_v2,Ft8FD9gg1TdawhWijNzdkpYTiVL8ETfY6gAwS24bwYio,19372173695,1696430149,19.372173695,1696.430149,87.57045934591493,5000,0.0025,lower_bound_base_fee
2026-04-15 03:23:39+00:00,413299971,45VBb6HEWdvYW9PPyYa4UApYhLn8jMWTsfavnh87nsHBYRNnLVvMnwyx57J98d3N6rUyWZJZ2W937PaFpYJmNscf,meteora_damm_v2,Ft8FD9gg1TdawhWijNzdkpYTiVL8ETfY6gAwS24bwYio,19366165191,1696931873,19.366165191,1696.931873,87.62353601055783,50000,0.0025,lower_bound_base_fee
2026-04-15 03:23:43+00:00,413299982,5AVZMMLofKABp15WdBp7ugXq1dkdVhkogUypfn9qmKNGP5YVogn1ZaVC2SXRxCXWB6rcztzWy2Ja29kd3teWvFTo,meteora_damm_v2,Ft8FD9gg1TdawhWijNzdkpYTiVL8ETfY6gAwS24bwYio,19358753802,1697551214,19.358753802,1697.551214,87.68907499741135,20000,0.0025,lower_bound_base_fee
2026-04-15 03:23:46+00:00,413299989,wQzQ3sR65wU5wZJduYHzxaKqkRTzyVTQ458e4mP53VC5xUVxjb9HHJ6nmZ6uM9FstNFwAR8wYGgCbqXjcMxsMb2,raydium_cpmm,47hq28mcL7q5GhBg7epyGF2dnuJd4MKFt8QhT7CzYUp4,820002895,60866798,0.820002895,60.866798,74.2275403795983,5001,0.003,exact_fixed_fee
2026-04-15 03:23:52+00:00,413300006,3yzLvtodkwLSWVY5xmnaQCuchxAWTbQktrMs9BjaWmczhSQMjmC7uWdMPNKKVPj88BEjiXJ1u6XSfZnEdN8Y8eKU,raydium_cpmm,47hq28mcL7q5GhBg7epyGF2dnuJd4MKFt8QhT7CzYUp4,819849125,60879638,0.819849125,60.879638,74.2571238336078,5001,0.003,exact_fixed_fee
2026-04-15 03:23:54+00:00,413300009,5hsmjQirdPijK16ZwPAx8MyNTFVC2rB7DgnqyMHXQaDsX6JLvJ3J8JnWs2o9c68g3RwYNtpWk8WmZXciUVJxqhL6,meteora_damm_v2,Ft8FD9gg1TdawhWijNzdkpYTiVL8ETfY6gAwS24bwYio,19353492631,1697991214,19.353492631,1697.991214,87.73564784271521,5000,0.0025,lower_bound_base_fee
2026-04-15 03:27:29+00:00,413300558,3a1dgckVdwqGuo576u3wMXXs37TSoJQ7YjkmvDhdYPsVMkn6bMtNrRYztZnxBfh79QGCU2AD7nni1QRYejEX9ahM,raydium_cpmm,47hq28mcL7q5GhBg7epyGF2dnuJd4MKFt8QhT7CzYUp4,819706479,60891554,0.819706479,60.891554,74.28458303060454,94490,0.003,exact_fixed_fee
2026-04-15 04:03:23+00:00,413306013,3r8tzvHaxaZWTZbjMZrRjRuUzt7tLsXFhJH9v8eX4W5BDkY2idPeZMoPm21edb9t4hugubWdhkk332GFJNFaZaSf,raydium_cpmm,47hq28mcL7q5GhBg7epyGF2dnuJd4MKFt8QhT7CzYUp4,819587771,60901474,0.819587771,60.901474,74.3074459562672,5001,0.003,exact_fixed_fee
2026-04-15 04:03:24+00:00,413306014,wXWjzkiYTX4c5tXR95m1wm3JC9evJ4zQPo15LHjPCCdiXbLpyge5G8ofHLcfWR67GumZcvS6TVG98pVRUobitfz,raydium_cpmm,47hq28mcL7q5GhBg7epyGF2dnuJd4MKFt8QhT7CzYUp4,819350488,60921313,0.819350488,60.921313,74.35317839219985,5001,0.003,exact_fixed_fee
2026-04-15 04:03:24+00:00,413306015,5jJB8kBC4qqWxYSGFKrPHjAMxpJogdoBVEEaWdRKtn6Uht2PkgVndYZJky8sEBo4TBUjdxeJGDNg94AaBt5TN389,raydium_cpmm,47hq28mcL7q5GhBg7epyGF2dnuJd4MKFt8QhT7CzYUp4,819113365,60941152,0.819113365,60.941152,74.39892279135258,5001,0.003,exact_fixed_fee
2026-04-15 04:03:30+00:00,413306030,336uW8DUzUtpyB5ZQPUuieNZS3iwpf2oeJR1mRW4vXMmooxMFf3ZwEtETnjxfbPTGKcCAK3ZTX8LTQX35CmqDKFq,raydium_cpmm,47hq28mcL7q5GhBg7epyGF2dnuJd4MKFt8QhT7CzYUp4,818936625,60955948,0.818936625,60.955948,74.43304663532419,5001,0.003,exact_fixed_fee
2026-04-15 04:03:34+00:00,413306041,4Z3aMs4NeixS98sCtkZmq3f4114ecxRHnFqebvCSP5rsdLf2CKEzskgZhM7sBKLQTeAJSoRg6xkg8vDkDmGSU2SS,raydium_cpmm,47hq28mcL7q5GhBg7epyGF2dnuJd4MKFt8QhT7CzYUp4,818818177,60965868,0.818818177,60.965868,74.45592893817744,5001,0.003,exact_fixed_fee
2026-04-15 04:03:58+00:00,413306102,3qKXxon6jy2AAXT7t2yANKuXLmaz9WunVs6yrEoufSNKovnaQRQE1syRAx9tXznMbu4yc7mVZJ5LBfSWExueJJgJ,meteora_damm_v2,Ft8FD9gg1TdawhWijNzdkpYTiVL8ETfY6gAwS24bwYio,19348445693,1698413507,19.348445693,1698.413507,87.7803588954157,109860,0.0025,lower_bound_base_fee
2026-04-15 04:31:24+00:00,413310258,3UkaS2bcwn1dVobHdeH7J8ZEzuT4qjZ7iAcZyydQcwFBxfJNdJwUoxmKLFjsz7mB2auDACQFvTmNFP5YYhqEw8QF,raydium_cpmm,47hq28mcL7q5GhBg7epyGF2dnuJd4MKFt8QhT7CzYUp4,2170937150,22361859,2.17093715,22.361859,10.300555683981916,5000,0.003,exact_fixed_fee
2026-04-15 04:31:24+00:00,413310258,4Hr8b3zbcSAuy3hpJZy4b5Ue2QVZSpeL3jRBShy5CRGKMWTVrysQEcjhZKsYKSCTeNZnot7YCNSsq67ExcDhxshK,raydium_cpmm,47hq28mcL7q5GhBg7epyGF2dnuJd4MKFt8QhT7CzYUp4,821967568,60970868,0.821967568,60.970868,74.17673199485652,387769,0.003,exact_fixed_fee
2026-04-15 04:31:24+00:00,413310258,5LqctD38xcw77hvABHjuLy9fUWzdSuBGCP99Uu8rXCaPy5oo4GVMCEegVwMRm9VfcEMg74ER1wNiuCZ9TJBAkywV,raydium_cpmm,47hq28mcL7q5GhBg7epyGF2dnuJd4MKFt8QhT7CzYUp4,821967568,60970868,0.821967568,60.970868,74.17673199485652,55000,0.003,exact_fixed_fee
2026-04-15 04:31:24+00:00,413310258,5VzFy9LztDaJDC56GzC3nvHUj9kaveBifFsoXuXVhAYHTTQjRuT8heeeDEMDppNMNu58XKy1xwAG2Cv8ADC2cHNP,raydium_cpmm,47hq28mcL7q5GhBg7epyGF2dnuJd4MKFt8QhT7CzYUp4,822027492,60965868,0.822027492,60.965868,74.16524215226612,5000,0.003,exact_fixed_fee
2026-04-15 04:31:24+00:00,413310258,5mJFYSsQLGDPUhnAiwSP7CVdyEwc8nzxUFzY3whoyifDFyvrBG7hECV94u1Nn5Z18Hw9MkbREVhrJ9dLFip1oMsM,raydium_cpmm,47hq28mcL7q5GhBg7epyGF2dnuJd4MKFt8QhT7CzYUp4,821967568,60970868,0.821967568,60.970868,74.17673199485652,8986,0.003,exact_fixed_fee
2026-04-15 04:31:24+00:00,413310258,akEiBbgeH3o8tuqDTEZ1fnhc7niFpPkddMbBiMNDVReDGaTrzkrDD4FkfqWyPJobzK4Qea7KC2L4SiFFRiMrkx5,raydium_cpmm,47hq28mcL7q5GhBg7epyGF2dnuJd4MKFt8QhT7CzYUp4,821967568,60970868,0.821967568,60.970868,74.17673199485652,8810,0.003,exact_fixed_fee
2026-04-15 04:31:24+00:00,413310258,zWvS9Hb5eqCveQghHgRzdUmQHugLmX36xyYdNRv5Q2o3nNExxzASevSuYDs4KaP9uupwwszrcSzAtswbYLM7Q9i,raydium_cpmm,47hq28mcL7q5GhBg7epyGF2dnuJd4MKFt8QhT7CzYUp4,821967568,60970868,0.821967568,60.970868,74.17673199485652,8978,0.003,exact_fixed_fee
2026-04-15 04:31:25+00:00,413310259,46FHLrq9ySrJqWv45hhVQP8zvMAUKgdVRxGKLJDmMn3s6jrHagMQwpfo6iKcms9yFungdw5477SEDdGVrLhs6Wu3,raydium_cpmm,47hq28mcL7q5GhBg7epyGF2dnuJd4MKFt8QhT7CzYUp4,821967568,60970868,0.821967568,60.970868,74.17673199485652,9017,0.003,exact_fixed_fee
2026-04-15 04:35:19+00:00,413310852,2qcxewMiFUxB8NX5vqsgPbn37H9fBZg1x1uNxA5G4HNyqQd3qSWSbkP9CWfLEy8RnBbyKcvCw7mUWzs6Kz9Pivee,raydium_cpmm,47hq28mcL7q5GhBg7epyGF2dnuJd4MKFt8QhT7CzYUp4,821444922,61014513,0.821444922,61.014513,74.27705907712703,5001,0.003,exact_fixed_fee
2026-04-15 04:35:21+00:00,413310856,27peZHD6Hs3dBZ3NzuXRPvB17jwZXf6DVmehMAo9zHEGaS2cvN6eEptKU86ixTdAWzGVPofkyPrJB7a38CnbA8Ej,raydium_cpmm,47hq28mcL7q5GhBg7epyGF2dnuJd4MKFt8QhT7CzYUp4,821250902,61030732,0.821250902,61.030732,74.31435612596746,5001,0.003,exact_fixed_fee
2026-04-15 04:52:45+00:00,413313510,2YcFYhuqbtems4xQn5vTEMsuW6xQWVvqFpXRQdMrGtcU3rFWqBeNv9XvzHUyTdEi1RqnrwEHyhmwgpJg2YnSX7Go,raydium_cpmm,47hq28mcL7q5GhBg7epyGF2dnuJd4MKFt8QhT7CzYUp4,821203068,61034732,0.821203068,61.034732,74.3235557420007,5001,0.003,exact_fixed_fee
2026-04-15 04:52:49+00:00,413313520,53C1vZQbaN9HHREYwexPJwsUYatma6j5uXYvvDp76TYeQjLATDjymcZLeys54mhTLoHJ3YCtcaQoLokjg3qxN6tL,raydium_cpmm,47hq28mcL7q5GhBg7epyGF2dnuJd4MKFt8QhT7CzYUp4,821155240,61038732,0.82115524,61.038732,74.33275588669447,5001,0.003,exact_fixed_fee
2026-04-15 04:53:49+00:00,413313675,h42D6soDqF7NyTDPAHZWszjGMJfYpoean8DTHDAPibckr6Rj3ozQpCHp2wtjbwvzNsK9KtgDNa459gemidWTmYm,raydium_cpmm,47hq28mcL7q5GhBg7epyGF2dnuJd4MKFt8QhT7CzYUp4,820972634,61054009,0.820972634,61.054009,74.367897870759,5001,0.003,exact_fixed_fee
2026-04-15 04:53:50+00:00,413313677,4RV6YMgBBr3Y1BcrA7N4nQ8X4bquFw3aVZkeZNDEnbcyZFqqMP6HuNLX2emGqbWrdXfMc8uJqQP7Jtt3wzqk3DYG,raydium_cpmm,47hq28mcL7q5GhBg7epyGF2dnuJd4MKFt8QhT7CzYUp4,820854880,61063865,0.82085488,61.063865,74.39057315466043,5001,0.003,exact_fixed_fee
2026-04-15 04:53:51+00:00,413313680,3G7wH6F7eYF3NHVWeBu3uHwYC4d4mQLzKzd5tkZTEQg9kvNBvW9b51K1qwD8z1wnj9qDJigoYk1HtJxEF1iw2g7A,raydium_cpmm,47hq28mcL7q5GhBg7epyGF2dnuJd4MKFt8QhT7CzYUp4,820736411,61073784,0.820736411,61.073784,74.41339653200788,5001,0.003,exact_fixed_fee
2026-04-15 04:53:52+00:00,413313682,3sUpmWqvCySJ8R1yj6Aj25YWWG2x5y8QGySrSKk6jAWxCWJvTzmUm9QNk9a3c7mZ1awH8zci2cfrsBP1oXnu5AdX,raydium_cpmm,47hq28mcL7q5GhBg7epyGF2dnuJd4MKFt8QhT7CzYUp4,820589844,61086060,0.820589844,61.08606,74.44164761073986,73682,0.003,exact_fixed_fee
2026-04-15 04:53:52+00:00,413313683,3FAB9a8Jj9WvHvesNp5Yo2gEXd72WPnHRVGN9qmHB74UhEhCTRuFFDdvY8pXtXahc9SADLceGXch2NB7DyMoTJ6K,raydium_cpmm,47hq28mcL7q5GhBg7epyGF2dnuJd4MKFt8QhT7CzYUp4,820471464,61095979,0.820471464,61.095979,74.46447765793351,5001,0.003,exact_fixed_fee
2026-04-15 04:53:54+00:00,413313686,2U12i3Po3nbF3kVQg5SBRRF6sLfq5ePAJM9ygB5Mh6JdcY7Y82At2hcafLRF94VDu5S712jrimJhnsXeRAKPUAaw,raydium_cpmm,47hq28mcL7q5GhBg7epyGF2dnuJd4MKFt8QhT7CzYUp4,820424119,61099947,0.820424119,61.099947,74.47361137368026,5001,0.003,exact_fixed_fee
2026-04-15 05:00:34+00:00,413314707,2YoZME2bpLStSuHXLTztEshR2Cya5ssHjVW1amNP1S3CNZHnKjZNjq2U1itkKEfQ4353CLCxLFGhDqQNhsu1Vxku,meteora_damm_v2,Ft8FD9gg1TdawhWijNzdkpYTiVL8ETfY6gAwS24bwYio,19348315327,1698424417,19.348315327,1698.424417,87.78151421947827,5001,0.0025,lower_bound_base_fee
2026-04-15 05:00:35+00:00,413314711,4dUHPfNSGi4xtpnVrhwyxFfHCUmzMKffRiPgXutqXax3znzWA2MoxQ3ZMKq5NrBQ8HnAAjtDKAyvxpxpJzqeVedx,meteora_damm_v2,Ft8FD9gg1TdawhWijNzdkpYTiVL8ETfY6gAwS24bwYio,19347130084,1698523607,19.347130084,1698.523607,87.79201874518188,5001,0.0025,lower_bound_base_fee
2026-04-15 05:00:36+00:00,413314712,5xJ1AzDya1SoL3HUjd1Rzpt8kc2msVi37mEVn4gKuNHNzihUav25fXYa3ajuTEjggFAiz6NwifK7hKvsfCqYQaAK,meteora_damm_v2,Ft8FD9gg1TdawhWijNzdkpYTiVL8ETfY6gAwS24bwYio,19341997929,1698953245,19.341997929,1698.953245,87.83752594930803,109115,0.0025,lower_bound_base_fee
2026-04-15 05:00:40+00:00,413314722,66VAJcQDC8tyZYzTr2EuxoaZaY4NLymnpE3wBwPgebXBy6rv1U13XdmrkZnBEDQ5hQ6iSM7YQNhYdkAuf5Y7SS99,meteora_damm_v2,Ft8FD9gg1TdawhWijNzdkpYTiVL8ETfY6gAwS24bwYio,19338445075,1699250815,19.338445075,1699.250815,87.86905091954505,5001,0.0025,lower_bound_base_fee
2026-04-15 05:00:41+00:00,413314725,3EXsTuUT8ukwhvJoTmtbrrgf4KeBXjAsGbHk2JvrTmfgQCX3dpxAU2X9wY4kroFuYbfrg3Wj8Ft1qyse22xDn2uw,meteora_damm_v2,Ft8FD9gg1TdawhWijNzdkpYTiVL8ETfY6gAwS24bwYio,19337261196,1699350005,19.337261196,1699.350005,87.87955997364912,5001,0.0025,lower_bound_base_fee
2026-04-15 05:02:08+00:00,413314943,5tcukpM26Lt9fuQAMp53gxDnXBSahgvNVbpQEgFxHv35nsp36zJF1LAwfhyCoXyTRGiYgPnt34CqmVGhQ8fmuEZH,meteora_damm_v2,Ft8FD9gg1TdawhWijNzdkpYTiVL8ETfY6gAwS24bwYio,19335641129,1699485770,19.335641129,1699.48577,87.8939445897698,5000,0.0025,lower_bound_base_fee
2026-04-15 05:28:01+00:00,413318881,37DcVMNjpUMbEhpzdj8PXSBz3ErEQSpMxMSc4tdPUvfX2bRX6NaaEEuM8tDKjeKuKMuBZUzuxsyrVUJFPsKHW9tE,meteora_damm_v2,Ft8FD9gg1TdawhWijNzdkpYTiVL8ETfY6gAwS24bwYio,19337133629,1699361352,19.337133629,1699.361352,87.88072651323353,5001,0.0025,lower_bound_base_fee
2026-04-15 05:28:27+00:00,413318947,12916FBnPh5KHaSw1ogynbr7WNBTxTSxVAt7E2TLXia76XNgPQxo4NDqC9wJMmoLug2Eccbcfz5XMzP4vaWBwTVN,meteora_damm_v2,Ft8FD9gg1TdawhWijNzdkpYTiVL8ETfY6gAwS24bwYio,19337493492,1699331352,19.337493492,1699.331352,87.87753969784245,5025,0.0025,lower_bound_base_fee
2026-04-15 05:28:27+00:00,413318947,22yTaFsEycgA6aHBjMdyXi1D3gVgiQ6Q8D625CTX31HGux6RBTAPhiJM5vQ7wbGM8JFi63kksx6xzkj1KpeARVbw,meteora_damm_v2,Ft8FD9gg1TdawhWijNzdkpYTiVL8ETfY6gAwS24bwYio,19337733412,1699311352,19.337733412,1699.311352,87.87541516864097,5030,0.0025,lower_bound_base_fee
2026-04-15 05:30:25+00:00,413319241,3ZfVi7GouN21BwQqtUWihNVF42vbFJWEfoqDRgTR6mzA3GK9U1tTZVPkrfru9MVumwXseKd8n6FCcNUCsj5fGdw1,meteora_damm_v2,Ft8FD9gg1TdawhWijNzdkpYTiVL8ETfY6gAwS24bwYio,19348204449,1698439006,19.348204449,1698.439006,87.78277128903208,6235,0.0025,lower_bound_base_fee
2026-04-15 05:33:16+00:00,413319678,5NSoqPf7mhqnt5uxxGE3RX7gXHMmVqDWAEoEKPgqgeCL5EHC1xn4NF45AyfEPVK1G9Yoqns6XZFxjQRX2DZEQwt2,raydium_cpmm,47hq28mcL7q5GhBg7epyGF2dnuJd4MKFt8QhT7CzYUp4,820628119,61082957,0.820628119,61.082957,74.43439432033404,5001,0.003,exact_fixed_fee
2026-04-15 05:33:17+00:00,413319681,2unRwePkb4rLd6qrEJvPGx9yGwtPqvDwhtCmouhSgebGfJX4tMo62V7jCavjR4fmwvp65zQDDVW5gkC6egTm55W7,meteora_damm_v2,Ft8FD9gg1TdawhWijNzdkpYTiVL8ETfY6gAwS24bwYio,19350765633,1698225820,19.350765633,1698.22582,87.76013581105626,5000,0.0025,lower_bound_base_fee
2026-04-15 05:33:31+00:00,413319717,4sPNAap2fJaxa6LDF18hVnA8AUyZi3KaQu8q4knSbo7phr29ttcgstEx25qtWtyc5PtUwzEGLhSyJ75zqGcQ2JLc,meteora_damm_v2,Ft8FD9gg1TdawhWijNzdkpYTiVL8ETfY6gAwS24bwYio,19354062958,1697951390,19.354062958,1697.95139,87.7310047861631,5000,0.0025,lower_bound_base_fee
2026-04-15 05:34:47+00:00,413319912,4tVG6SHF9CPcibF5dfGYo3CwgMChJU6hkNu7xMQ3Z1uHY4nn74EFwjmquNTngindFKd2GnXntvFmh7PzwfCuf1ig,raydium_cpmm,47hq28mcL7q5GhBg7epyGF2dnuJd4MKFt8QhT7CzYUp4,820828119,61066310,0.820828119,61.06631,74.39597716802878,5001,0.003,exact_fixed_fee
2026-04-15 05:34:49+00:00,413319916,4uHfxg2oauqLHUNKyLKQnbAKWrsMFw9yFHHqymxCLa7c3Wg3j67sJ1W9Ss9ZDJwwL7vmGmKndK2BKQ2bmxAD7pV2,raydium_cpmm,47hq28mcL7q5GhBg7epyGF2dnuJd4MKFt8QhT7CzYUp4,821093119,61044267,0.821093119,61.044267,74.34512065372697,5001,0.003,exact_fixed_fee
2026-04-15 05:34:52+00:00,413319922,4dsGkLUfzMRz8zwoL9EV27WBNAyZTuwMLMgw3THVDTKMgAHuHz1psoaGmHfHm8AEVMwBjv6As2tNjJpxdN356NjE,raydium_cpmm,47hq28mcL7q5GhBg7epyGF2dnuJd4MKFt8QhT7CzYUp4,821331119,61024484,0.821331119,61.024484,74.29949089753167,5001,0.003,exact_fixed_fee
2026-04-15 05:34:55+00:00,413319931,4iN4MgfJ52zFXaTrhWpQ5xQpM142x8CMPmcihWRcoXkE6Q8qmTk793apzcZWC2eQBeU8FoJDngSWNp9e5Js8WkGU,meteora_damm_v2,Ft8FD9gg1TdawhWijNzdkpYTiVL8ETfY6gAwS24bwYio,19355329258,1697846024,19.355329258,1697.846024,87.7198213147545,5001,0.0025,lower_bound_base_fee
2026-04-15 05:37:48+00:00,413320369,2MQckmV4zgo8AojnK1RVh9mZMoEfZKphGTeCfkSXdwnUSS8jnbN3KXFTJmGA9FeJiSR4PJ2Hi6CKjBzB6oAvuxhi,meteora_damm_v2,Ft8FD9gg1TdawhWijNzdkpYTiVL8ETfY6gAwS24bwYio,19358583364,1697575317,19.358583364,1697.575317,87.69109211559764,5000,0.0025,lower_bound_base_fee
2026-04-15 05:38:52+00:00,413320530,5Jxx9hDpWkvxb7xdT329VsuDxyEPUsuT7Q5Sdh7GvFHhGWM3Zcbe23EhbSpBr7no5f4GHN9gSWdjC11GJYcycyzi,meteora_damm_v2,Ft8FD9gg1TdawhWijNzdkpYTiVL8ETfY6gAwS24bwYio,19361713495,1697315010,19.361713495,1697.31501,87.66347102689632,5000,0.0025,lower_bound_base_fee
2026-04-15 05:39:24+00:00,413320611,5brvJFbpjChS9FytLbDQYHZxakbAVu8SU3aLADYrWVuYLtLkj3UYf3XwL88XAfT2KjexJyqrcfNGorS1dMCmv9mG,meteora_damm_v2,Ft8FD9gg1TdawhWijNzdkpYTiVL8ETfY6gAwS24bwYio,19364057213,1697120140,19.364057213,1697.12014,87.6427972367611,5075,0.0025,lower_bound_base_fee
2026-04-15 05:40:39+00:00,413320801,4aESHkCgiqUiwqEbfuj44Am8uc7V1oLVdmwfjNHpuawMUXPyArEr3Tj5mFiS5zDAmg5t3SRU2xxwAfQYbTv7RyBX,meteora_damm_v2,Ft8FD9gg1TdawhWijNzdkpYTiVL8ETfY6gAwS24bwYio,19369827280,1696640635,19.36982728,1696.640635,87.59193411868152,5001,0.0025,lower_bound_base_fee
2026-04-15 05:41:11+00:00,413320877,45ZoknEAJQnsuyheuq6YGmJXjJ5vcA35KN1SQcpitqsBGWEYo7Ah8TAjgxSNPrAkPARV5zvce2sbogQabVG3p3JF,meteora_damm_v2,Ft8FD9gg1TdawhWijNzdkpYTiVL8ETfY6gAwS24bwYio,19375248796,1696190375,19.375248796,1696.190375,87.54418551519073,95280,0.0025,lower_bound_base_fee
2026-04-15 05:45:29+00:00,413321532,5kmXjgKAE5kNYLzwVgaDhoDbBgAJEFxUvSNRPCdEQEsQQwTWnaYugvo61ddUeb3W4eFzyo8ggLWUU5cTu4qPcm6Z,raydium_cpmm,47hq28mcL7q5GhBg7epyGF2dnuJd4MKFt8QhT7CzYUp4,821404019,61018427,0.821404019,61.018427,74.28552282260017,5001,0.003,exact_fixed_fee
2026-04-15 05:45:43+00:00,413321569,51WokNB5vzPMEPZjcSCYmi7d84aoUMq6pFQQDkZGiGouAm3aW2KNHyDjFQWFU42XT3emyZGGxceb2A3Bmr7vam2n,raydium_cpmm,47hq28mcL7q5GhBg7epyGF2dnuJd4MKFt8QhT7CzYUp4,821796337,60985852,0.821796337,60.985852,74.21042082352334,5000,0.003,exact_fixed_fee
2026-04-15 06:05:28+00:00,413324589,gJ1dwjVWWkBDZZ7ETjuFfAfU57ogWV91Pd3cy3mv84peRq8f6R6BVbDDNJ27adYZmgpXBk65nMs6xUgTUPNcbJP,meteora_damm_v2,Ft8FD9gg1TdawhWijNzdkpYTiVL8ETfY6gAwS24bwYio,19376248596,1696107371,19.376248596,1696.107371,87.53538449904805,378810,0.0025,lower_bound_base_fee
2026-04-15 06:06:23+00:00,413324727,2cVQbjHuoqScGaU3gVK6e3FboJTqsLM9HF1DYj9LkTyctDKFns5XPt8e9hWe3ZN9MQNiH75X4rCeZpAanuxy7ZQ7,meteora_damm_v2,Ft8FD9gg1TdawhWijNzdkpYTiVL8ETfY6gAwS24bwYio,19378877251,1695889158,19.378877251,1695.889158,87.51225037624343,80001,0.0025,lower_bound_base_fee
2026-04-15 06:06:27+00:00,413324739,4KvkfshC1qV42u2jK9v1Ni1RJMwWpLQsCEt4FppHUJPBH7vkAdZQnAXF3FutqQPPzVmG9D8dCMCjzptp7xAzh8XD,meteora_damm_v2,Ft8FD9gg1TdawhWijNzdkpYTiVL8ETfY6gAwS24bwYio,19381200488,1695696350,19.381200488,1695.69635,87.49181202938908,5001,0.0025,lower_bound_base_fee
2026-04-15 06:34:40+00:00,413329034,3VHyR2Gyyp57dCQpdi8iSi2M5LX4uviZk1RQmvvAwLbPgoRmqkCiJ86EL825PWTsy4zuzrykrFmpLGUB5uSNsd1q,raydium_cpmm,47hq28mcL7q5GhBg7epyGF2dnuJd4MKFt8QhT7CzYUp4,826231941,60985852,0.826231941,60.985852,73.81202417106748,5000,0.003,exact_fixed_fee
2026-04-15 06:34:40+00:00,413329034,4785zm9a2SkTjcMANRLoNyA8CKdufDUKXCj4T1yUMq3mdTdWL5yTsW8MMMoDccfN9XMESZwhgZ8eS9ykA4Kc2B4U,raydium_cpmm,47hq28mcL7q5GhBg7epyGF2dnuJd4MKFt8QhT7CzYUp4,3579367082,14236467,3.579367082,14.236467,3.9773699298942145,5000,0.003,exact_fixed_fee
2026-04-15 06:34:40+00:00,413329034,4fXcHY7y5ZoZ9xWXvPV4tAoYBoFHYPc9Vq9rpGQpvR2Ry9Vqi3v8buEfixYSqHFqsAzJ9vP12jnPEGVxvfHsH5kQ,raydium_cpmm,47hq28mcL7q5GhBg7epyGF2dnuJd4MKFt8QhT7CzYUp4,826219906,60986852,0.826219906,60.986852,73.81430967362823,55000,0.003,exact_fixed_fee
2026-04-15 06:45:48+00:00,413330730,677ABYPuEfJJnzoYCBek9UD3WP4pNF8wm9LyWko8RC6Ne5L2dQwe8iVKc3JmmLTMS2riusHhQMpRezBn4LhpHer8,raydium_cpmm,47hq28mcL7q5GhBg7epyGF2dnuJd4MKFt8QhT7CzYUp4,826100556,60996771,0.826100556,60.996771,73.83698093044256,5001,0.003,exact_fixed_fee
2026-04-15 06:48:23+00:00,413331125,4YgNHD6LcPC6MpHxusDabCdzLz3YhyFWQcVdVEzEQAWcRpACwyjnWrurVNeUrTpsEJQg59n8z2tQcrnph7yJZg9f,raydium_cpmm,47hq28mcL7q5GhBg7epyGF2dnuJd4MKFt8QhT7CzYUp4,825993587,61005664,0.825993587,61.005664,73.8573094999102,5001,0.003,exact_fixed_fee
2026-04-15 06:58:27+00:00,413332650,3XTD7TEXfaatYgT1SuMzzJJKSPYbN2BAh24yopBkiAdrHUVkoABqVsaU9EhVS14TWjjXEzU1Pnv75UiyREXx6ZZL,meteora_damm_v2,Ft8FD9gg1TdawhWijNzdkpYTiVL8ETfY6gAwS24bwYio,19384600488,1695414271,19.384600488,1695.414271,87.46191452589096,5001,0.0025,lower_bound_base_fee
2026-04-15 07:03:29+00:00,413333418,3coyZPTVazz5XSechseG7vFfBomamkUXquvhG2qyMptfemNyBLFFA8ArhxstCV5WvUREtyD11hdgdqiUghoygD7a,raydium_cpmm,47hq28mcL7q5GhBg7epyGF2dnuJd4MKFt8QhT7CzYUp4,828191255,61083843,0.828191255,61.083843,73.75572083286487,14846,0.003,exact_fixed_fee
2026-04-15 07:03:29+00:00,413333418,3nP8aL9eVCawMshqgueJ4DLw71Y3BdrY5z167AbRtHTUY4Md7QFiXcjxJvUCD3ok7xYy9W36CKRHDCMjotFBpYdK,raydium_cpmm,47hq28mcL7q5GhBg7epyGF2dnuJd4MKFt8QhT7CzYUp4,828179214,61084843,0.828179214,61.084843,73.75800064453199,5029,0.003,exact_fixed_fee
2026-04-15 07:03:29+00:00,413333418,4p885QqdcHL39vFzEMSZdWFqu4aQV7s8uppRugHXH8BecxfWHdxFnqT2r1KJSTscdq4fWScLzyKy8RB5V2ADvVhX,raydium_cpmm,47hq28mcL7q5GhBg7epyGF2dnuJd4MKFt8QhT7CzYUp4,829133911,61005664,0.829133911,61.005664,73.57757678301014,5000,0.003,exact_fixed_fee
2026-04-15 07:03:29+00:00,413333418,NhRw5C3LCA9CRrWbyX1E7nyGJwP9ekL6HB5QhKzoLxTqrWquMmR8pzn38Gv5zb6UBPL5ThcdVdXRtvDMCMLhG6K,raydium_cpmm,47hq28mcL7q5GhBg7epyGF2dnuJd4MKFt8QhT7CzYUp4,2107961996,23212703,2.107961996,23.212703,11.011917218644204,5000,0.003,exact_fixed_fee
2026-04-15 07:04:25+00:00,413333551,58ZdL4s6JerjjpwKzNM8rCU2LUiQmcPsc536AYcYNV814CqGkHwqZsSKx75WdYtmFt9o47DjzqX3JRwjVSFJ9PtR,raydium_cpmm,47hq28mcL7q5GhBg7epyGF2dnuJd4MKFt8QhT7CzYUp4,828058761,61094849,0.828058761,61.094849,73.78081348504688,5001,0.003,exact_fixed_fee
2026-04-15 07:04:26+00:00,413333553,4u9RDLH8phWqSbdEzgXfHLPQDsh28LBxqsGEU4CecigGWb7V9QP5LtXoPgRaskmxH1SZDi7omdGTLi2AYa15m21C,raydium_cpmm,47hq28mcL7q5GhBg7epyGF2dnuJd4MKFt8QhT7CzYUp4,827866592,61110818,0.827866592,61.110818,73.81722923782387,5001,0.003,exact_fixed_fee
2026-04-15 07:04:28+00:00,413333559,3CguZCrGwFtWJvBw9v6RzK72feNNM5k3fLo7bJCpb7bAaHy6tNCwWgFCLpk35WnHPBZ9w1crA5ZGTb7uJZNhccGY,raydium_cpmm,47hq28mcL7q5GhBg7epyGF2dnuJd4MKFt8QhT7CzYUp4,827747283,61120737,0.827747283,61.120737,73.83985215690524,5001,0.003,exact_fixed_fee
2026-04-15 07:04:28+00:00,413333560,Csmi5DJjpeh5UbNopoKK9uNTRzMCz2j8bGRuqVbJRKNBfd5sYR6fms8JD34vSjEQvqoavbjFo4kbSe8V8WKprDP,raydium_cpmm,47hq28mcL7q5GhBg7epyGF2dnuJd4MKFt8QhT7CzYUp4,827550979,61137064,0.827550979,61.137064,73.87709706280222,5001,0.003,exact_fixed_fee
2026-04-15 07:09:43+00:00,413334362,3eqhvr6YCkHmcGBqfJDqz6p6mPxwt3DhT1tnbhvKy446PbnVmhUMJnMwLC22Gi8SWbE2646h3RjDCuihkb2RFe3C,meteora_damm_v2,Ft8FD9gg1TdawhWijNzdkpYTiVL8ETfY6gAwS24bwYio,19496018823,1686223760,19.496018823,1686.22376,86.49067152165009,35000,0.0025,lower_bound_base_fee
2026-04-15 07:09:43+00:00,413334362,54d9HQcmc7n7cEyww8nMeD1CQoa2NcJ3ZsuVMQYNrNAY2MyRBEjpEa4ZeSEWPi2nfPLkfLW6adjgERBa5RqjJ6cb,meteora_damm_v2,Ft8FD9gg1TdawhWijNzdkpYTiVL8ETfY6gAwS24bwYio,19420074795,1692508738,19.420074795,1692.508738,87.15253447096725,6944,0.0025,lower_bound_base_fee
2026-04-15 07:10:45+00:00,413334520,FCnxrHrJC2KQLnPDc2QeN7tjUKNFzSYSASqsHSZ4W4xqqCPAptiAHe4WdodDq65WebUUMpJkA6AaUHBFgBLCnSb,meteora_damm_v2,Ft8FD9gg1TdawhWijNzdkpYTiVL8ETfY6gAwS24bwYio,19407011059,1693594709,19.407011059,1693.594709,87.26715844347375,5000,0.0025,lower_bound_base_fee
2026-04-15 07:12:00+00:00,413334698,2ofnXrT1xoDpKcdqhghZJ36jrwa6arjYTQxJHdL1Dz14hgWuWX6AuRy3dNNUoQtgwER5xMUXsZgoJMQaXBs8FEX4,meteora_damm_v2,Ft8FD9gg1TdawhWijNzdkpYTiVL8ETfY6gAwS24bwYio,19403142382,1693916623,19.403142382,1693.916623,87.30114894025726,5001,0.0025,lower_bound_base_fee
2026-04-15 07:12:04+00:00,413334710,4EMga61zHpnbv6dNRZxbY3VpVUt5XXto1JxQeN2rTNLsTeNGSzkiqKVQKVxicRR9D54uTdmiqJiB5YudiVzJxB92,meteora_damm_v2,Ft8FD9gg1TdawhWijNzdkpYTiVL8ETfY6gAwS24bwYio,19399742759,1694199584,19.399742759,1694.199584,87.33103345991641,50000,0.0025,lower_bound_base_fee
2026-04-15 07:12:09+00:00,413334722,3DkWorx9xqBhcNJpfV9dap3JLs1FxFAavHUBzf94h38s5Z6B8WGhhLif7aP5caoRvur7eSCaqKGevojULesCmJK3,meteora_damm_v2,Ft8FD9gg1TdawhWijNzdkpYTiVL8ETfY6gAwS24bwYio,19398155352,1694331756,19.398155352,1694.331756,87.34499364782694,5001,0.0025,lower_bound_base_fee
2026-04-15 07:12:11+00:00,413334727,pz4Ck1FxEQ4QyoYS75Y7kqWqimKPYZEzT3fr7vNhupnvFkZkE96i8Qvwfmnj6Bcq67ioVwytSCiiiE6xUHPNez3,meteora_damm_v2,Ft8FD9gg1TdawhWijNzdkpYTiVL8ETfY6gAwS24bwYio,19396635326,1694458338,19.396635326,1694.458338,87.35836445451353,5001,0.0025,lower_bound_base_fee
2026-04-15 07:12:28+00:00,413334771,4wXyJX9JqHqhYd3vzeVenNdoN5Yu1jrwuCV1qTXAyErvn1mRfLxsjCmQnhdK5f43iy9CRFbb14gX3UMHPuX5E3Mw,raydium_cpmm,47hq28mcL7q5GhBg7epyGF2dnuJd4MKFt8QhT7CzYUp4,827431776,61146983,0.827431776,61.146983,73.89972777646867,5001,0.003,exact_fixed_fee
2026-04-15 07:18:09+00:00,413335641,4GyRBY6QmhRMkMNUCop7kUUJiHMdwAAeUVDYLvHduvMc7GQUjWfw9pwwEnq2Nz2m9U8srJrbpu4GNmqDT6x1N1mg,meteora_damm_v2,Ft8FD9gg1TdawhWijNzdkpYTiVL8ETfY6gAwS24bwYio,19403549976,1693885779,19.403549976,1693.885779,87.29772547266585,5000,0.0025,lower_bound_base_fee
2026-04-15 07:21:00+00:00,413336067,63VKSvkgcdnCm33bydztC2zF2Zb63ux9UB5WKx4P2cCMA4RV4YGPHf6bb2APGPYvCF1tJjHZQR4mf3CrmLDvTMof,meteora_damm_v2,Ft8FD9gg1TdawhWijNzdkpYTiVL8ETfY6gAwS24bwYio,19404184792,1693833228,19.404184792,1693.833228,87.2921612609223,5001,0.0025,lower_bound_base_fee
2026-04-15 07:21:06+00:00,413336082,4ESiEMscNtHXHzGWKuGH35R4zoshYX1ueJK7QQFD2MJU4BcgemdBHfebLFyNFs3Vv1RUL5xoB7WU1hDm3drRHfPF,meteora_damm_v2,Ft8FD9gg1TdawhWijNzdkpYTiVL8ETfY6gAwS24bwYio,19405318797,1693739346,19.405318797,1693.739346,87.28222214323254,5030,0.0025,lower_bound_base_fee
2026-04-15 07:21:07+00:00,413336086,4Qruv1XzHf5JBff9tvSQHs2TE3mHP1bUuCCd7butuHnxYjK8dfpejTD3GcD5EXkbxVCjnAqRYLUfQWB4pBNPYLP8,meteora_damm_v2,Ft8FD9gg1TdawhWijNzdkpYTiVL8ETfY6gAwS24bwYio,19405758797,1693702927,19.405758797,1693.702927,87.2783664229525,5001,0.0025,lower_bound_base_fee
2026-04-15 07:21:08+00:00,413336089,tT2eSWunAfxDmaVKZNW4R8x3KaiNmkMk9LCMoyTxp5h7C9B91UTYk5R4QbaEg48STiBD4J74aLhf1Cb5rp6mFFJ,meteora_damm_v2,Ft8FD9gg1TdawhWijNzdkpYTiVL8ETfY6gAwS24bwYio,19406609297,1693632533,19.406609297,1693.632533,87.27091410356846,5001,0.0025,lower_bound_base_fee
2026-04-15 07:21:09+00:00,413336092,44zSDEpzex1TEAiAyUYN6yCegLp7715EajtR2oGvDQhS3NaoHhuiNqv3VEioasED6mSRjAW8qEkJSdxV965rjp5a,meteora_damm_v2,Ft8FD9gg1TdawhWijNzdkpYTiVL8ETfY6gAwS24bwYio,19408559297,1693471159,19.408559297,1693.471159,87.2538313166687,5001,0.0025,lower_bound_base_fee
2026-04-15 07:22:16+00:00,413336261,42mpgKF4KfNTTZD8o2QCEY8DLZ1oaZ5NNU6Svce3CK8xfPApFYHHEqUSGT5Q15HkRui8V2Rhq2GZaKxQCRtXPu4,meteora_damm_v2,Ft8FD9gg1TdawhWijNzdkpYTiVL8ETfY6gAwS24bwYio,19412918885,1693110495,19.412918885,1693.110495,87.21565803833008,104690,0.0025,lower_bound_base_fee
2026-04-15 07:22:28+00:00,413336288,YD92hZyKDfjGvMuGwMxEzMmzs8iVf6WUsV9Je7Fx9C22y4GzbnJHCWGK5ggAG5nJBhpUjwRyHiV3t3CpxQRk9mM,meteora_damm_v2,Ft8FD9gg1TdawhWijNzdkpYTiVL8ETfY6gAwS24bwYio,19414918885,1692945099,19.414918885,1692.945099,87.198154626748,5002,0.0025,lower_bound_base_fee
2026-04-15 07:29:10+00:00,413337305,3XxRNdUNe3ANDeBng9KjHsRQgnpUcWj1jusU2gtKP3EXYk4e1XJC7PJmCcH3APgZCz8Tm4z5Pbehsqgt8KBAB4Q5,raydium_cpmm,47hq28mcL7q5GhBg7epyGF2dnuJd4MKFt8QhT7CzYUp4,831493941,61148983,0.831493941,61.148983,73.54110473307706,55000,0.003,exact_fixed_fee
2026-04-15 07:29:10+00:00,413337305,Pf5fh5fR27Xjwqh1zitY3V1tsHFJNZiJygYgosJrMTpDgDSry9znMUdAwcjVa9UGrB7TZijrBbJUkmzzgBrkdjm,raydium_cpmm,47hq28mcL7q5GhBg7epyGF2dnuJd4MKFt8QhT7CzYUp4,831518082,61146983,0.831518082,61.146983,73.53656441592571,5000,0.003,exact_fixed_fee
2026-04-15 07:29:10+00:00,413337305,tvGxK66hhbWA51WNhJ6nM1wSZhCBBhoYDtA8b2WadwcHD4dHCwVsstp4PF9YCpuQHhPYz48aDTofi9gMJ3d64Tv,raydium_cpmm,47hq28mcL7q5GhBg7epyGF2dnuJd4MKFt8QhT7CzYUp4,3102384959,16303317,3.102384959,16.303317,5.255091555515757,5000,0.003,exact_fixed_fee
2026-04-15 07:35:32+00:00,413338275,3fLt6ce6C9MpzXxBjNpHUKYhHGANEo6t48XFFNqLR9jUG4oWcmocH7XvFtqzdfgRWqPTmQW9yxTNEkvgogCMwQGG,raydium_cpmm,47hq28mcL7q5GhBg7epyGF2dnuJd4MKFt8QhT7CzYUp4,831301995,61164890,0.831301995,61.16489,73.57722027360225,70656,0.003,exact_fixed_fee
2026-04-15 07:49:41+00:00,413340404,27JQrBYnTs2P3KqH96zkdnE15YihJET4AVgAzZhodJwArRGGaztCMy5vpzZRPJkR8ekrchLePX6HRjuix2zoLgdd,raydium_cpmm,47hq28mcL7q5GhBg7epyGF2dnuJd4MKFt8QhT7CzYUp4,831186035,61174504,0.831186035,61.174504,73.59905174537731,5001,0.003,exact_fixed_fee
2026-04-15 07:50:38+00:00,413340549,5UD2YT1DS2neBxMmQDNVjLbZBt65fyuKsbvWXdSnS3tZ4hkyz123771NXn41GB9N5ATkpDTM7S42PfLQKNvhrnhV,raydium_cpmm,47hq28mcL7q5GhBg7epyGF2dnuJd4MKFt8QhT7CzYUp4,830686865,61215925,0.830686865,61.215925,73.69314187964197,5001,0.003,exact_fixed_fee
2026-04-15 07:50:38+00:00,413340550,2DhSvq9gjc4ptLLCDDRuscp6gHASzfRFNC4QWhEUADmWeL59zTau4Rw7BPyk64K18JCjhy8jMxYq4YAfdJfB6ZU1,raydium_cpmm,47hq28mcL7q5GhBg7epyGF2dnuJd4MKFt8QhT7CzYUp4,830478537,61233229,0.830478537,61.233229,73.7324642021423,124897,0.003,exact_fixed_fee
2026-04-15 07:50:39+00:00,413340553,2SVCyBN5XEWWM5Ho1uDT9HqQfNUDbZWCe4CJXdMFNgqeCjxMC2rDsNxj5XzYEZYHA3MdsEH3Np7cw5mxUExTgFYx,raydium_cpmm,47hq28mcL7q5GhBg7epyGF2dnuJd4MKFt8QhT7CzYUp4,830275544,61250100,0.830275544,61.2501,73.7708107177489,5001,0.003,exact_fixed_fee
2026-04-15 07:50:41+00:00,413340557,3eonZKtBC3LvGabrhMgDZmuTDPfgtHSgwgKuSv1v9H1EZHLJo2PxNFwToHgY1WXg2uVREt7K3AzeLvLWWHTqaDZt,raydium_cpmm,47hq28mcL7q5GhBg7epyGF2dnuJd4MKFt8QhT7CzYUp4,829780747,61291263,0.829780747,61.291263,73.86440722033286,5001,0.003,exact_fixed_fee
2026-04-15 07:50:43+00:00,413340564,5d84dk7Dyk93bwPAWTgJauW36EMg4pj6tW4nRFCjMNpxSotktCNbX9JuoJ7NW2974ds5zu3SMrX64DsXvVhc9hZq,raydium_cpmm,47hq28mcL7q5GhBg7epyGF2dnuJd4MKFt8QhT7CzYUp4,829283547,61332684,0.829283547,61.332684,73.95864083144532,5001,0.003,exact_fixed_fee
2026-04-15 07:50:44+00:00,413340565,4yjx7DTbbobhac6MHcNnrEDoVhfZN6q4Cxo1UzHErU9VDC6Q7UFHKADUMjJKNTdiRUPJnZRdWDpeJGSpyMtvAeAs,raydium_cpmm,47hq28mcL7q5GhBg7epyGF2dnuJd4MKFt8QhT7CzYUp4,828990377,61357135,0.828990377,61.357135,74.01429100063004,5001,0.003,exact_fixed_fee
2026-04-15 07:52:50+00:00,413340879,2DwmEUKzu3rK6cqF9RgRgdH8zbAqBUCbu1Kpr1Xurw13FiX6Nvu9BBhqNU9P2ZsqGeJMwvShzKjk9yV7RY4MFY85,meteora_damm_v2,Ft8FD9gg1TdawhWijNzdkpYTiVL8ETfY6gAwS24bwYio,19438907863,1691006446,19.438907863,1691.006446,86.99081542634708,9428,0.0025,lower_bound_base_fee
2026-04-15 07:52:50+00:00,413340879,2eo8jLr7pNYPm7ceA6LPmPTdCQJG2oRweZLUgZ6L32QPjfYbxhPz7AwUhhuTfTo9Rty4QKCZC84kpgALE3pK6hU8,meteora_damm_v2,Ft8FD9gg1TdawhWijNzdkpYTiVL8ETfY6gAwS24bwYio,19539918882,1682673835,19.539918882,1682.673835,86.11467863103897,35500,0.0025,lower_bound_base_fee
2026-04-15 07:52:50+00:00,413340879,5MEz1VNJ5UeMvmR5zwnfSEUHd8QVUhd1FxqJVkuYLv2HvviNQ3he7dWQCzvsFyrWLJPLQehgXhyQjhJZkERDHHDG,meteora_damm_v2,Ft8FD9gg1TdawhWijNzdkpYTiVL8ETfY6gAwS24bwYio,19427934419,1691916789,19.427934419,1691.916789,87.08680771257653,8750,0.0025,lower_bound_base_fee
2026-04-15 07:53:00+00:00,413340905,3PhMJcNniqAsSK2e9Dj6ZWxULUHtRzETM51rFT3RH2k6ZirWq5ApuaZtQxm2W5N12kvjkaUNinoCV19ZTyjTbc55,meteora_damm_v2,Ft8FD9gg1TdawhWijNzdkpYTiVL8ETfY6gAwS24bwYio,19425316700,1692134127,19.4253167,1692.134127,87.10973175536438,11245,0.0025,lower_bound_base_fee
2026-04-15 07:53:07+00:00,413340923,4WMe1nUwe3c6kZi8gojL588xPnsEydsuqcEmMaucVk3iQp3CmAJoqfzemRiNYM2YXhfEcv2FrwgUt7FvX55M9YRu,meteora_damm_v2,Ft8FD9gg1TdawhWijNzdkpYTiVL8ETfY6gAwS24bwYio,19425164587,1692146757,19.425164587,1692.146757,87.11106407471284,5001,0.0025,lower_bound_base_fee
2026-04-15 07:58:58+00:00,413341817,qhePnb2EgK2dKtViWXQbf5jA948KWuMbCkdAu2UwwmSULB8W2b41YvU4GWqaK5ctGSjry3wCHyVTTkPH5veR47Q,raydium_cpmm,47hq28mcL7q5GhBg7epyGF2dnuJd4MKFt8QhT7CzYUp4,829031377,61353735,0.829031377,61.353735,74.00652942958516,5001,0.003,exact_fixed_fee
2026-04-15 08:00:46+00:00,413342093,xtxNE5TvyuJpX4pxPEWYZJg3HdZaCkNMutLD8ZJACVdqhWGv7d8UNYCCahTAr4f2wzak3zNtqHHH8cPDuxuRYw9,raydium_cpmm,47hq28mcL7q5GhBg7epyGF2dnuJd4MKFt8QhT7CzYUp4,829431377,61320584,0.829431377,61.320584,73.93087083562308,5001,0.003,exact_fixed_fee
2026-04-15 08:00:48+00:00,413342099,4aJJg8PvmQLzbHbYNnTprpVnMNzVycgK7K56htD7Lr6nMMZFvfdpSxBMm2QsA4nnV8vViF7eR2gi1FzftsPWe4QK,raydium_cpmm,47hq28mcL7q5GhBg7epyGF2dnuJd4MKFt8QhT7CzYUp4,829747665,61294397,0.829747665,61.294397,73.87112924264753,5001,0.003,exact_fixed_fee
2026-04-15 08:06:59+00:00,413343043,AcLwRJfYE3Lp6QMZcF26MKmEQYxgv3eJnZrDsnhvKStHutu1LhJ4KUeJwmBRgvmWsYdADEqjcz9ZnaYsbPSesdz,meteora_damm_v2,Ft8FD9gg1TdawhWijNzdkpYTiVL8ETfY6gAwS24bwYio,19594386317,1678288522,19.594386317,1678.288522,85.65149705882467,35500,0.0025,lower_bound_base_fee
2026-04-15 08:07:00+00:00,413343044,2bvdP16aN4tzDapd2EtjFByt7syty7vJUUsmtP6fTCkwZ4fSxVXgZvHWcSxSWp9S2QXeyivKqBB2VaUoikQgmG9t,meteora_damm_v2,Ft8FD9gg1TdawhWijNzdkpYTiVL8ETfY6gAwS24bwYio,19429801965,1691833979,19.429801965,1691.833979,87.07417512785752,17500,0.0025,lower_bound_base_fee
2026-04-15 08:07:00+00:00,413343044,5vN7LeZGDLdBi6wLfHci9z9JG32VuXDxA4wrcRHxYLg6UjYZhvWFjybZERSueEbfxPXGrwyx9ernb9LjKE8sHuGB,meteora_damm_v2,Ft8FD9gg1TdawhWijNzdkpYTiVL8ETfY6gAwS24bwYio,19432732975,1691590802,19.432732975,1691.590802,87.04852807766221,67473,0.0025,lower_bound_base_fee
2026-04-15 08:07:06+00:00,413343061,2yG9d1Ru4DjVNfJtzEG56kZwB7ZHQukYkTYfsGCkxCTApwYssFEmjNKUT2N57pwSifdkCK3DnNxXV9EJ6zvWvwiq,meteora_damm_v2,Ft8FD9gg1TdawhWijNzdkpYTiVL8ETfY6gAwS24bwYio,19254295439,1706531060,19.254295439,1706.53106,88.63118702039773,5001,0.0025,lower_bound_base_fee
2026-04-15 08:07:06+00:00,413343061,5FSbv6QHsfdqFQCP1dSwRoxDAfkwy5Zwy3stzSHBTRCtWxWjnRJ7YVkT9rWVpRhLccCFyNM63CxpW3G7ykxF8Ke8,meteora_damm_v2,Ft8FD9gg1TdawhWijNzdkpYTiVL8ETfY6gAwS24bwYio,19402377528,1694177887,19.402377528,1694.177887,87.3180559730422,8148,0.0025,lower_bound_base_fee
2026-04-15 08:35:07+00:00,413347337,2hpJK8CCdtbsk7hKSW3MXd71crDs8kAPzztRRf62BuQJA3K8Qvoa1vCyzuJTawEFBcg7zCoJPfb9jjGy2ZUTbKd3,meteora_damm_v2,Ft8FD9gg1TdawhWijNzdkpYTiVL8ETfY6gAwS24bwYio,19397445111,1694588533,19.397445111,1694.588533,87.36142947191661,5001,0.0025,lower_bound_base_fee
2026-04-15 08:35:13+00:00,413347351,iZKc3ZF25FcGbqm3MghLxepPwULXxPGs4DTvXQX83TneqDpg9XvccPqvowWLVh7RkR9fC3YiMTQoJs5pcjzfvGf,meteora_damm_v2,Ft8FD9gg1TdawhWijNzdkpYTiVL8ETfY6gAwS24bwYio,19390754394,1695145750,19.390754394,1695.14575,87.42030947101892,5028,0.0025,lower_bound_base_fee
2026-04-15 08:40:46+00:00,413348195,4JFeZsJyoD5DzJYBnf1sMGezUR1SmANXRtk6Q7VtMnaXYbSE4P6dHW6RLSUB4BiXKWQ4jwwqqvoT3veb49iS9LLV,meteora_damm_v2,Ft8FD9gg1TdawhWijNzdkpYTiVL8ETfY6gAwS24bwYio,19350848062,1698477768,19.350848062,1698.477768,87.77278197617424,5144,0.0025,lower_bound_base_fee
2026-04-15 08:40:54+00:00,413348216,4rtDd6WLuUUm7JX7DpdQqMwyUMXDLi4Nx8vcuds2DcR84Ps6YyAZEcX3HJ8uViMxgTvrAtm7qPckjZCFYWnqnjPu,meteora_damm_v2,Ft8FD9gg1TdawhWijNzdkpYTiVL8ETfY6gAwS24bwYio,19351016304,1698463767,19.351016304,1698.463767,87.77129533237563,5001,0.0025,lower_bound_base_fee
2026-04-15 08:40:55+00:00,413348219,4Z6QiEvuRng49YqkeiBN7dRFhuSGCgXKnzdATaXCwsfd5joT9h8hczSFGBj47gScqYd5AL8iZsBooRDm3w4kahd6,meteora_damm_v2,Ft8FD9gg1TdawhWijNzdkpYTiVL8ETfY6gAwS24bwYio,19355040969,1698128887,19.355040969,1698.128887,87.73574231745663,5001,0.0025,lower_bound_base_fee
2026-04-15 08:40:55+00:00,413348219,4x2uv9SeTfFzvWAzWv1L4XzdNvWXeumkpjQDwnDgWt9y78R4bWVcA5PDvT5cDavzf5qpfpaWPmVLcdjGbkAaqgWD,meteora_damm_v2,Ft8FD9gg1TdawhWijNzdkpYTiVL8ETfY6gAwS24bwYio,19359040969,1697796197,19.359040969,1697.796197,87.70042894783441,5001,0.0025,lower_bound_base_fee
2026-04-15 08:40:56+00:00,413348220,5JJtThsKhv5vjdJyxLAR7pKE2h7oCXNDu6e7HKZ56gWh9UaWsFNmj1idHHQPkaREy18YFJyaDnZXTyY3dj11QbYb,meteora_damm_v2,Ft8FD9gg1TdawhWijNzdkpYTiVL8ETfY6gAwS24bwYio,19365056751,1697296108,19.365056751,1697.296108,87.64736038856961,10000,0.0025,lower_bound_base_fee
2026-04-15 08:40:57+00:00,413348224,31tMuWtxVDCgmgSd5vM5YDa7kuBz5iN1vzv1mTyUnWqQsrtEfnyreihHocdDgWppr59ZzDeH7rfEfwEM5Sxy7Zo7,meteora_damm_v2,Ft8FD9gg1TdawhWijNzdkpYTiVL8ETfY6gAwS24bwYio,19366256751,1697196390,19.366256751,1697.19639,87.63678039703585,5199,0.0025,lower_bound_base_fee
2026-04-15 08:40:58+00:00,413348226,3cDomWb1tNTEaTJ9KTr2MSMY2m58PH1qWhAJV7mV5LfHxH1uuUPc9i6AvxE6ySvvXk9uuZpG4mfruohMch8MLmfX,meteora_damm_v2,Ft8FD9gg1TdawhWijNzdkpYTiVL8ETfY6gAwS24bwYio,19366411523,1697183530,19.366411523,1697.18353,87.63541598733381,5317,0.0025,lower_bound_base_fee
2026-04-15 08:40:59+00:00,413348229,5T7UuE32w3aUuCAk1W4Z5Q1Liq6eSFQLnZViHZgvonn9UWJqZopFz9hvnTtKMzhaaMb1qhSiMSFHcjJFQEqFfBzj,meteora_damm_v2,Ft8FD9gg1TdawhWijNzdkpYTiVL8ETfY6gAwS24bwYio,19370411523,1696851231,19.370411523,1696.851231,87.60016424974741,5001,0.0025,lower_bound_base_fee
2026-04-15 08:41:09+00:00,413348255,pbX2UTuYbKBdLXbvJRQjfERtV8YdweshyTNrJVAPFwgJJuQqSnN2JzfqcmNuNfUjj6PtMjUK7zZTrXTCctRSy85,meteora_damm_v2,Ft8FD9gg1TdawhWijNzdkpYTiVL8ETfY6gAwS24bwYio,19370531782,1696841244,19.370531782,1696.841244,87.59910482048737,5123,0.0025,lower_bound_base_fee
2026-04-15 08:43:15+00:00,413348576,23HunmgUSf5otBKpaE1T2FKVyc42qS9vD8qd5VMqyzqSfLrQvmJ2iyePhwbxWRAKErTpLSJqfRhvxRZPSaShLFAk,meteora_damm_v2,Ft8FD9gg1TdawhWijNzdkpYTiVL8ETfY6gAwS24bwYio,19373328526,1696608954,19.373328526,1696.608954,87.57446877148982,5000,0.0025,lower_bound_base_fee
2026-04-15 08:55:17+00:00,413350410,3g4zDqFW5wQALMMhLKjyMoErTvcY36XSB4R94FmY7o6ThVH7GbKsEmMQGiLTVhCURCeoFNcH1QXuMY5B6fx6nEiq,raydium_cpmm,47hq28mcL7q5GhBg7epyGF2dnuJd4MKFt8QhT7CzYUp4,829628551,61304316,0.829628551,61.304316,73.89369125026653,5001,0.003,exact_fixed_fee
2026-04-15 09:11:16+00:00,413352842,5YQKV6h4upzztoYiYYFNVBBBLBUhBrEfjQYoYuMAZUBfQy8iN4rbqeG6JEHjHAnAUu2M2i2oqDhAihdAsoKLYHgn,meteora_damm_v2,Ft8FD9gg1TdawhWijNzdkpYTiVL8ETfY6gAwS24bwYio,19375254143,1696449051,19.375254143,1696.449051,87.55751219980269,378076,0.0025,lower_bound_base_fee
2026-04-15 09:11:46+00:00,413352920,4YQLpJPTMAYzKrhe1qZE7Aqdxt4ukLpAp4ZCz4NeZbCTc5v8sVjPwywNRYGfdxp1xTqsebrgWMbYyP8ZqRGgqbkp,meteora_damm_v2,Ft8FD9gg1TdawhWijNzdkpYTiVL8ETfY6gAwS24bwYio,19385387932,1695607968,19.385387932,1695.607968,87.46835368721266,5050,0.0025,lower_bound_base_fee
2026-04-15 09:11:47+00:00,413352923,2UJFaeJ48C5p8Tjwypy8ontucK8sW3J4QvbHAQpQ6cmon4fqWF2w5rS5J9dPRPt8JRirrjkPeUUiS7aq1Rf3iTmd,meteora_damm_v2,Ft8FD9gg1TdawhWijNzdkpYTiVL8ETfY6gAwS24bwYio,19391187932,1695127122,19.391187932,1695.127122,87.41739433109424,5001,0.0025,lower_bound_base_fee
2026-04-15 09:11:47+00:00,413352923,4RWyzr6SSiGjY76yCDvd3ZEM5zv3c7XHgjNZ6oJjfq2sdAvFR6gD4on6Z6Lm2KFBBVxd15rvAxF1pj3PD6iiiVB4,meteora_damm_v2,Ft8FD9gg1TdawhWijNzdkpYTiVL8ETfY6gAwS24bwYio,19388287932,1695367509,19.388287932,1695.367509,87.4428683412437,5001,0.0025,lower_bound_base_fee
2026-04-15 09:40:59+00:00,413357362,47HfnRoJUgQcBXG38Lga68xcqqhHXz1krbhbSPeYSjUNj4cPk8Um5TEY5hAczGMcU7KinKw5Gb2ejBX3tRc6Cm31,raydium_cpmm,47hq28mcL7q5GhBg7epyGF2dnuJd4MKFt8QhT7CzYUp4,833955374,61304316,0.833955374,61.304316,73.5103075191647,5000,0.003,exact_fixed_fee
2026-04-15 09:40:59+00:00,413357362,5aL1gy7UCL5eujYh8mkyfxExtaCUVNnNBdQSzJxSfDaS7njMhYx45W29TMWShtz6A1q24CDnyeUu3SSPziuRMXNs,raydium_cpmm,47hq28mcL7q5GhBg7epyGF2dnuJd4MKFt8QhT7CzYUp4,833160060,61370316,0.83316006,61.370316,73.65969511308548,55000,0.003,exact_fixed_fee
2026-04-15 09:40:59+00:00,413357362,64vkDkkHU15TZfe5fxCHqM5g3eA5eKTFwy8f9f3fjKhU8nzLyga8bLm32Xvuzqhqcx8oTSeAACbKGux3L21atxeT,raydium_cpmm,47hq28mcL7q5GhBg7epyGF2dnuJd4MKFt8QhT7CzYUp4,3414134755,15052346,3.414134755,15.052346,4.408831835930272,5000,0.003,exact_fixed_fee
2026-04-15 09:41:51+00:00,413357497,4cWnSSJn1V9davnStJTXWbwdcg1ghoDHqSQc7uaNGRM8veYjhMGvDaekczknQ4aAZEfBboDkTM9NPZmWtAQKrasf,raydium_cpmm,47hq28mcL7q5GhBg7epyGF2dnuJd4MKFt8QhT7CzYUp4,833080677,61376912,0.833080677,61.376912,73.67463163474622,5001,0.003,exact_fixed_fee
2026-04-15 09:42:24+00:00,413357583,3wJ8yJ1k5cFTdVKPndcyDfCYT9fVKciXbEKxvyqdiZo2npYUj4eyevWCh3bP9wR4VCf7K4YRko2ZfnTjf4aVQvg9,raydium_cpmm,47hq28mcL7q5GhBg7epyGF2dnuJd4MKFt8QhT7CzYUp4,832961334,61386831,0.832961334,61.386831,73.69709552448445,5001,0.003,exact_fixed_fee
2026-04-15 09:42:45+00:00,413357637,2872CTVbFy3ZVHPgPM1cc1bCzHsyafAiBZcH3RhDVsJurbFiPWXLQuUqcVLUDW4Dqg6CsB1WwQ731qSZg9gUbj6a,raydium_cpmm,47hq28mcL7q5GhBg7epyGF2dnuJd4MKFt8QhT7CzYUp4,832809815,61399429,0.832809815,61.399429,73.72563086327219,5001,0.003,exact_fixed_fee
2026-04-15 09:42:51+00:00,413357650,RBbCB1wUwCk4Q93fi3hnCtdE6okkEtzhADQ3jme4Uqi4nrempr3h781xv4NdaedhoV2Wb3tjKVae3E3QvAj7qBF,raydium_cpmm,47hq28mcL7q5GhBg7epyGF2dnuJd4MKFt8QhT7CzYUp4,832658360,61412027,0.83265836,61.412027,73.75417091831036,5001,0.003,exact_fixed_fee
2026-04-15 09:55:08+00:00,413359524,5EGmaaAbcwCqaoBCWKXkZiADcF2njs1J2YgpNJ6iU2aUMcWqDPfZLvQBe85bPFLs5koWeQJw1WMggB48XPaLgTkx,raydium_cpmm,47hq28mcL7q5GhBg7epyGF2dnuJd4MKFt8QhT7CzYUp4,834220142,61283154,0.834220142,61.283154,73.46160913002745,5000,0.003,exact_fixed_fee
2026-04-15 09:55:14+00:00,413359539,9tpJr1mSPJAh5ARmLUx3AHDYE6vKcZZznkVZ9NFhvH732fYY7J6SWcUHNnNzcWmG7EuV7H1AqboDWiUqJHCpXVw,raydium_cpmm,47hq28mcL7q5GhBg7epyGF2dnuJd4MKFt8QhT7CzYUp4,832750334,61405154,0.832750334,61.405154,73.73777168608137,5022,0.003,exact_fixed_fee
2026-04-15 09:55:15+00:00,413359541,45sRp7oFHvfj7ndetvY32nevCBSVJfogFXtCjvWTTMsWy42KxxsvQaFkjxitekjmoBK5a3F8qks6j7iifAmTS6vB,raydium_cpmm,47hq28mcL7q5GhBg7epyGF2dnuJd4MKFt8QhT7CzYUp4,832542356,61422459,0.832542356,61.422459,73.77697790068953,5001,0.003,exact_fixed_fee
2026-04-15 09:55:15+00:00,413359541,aZD2bDudB6DWcpR2FwnDeL27Ypits5BNSdjE37fUfRg5WSYQFAcYsSkYTtZvUGvmaK1xKKTRZawgxiEFUDGjJq3,raydium_cpmm,47hq28mcL7q5GhBg7epyGF2dnuJd4MKFt8QhT7CzYUp4,832631056,61415077,0.832631056,61.415077,73.76025258418898,5001,0.003,exact_fixed_fee
2026-04-15 09:55:16+00:00,413359543,46qBg7iFraNRvwE2dK913VAUNHjK6yy6aumQ35bCfjMnAzvcMEFbGBA6JgK1pa79zobDmch8Um9QPUQuN3ytV3Am,raydium_cpmm,47hq28mcL7q5GhBg7epyGF2dnuJd4MKFt8QhT7CzYUp4,832453678,61429841,0.832453678,61.429841,73.79370483122545,5001,0.003,exact_fixed_fee
2026-04-15 09:55:17+00:00,413359547,4GCgokgNdVG8EdshBP6agErJHQiWZcNrJ4zeef94Uzj4vQPEhRZhEFuPzdK9ixLN2uLknQJBJfH1LY4DtnySCmNA,raydium_cpmm,47hq28mcL7q5GhBg7epyGF2dnuJd4MKFt8QhT7CzYUp4,831430418,61515145,0.831430418,61.515145,73.98712347808281,5001,0.003,exact_fixed_fee
2026-04-15 09:55:21+00:00,413359555,4CXVoGFfWgV8GrKpyqrSktF9jVzV2WuxVBr8cBn8CnVgMGmztxgH84Nx5pYdDYwhL8Ugaujd1fqmS9sHutdwokUN,raydium_cpmm,47hq28mcL7q5GhBg7epyGF2dnuJd4MKFt8QhT7CzYUp4,829575311,61670424,0.829575311,61.670424,74.33975334398542,139201,0.003,exact_fixed_fee
2026-04-15 09:55:28+00:00,413359572,23H22FxutYZhnvJtoku9HER6BVsrJy8bgndYq3shGFzUXzTPTbRZaPDEgzn5crdveRZXrmCUa8Xs5ozr5uePGBX1,raydium_cpmm,47hq28mcL7q5GhBg7epyGF2dnuJd4MKFt8QhT7CzYUp4,831575311,61504052,0.831575311,61.504052,73.96089228050687,5001,0.003,exact_fixed_fee
2026-04-15 09:55:28+00:00,413359572,42goj5JHyigjPASHX2szGUMTQ36PbV1g6vcVNdTj1cYHJZdNJXJPAcUzodajWhyANRHu6DoEkFv7Gct8ax38F3Rr,raydium_cpmm,47hq28mcL7q5GhBg7epyGF2dnuJd4MKFt8QhT7CzYUp4,830575311,61587121,0.830575311,61.587121,74.14995387456202,73999,0.003,exact_fixed_fee
2026-04-15 09:55:31+00:00,413359579,2g6Vp91q7bzN7JPQx6gSCXjKSzG2UsfJvdhehxdh59uF1hsjXD7iYUEWxzYJaddyYPirrN7xyJU1UYBgRF7FLEPe,raydium_cpmm,47hq28mcL7q5GhBg7epyGF2dnuJd4MKFt8QhT7CzYUp4,832769985,61405609,0.832769985,61.405609,73.73657805402293,5027,0.003,exact_fixed_fee
2026-04-15 09:55:31+00:00,413359579,54ze7ifhmkw9kuSca6RDEKeUdKnBJYdpY41pqEPuTLoPYW8F3TaXahELSMUZB6hygQ7FhvwJa2hGhwwwrm5B7FLy,raydium_cpmm,47hq28mcL7q5GhBg7epyGF2dnuJd4MKFt8QhT7CzYUp4,833757239,61323609,0.833757239,61.323609,73.5509164196894,5001,0.003,exact_fixed_fee
2026-04-15 09:55:31+00:00,413359579,JKZcKqzjcHcpSjwUHYLWK16TNo3SAQkrae77uW2b7oWCw7vtfhoxZ1aGuUfDYshBDUPPof4EdFfVuMnPmZaewop,raydium_cpmm,47hq28mcL7q5GhBg7epyGF2dnuJd4MKFt8QhT7CzYUp4,832646311,61415344,0.832646311,61.415344,73.75922187926442,5001,0.003,exact_fixed_fee
2026-04-15 09:55:33+00:00,413359584,5zJzoJmd9DAEmoeU6F75bHcD9fr6zrGkcc2CDi6UxTX8D3fpvc6eTXosgmtQVMA1hJqR3wCQW9UAaskBv3ZrdXK6,raydium_cpmm,47hq28mcL7q5GhBg7epyGF2dnuJd4MKFt8QhT7CzYUp4,834155979,61291243,0.834155979,61.291243,73.47695699966924,187500,0.003,exact_fixed_fee
2026-04-15 09:55:34+00:00,413359586,2Ga8CGAaJNqmBMbbg7iMyTV6ZnCEvUbc8Vbiyrk9LaBbhL9aHTGojFkpndoYUmearwv3GUb2W4yo7cPushYZ3APY,raydium_cpmm,47hq28mcL7q5GhBg7epyGF2dnuJd4MKFt8QhT7CzYUp4,832752841,61408094,0.832752841,61.408094,73.74108015802014,5050,0.003,exact_fixed_fee
2026-04-15 09:55:34+00:00,413359586,49ZPg4mSBf6Rb1ntHo91uRGRxRMMsYaBNEd1HrVpUmZKAnnoRBRVbVNZ1iRoAUDundn2XxEEezd6piPUYuqgvb5g,raydium_cpmm,47hq28mcL7q5GhBg7epyGF2dnuJd4MKFt8QhT7CzYUp4,834899253,61230094,0.834899253,61.230094,73.33830253169481,5001,0.003,exact_fixed_fee
2026-04-15 09:55:34+00:00,413359587,2wBzetyfe6GsXwoRSrH98Ehoy3bCafHiruu86uiLVYmd8XdLe9a31zhsXb3sSUkLrFaXDMKNd6H3s87EHikZs4S1,raydium_cpmm,47hq28mcL7q5GhBg7epyGF2dnuJd4MKFt8QhT7CzYUp4,833006936,61387093,0.833006936,61.387093,73.69337558553055,5001,0.003,exact_fixed_fee
2026-04-15 09:55:37+00:00,413359593,2D79XeqZXZf4bVXiy1jXi1TMe6cNPYUvSQck7B6LoAHyZUinqSqy8FEeQRjp3Ka7iqp35Pu8nAVM1hvk5A5mf1oi,raydium_cpmm,47hq28mcL7q5GhBg7epyGF2dnuJd4MKFt8QhT7CzYUp4,832887626,61397012,0.832887626,61.397012,73.71584122922243,5001,0.003,exact_fixed_fee
2026-04-15 09:55:38+00:00,413359596,5VhxyngDy9TbhZ9s8inp3knvPLGoyms9cPWjgJzykUUFH9AYAXF8t9qwiKXFynUKiMDHDGYz9wFgBwAzt1P4jmNQ,raydium_cpmm,47hq28mcL7q5GhBg7epyGF2dnuJd4MKFt8QhT7CzYUp4,833477626,61348289,0.833477626,61.348289,73.60520197095249,5001,0.003,exact_fixed_fee
2026-04-15 09:55:44+00:00,413359610,5KdQuUSeq7ene8c1j3HNLjK1RDQhdU2V3FV4572PUKYrQ6fF9wcY5MywtYqUM7wLiW2A2EWZHoi8GfSFXgRJj2aG,raydium_cpmm,47hq28mcL7q5GhBg7epyGF2dnuJd4MKFt8QhT7CzYUp4,833358099,61358213,0.833358099,61.358213,73.62766747407586,5001,0.003,exact_fixed_fee
2026-04-15 09:55:45+00:00,413359614,5Y85AveDLNNmKW8YCf21qHGUwWvePUnJUH9spSVqr164oyFssVVM9RTFjjXGJtutQn4mR7kBQoQicygnGu3JjFxz,raydium_cpmm,47hq28mcL7q5GhBg7epyGF2dnuJd4MKFt8QhT7CzYUp4,833164082,61374329,0.833164082,61.374329,73.66415610796818,5001,0.003,exact_fixed_fee
2026-04-15 09:55:46+00:00,413359616,3QubeTtVA9Pq53tqdhzaUGdqmNYe49KKYox3s5EMNZZLGXgSqWPqkxVuAHr4XQCy9KfCie1Ck82uy6o3nxodE3GF,raydium_cpmm,47hq28mcL7q5GhBg7epyGF2dnuJd4MKFt8QhT7CzYUp4,832341273,61442771,0.832341273,61.442771,73.81920492605441,5001,0.003,exact_fixed_fee
2026-04-15 09:55:47+00:00,413359618,4er22ZzCdMcctmMJN6v8HW2f7a9rxeAtfMxBjLFmtEAYNq9KBJ8EhRFqfB6koWCfz4M5KfES1Ekh54FLJLk4cpf1,raydium_cpmm,47hq28mcL7q5GhBg7epyGF2dnuJd4MKFt8QhT7CzYUp4,832247400,61450590,0.8322474,61.45059,73.83692637549844,5001,0.003,exact_fixed_fee
2026-04-15 09:55:47+00:00,413359619,3jFXTiJ568A9KLosN2My8dxBTF9ZSS5NXDkfFE3n23cWxePeWt3JvSERUXXAt25bfrwV6txEob97CtU5X5RuigNZ,raydium_cpmm,47hq28mcL7q5GhBg7epyGF2dnuJd4MKFt8QhT7CzYUp4,831447336,61517310,0.831447336,61.51731,73.98822190705775,43922,0.003,exact_fixed_fee
2026-04-15 09:55:47+00:00,413359619,4dnRsmHFvK1dxUYXCrMZrJvsbFgQe5skMrRKK6F68zAuoAqzTxAsJbaayDG8GT4mQWLYDVXhNxdCHcGbN2KnSsro,raydium_cpmm,47hq28mcL7q5GhBg7epyGF2dnuJd4MKFt8QhT7CzYUp4,832153540,61458410,0.83215354,61.45841,73.85465187109581,5001,0.003,exact_fixed_fee
2026-04-15 09:55:47+00:00,413359620,2griMG2J99735MK9D3yiURc6gUpW9orsAPCB5iWtoUQSjnWjipx7D61BYh4QSttGM6io9KN1cKf4pa35ue3R18EM,raydium_cpmm,47hq28mcL7q5GhBg7epyGF2dnuJd4MKFt8QhT7CzYUp4,831426156,61519079,0.831426156,61.519079,73.99223437469051,5001,0.003,exact_fixed_fee
2026-04-15 09:55:50+00:00,413359627,3ZWyhzrxTUnXHXQb1guQYaL7DZFyqKPHe9H3TfBuNKQtAAoTPSe5mcJqvvLwgM1v5o9NsouB1x4jYQ8GBf2SQnwr,raydium_cpmm,47hq28mcL7q5GhBg7epyGF2dnuJd4MKFt8QhT7CzYUp4,830825900,61569238,0.8308259,61.569238,74.10606482055988,5001,0.003,exact_fixed_fee
2026-04-15 09:59:52+00:00,413360238,gouC5fuEH5Lo1GoLciyMk3YWUu9n6aeBtTcVXpsr371nPqX2rjqabWsnoEg6VVq3wxU4VWmaMDpHDx7Aoq7G5tz,meteora_damm_v2,Ft8FD9gg1TdawhWijNzdkpYTiVL8ETfY6gAwS24bwYio,19385805511,1695575761,19.385805511,1695.575761,87.46480820917589,5000,0.0025,lower_bound_base_fee
2026-04-15 10:07:26+00:00,413361376,57TpXraKcWZFCjddVdwWN3TtrAf7B1EEDpmHmWUHBpXhHJ5fm3JaJGretGD46sfMky9XsoR5uRP2Y6cJqJW2FrRF,raydium_cpmm,47hq28mcL7q5GhBg7epyGF2dnuJd4MKFt8QhT7CzYUp4,824912077,62067977,0.824912077,62.067977,75.24193029846985,5000,0.003,exact_fixed_fee
2026-04-15 10:07:26+00:00,413361377,3512n51UYUhrx9jDHE3umhFbkTDDkiZhSe2h5m971tfBae4KkUNTb8z334MMw2ZiZnsQstQ4byr7r846APPmLFxc,raydium_cpmm,47hq28mcL7q5GhBg7epyGF2dnuJd4MKFt8QhT7CzYUp4,832912077,61399272,0.832912077,61.399272,73.7163905956907,15001,0.003,exact_fixed_fee
2026-04-15 10:07:26+00:00,413361377,zAMeXtsDxgxLjkFmJZdtkX4uJunwevJR9zTxX5VThb4PhVxzb3hwrUokJcuJnMuDmEJANrX349JjZfsxKRUVQpU,raydium_cpmm,47hq28mcL7q5GhBg7epyGF2dnuJd4MKFt8QhT7CzYUp4,832395306,61442272,0.832395306,61.442272,73.81381364973724,5140,0.003,exact_fixed_fee
2026-04-15 10:07:48+00:00,413361433,2DNQycv3tWvicPANPFMFdVVHfanzPnk7ugdbENktqaStWTn5bbWmupCg3HAPAe6piDbigGC5vDYLeE3aY7Skfwms,raydium_cpmm,47hq28mcL7q5GhBg7epyGF2dnuJd4MKFt8QhT7CzYUp4,832371662,61444241,0.832371662,61.444241,73.8182759037753,5001,0.003,exact_fixed_fee
2026-04-15 10:07:49+00:00,413361436,59AYKW7eHB14jrz5r33DxSohCy5P6j2MZgjXk2BJY5PQ8XVQESuHNQSVEs1CRbzfVYJUY3YgGdWuNQfEYN8oJXPn,raydium_cpmm,47hq28mcL7q5GhBg7epyGF2dnuJd4MKFt8QhT7CzYUp4,832133513,61464080,0.832133513,61.46408,73.86324314521389,5001,0.003,exact_fixed_fee
2026-04-15 10:07:51+00:00,413361442,YqdZKHMpukjYC78GdGJsCMpQv3teM3Szc44HeQHXLpVyKtT6Wvk9Tfce196RzpQCDaL5b4mdLEfrK2dMjPBeRqY,raydium_cpmm,47hq28mcL7q5GhBg7epyGF2dnuJd4MKFt8QhT7CzYUp4,831895523,61483919,0.831895523,61.483919,73.90822200638289,5001,0.003,exact_fixed_fee
2026-04-15 10:07:53+00:00,413361447,P359QX6UfaLD7eopknDAHyWYRw9imjyAi8m5faeJnQTU2huNpNMobcHnTYkHjuECvUQk963Pxu61zRP5hQBRKpV,raydium_cpmm,47hq28mcL7q5GhBg7epyGF2dnuJd4MKFt8QhT7CzYUp4,831657693,61503758,0.831657693,61.503758,73.95321238253729,5001,0.003,exact_fixed_fee
2026-04-15 10:08:27+00:00,413361537,2Kdy6pjYf9PgJW3NLGTDnHrk52f2Ce8sjNnVA3VPC3oqewE8RMcpBc3u8EzpJADxZJZSC4uuuwdM8sNBySh4q1PV,meteora_damm_v2,Ft8FD9gg1TdawhWijNzdkpYTiVL8ETfY6gAwS24bwYio,19381047179,1695972521,19.381047179,1695.972521,87.50675365145604,5001,0.0025,lower_bound_base_fee
2026-04-15 10:08:27+00:00,413361537,2wkK9QuhX1gRM9JHfgMjp7MohPjN5mQRktbAg3Y4xnokbGctbXgHPbGDgnC8GGmgUbiiznrwMTcbzbdVRiKxSvD1,meteora_damm_v2,Ft8FD9gg1TdawhWijNzdkpYTiVL8ETfY6gAwS24bwYio,19376291183,1696369281,19.376291183,1696.369281,87.54870914039154,5001,0.0025,lower_bound_base_fee
2026-04-15 10:33:57+00:00,413365396,5SjP5JNU3S9yaRgkx6kbeVcjr93iuusAVUX7xjNLuNZvofyfu8tnJ2A6AXEpAcppoX3wkt4HW1MdXPBGP7bnvQz4,meteora_damm_v2,Ft8FD9gg1TdawhWijNzdkpYTiVL8ETfY6gAwS24bwYio,19378567412,1696180346,19.378567412,1696.180346,87.52867587877812,36796,0.0025,lower_bound_base_fee
2026-04-15 10:33:58+00:00,413365399,3vnNGu2GwKV3AhHBQF7UZktsjtQUyjmzqpNgWo9nFbNvwhegWGoQ9M5awG5TMo7D765W525M3CxSg8hNNBe7Bs51,meteora_damm_v2,Ft8FD9gg1TdawhWijNzdkpYTiVL8ETfY6gAwS24bwYio,19381873626,1695905965,19.381873626,1695.905965,87.49958841569426,5000,0.0025,lower_bound_base_fee
