timestamp,open_usd,high_usd,low_usd,close_usd,volume_usd,market_slug,network,pool_address,pool_name,dex_id,reserve_in_usd,volume_h24_usd,fee_bps_from_name,explicit_pool_fee_bps,pool_fee_source,pool_fee_percentage,locked_liquidity_percentage,selected_for_dataset
2026-03-16 08:00:00+00:00,93.48514455082696,94.0777806053879,92.81977184006666,92.86172403001463,6188389.22877371,solana_research,solana,Czfq3xZZDmsdGdUyrNLtRhGc47cXcZtLG4crryfu44zE,SOL / USDC,orca,29258844.7278,128248197.620923,,,unknown,,,True
2026-03-16 09:00:00+00:00,92.86172403001463,93.3625221922715,92.62823,93.28368878309263,3034866.069474625,solana_research,solana,Czfq3xZZDmsdGdUyrNLtRhGc47cXcZtLG4crryfu44zE,SOL / USDC,orca,29258844.7278,128248197.620923,,,unknown,,,True
2026-03-16 10:00:00+00:00,93.28368878309263,94.5179584120983,93.28318356672422,93.72922543322788,3755927.732928393,solana_research,solana,Czfq3xZZDmsdGdUyrNLtRhGc47cXcZtLG4crryfu44zE,SOL / USDC,orca,29258844.7278,128248197.620923,,,unknown,,,True
2026-03-16 11:00:00+00:00,93.72922543322788,93.83125197460292,93.4792521659827,93.81972382455974,2259094.7189843184,solana_research,solana,Czfq3xZZDmsdGdUyrNLtRhGc47cXcZtLG4crryfu44zE,SOL / USDC,orca,29258844.7278,128248197.620923,,,unknown,,,True
2026-03-16 12:00:00+00:00,93.81972382455974,94.0791879875549,93.325457767277,93.86209022811977,6624013.358801683,solana_research,solana,Czfq3xZZDmsdGdUyrNLtRhGc47cXcZtLG4crryfu44zE,SOL / USDC,orca,29258844.7278,128248197.620923,,,unknown,,,True
2026-03-16 13:00:00+00:00,93.86209022811977,94.91725759337909,93.3852140077821,93.67690683457427,11521237.538851822,solana_research,solana,Czfq3xZZDmsdGdUyrNLtRhGc47cXcZtLG4crryfu44zE,SOL / USDC,orca,29258844.7278,128248197.620923,,,unknown,,,True
2026-03-16 14:00:00+00:00,93.67690683457427,94.5998555765206,92.4826463355153,93.412389734213,17868354.396593645,solana_research,solana,Czfq3xZZDmsdGdUyrNLtRhGc47cXcZtLG4crryfu44zE,SOL / USDC,orca,29258844.7278,128248197.620923,,,unknown,,,True
2026-03-16 15:00:00+00:00,93.412389734213,94.2080628632251,93.33076032984238,93.33076032984238,10867300.501768572,solana_research,solana,Czfq3xZZDmsdGdUyrNLtRhGc47cXcZtLG4crryfu44zE,SOL / USDC,orca,29258844.7278,128248197.620923,,,unknown,,,True
2026-03-16 16:00:00+00:00,93.33076032984238,93.8598117764296,93.0857718181818,93.834833440482,7674487.382489287,solana_research,solana,Czfq3xZZDmsdGdUyrNLtRhGc47cXcZtLG4crryfu44zE,SOL / USDC,orca,29258844.7278,128248197.620923,,,unknown,,,True
2026-03-16 17:00:00+00:00,93.834833440482,94.4292136841347,93.6058027998636,94.088680066271,6595959.047099984,solana_research,solana,Czfq3xZZDmsdGdUyrNLtRhGc47cXcZtLG4crryfu44zE,SOL / USDC,orca,29258844.7278,128248197.620923,,,unknown,,,True
2026-03-16 18:00:00+00:00,94.088680066271,94.9665824003689,94.08867308483232,94.58865910819478,7029792.54224215,solana_research,solana,Czfq3xZZDmsdGdUyrNLtRhGc47cXcZtLG4crryfu44zE,SOL / USDC,orca,29258844.7278,128248197.620923,,,unknown,,,True
2026-03-16 19:00:00+00:00,94.58865910819478,95.455663230025,94.2909934411213,95.2596238347862,9398078.341777297,solana_research,solana,Czfq3xZZDmsdGdUyrNLtRhGc47cXcZtLG4crryfu44zE,SOL / USDC,orca,29258844.7278,128248197.620923,,,unknown,,,True
2026-03-16 20:00:00+00:00,95.2596238347862,95.9893526179338,94.9914840847176,95.74804294530291,4884953.352692775,solana_research,solana,Czfq3xZZDmsdGdUyrNLtRhGc47cXcZtLG4crryfu44zE,SOL / USDC,orca,29258844.7278,128248197.620923,,,unknown,,,True
2026-03-16 21:00:00+00:00,95.74804294530291,96.8395618904926,95.4365111111111,96.45342843816174,13399625.421879012,solana_research,solana,Czfq3xZZDmsdGdUyrNLtRhGc47cXcZtLG4crryfu44zE,SOL / USDC,orca,29258844.7278,128248197.620923,,,unknown,,,True
2026-03-16 22:00:00+00:00,96.45342843816174,97.5415689441065,96.1685154086169,96.43296298834538,7494937.1296137655,solana_research,solana,Czfq3xZZDmsdGdUyrNLtRhGc47cXcZtLG4crryfu44zE,SOL / USDC,orca,29258844.7278,128248197.620923,,,unknown,,,True
2026-03-16 23:00:00+00:00,96.43296298834538,96.4678338038137,95.4314989094932,96.20690015462824,5042103.11015454,solana_research,solana,Czfq3xZZDmsdGdUyrNLtRhGc47cXcZtLG4crryfu44zE,SOL / USDC,orca,29258844.7278,128248197.620923,,,unknown,,,True
2026-03-17 00:00:00+00:00,96.20690015462824,96.7055680439408,95.3684378437716,95.37492587759007,11286251.778996505,solana_research,solana,Czfq3xZZDmsdGdUyrNLtRhGc47cXcZtLG4crryfu44zE,SOL / USDC,orca,29258844.7278,128248197.620923,,,unknown,,,True
2026-03-17 01:00:00+00:00,95.37492587759007,96.0893200436406,95.0686374470804,95.60233814731448,10935090.157151107,solana_research,solana,Czfq3xZZDmsdGdUyrNLtRhGc47cXcZtLG4crryfu44zE,SOL / USDC,orca,29258844.7278,128248197.620923,,,unknown,,,True
2026-03-17 02:00:00+00:00,95.60233814731448,95.650631858509,94.9761049790213,95.29025023419736,4832728.534949274,solana_research,solana,Czfq3xZZDmsdGdUyrNLtRhGc47cXcZtLG4crryfu44zE,SOL / USDC,orca,29258844.7278,128248197.620923,,,unknown,,,True
2026-03-17 03:00:00+00:00,95.29025023419736,95.5733111631796,93.6204687931771,93.94516646151703,6928116.946206588,solana_research,solana,Czfq3xZZDmsdGdUyrNLtRhGc47cXcZtLG4crryfu44zE,SOL / USDC,orca,29258844.7278,128248197.620923,,,unknown,,,True
2026-03-17 04:00:00+00:00,93.94516646151703,95.0570342205323,93.2772975388174,93.64806377574938,5534224.755984852,solana_research,solana,Czfq3xZZDmsdGdUyrNLtRhGc47cXcZtLG4crryfu44zE,SOL / USDC,orca,29258844.7278,128248197.620923,,,unknown,,,True
2026-03-17 05:00:00+00:00,93.64806377574938,94.2417773158652,93.3621248335256,93.77118724796802,4805270.988672424,solana_research,solana,Czfq3xZZDmsdGdUyrNLtRhGc47cXcZtLG4crryfu44zE,SOL / USDC,orca,29258844.7278,128248197.620923,,,unknown,,,True
2026-03-17 06:00:00+00:00,93.77118724796802,94.21388989230891,93.5366571508636,94.0633488071883,3831213.3720345735,solana_research,solana,Czfq3xZZDmsdGdUyrNLtRhGc47cXcZtLG4crryfu44zE,SOL / USDC,orca,29258844.7278,128248197.620923,,,unknown,,,True
2026-03-17 07:00:00+00:00,94.0633488071883,94.698670865328,93.8108213312573,94.44956811879479,2651039.3477581725,solana_research,solana,Czfq3xZZDmsdGdUyrNLtRhGc47cXcZtLG4crryfu44zE,SOL / USDC,orca,29258844.7278,128248197.620923,,,unknown,,,True
2026-03-17 08:00:00+00:00,94.44956811879479,94.9119018656923,94.2362297902592,94.54125476007273,4997069.661195239,solana_research,solana,Czfq3xZZDmsdGdUyrNLtRhGc47cXcZtLG4crryfu44zE,SOL / USDC,orca,29258844.7278,128248197.620923,,,unknown,,,True
2026-03-17 09:00:00+00:00,94.54125476007273,95.1390069522895,93.7141492537313,93.94418133591826,5981635.185085591,solana_research,solana,Czfq3xZZDmsdGdUyrNLtRhGc47cXcZtLG4crryfu44zE,SOL / USDC,orca,29258844.7278,128248197.620923,,,unknown,,,True
2026-03-17 10:00:00+00:00,93.94418133591826,94.079277471149,93.5024038395219,93.52369209759497,5119416.055857552,solana_research,solana,Czfq3xZZDmsdGdUyrNLtRhGc47cXcZtLG4crryfu44zE,SOL / USDC,orca,29258844.7278,128248197.620923,,,unknown,,,True
2026-03-17 11:00:00+00:00,93.52369209759497,93.9783042896324,93.51543970993012,93.90624280437325,3550481.9588473933,solana_research,solana,Czfq3xZZDmsdGdUyrNLtRhGc47cXcZtLG4crryfu44zE,SOL / USDC,orca,29258844.7278,128248197.620923,,,unknown,,,True
2026-03-17 12:00:00+00:00,93.90624280437325,94.3396226415094,93.1370253428396,93.37215942886981,5695112.186098573,solana_research,solana,Czfq3xZZDmsdGdUyrNLtRhGc47cXcZtLG4crryfu44zE,SOL / USDC,orca,29258844.7278,128248197.620923,,,unknown,,,True
2026-03-17 13:00:00+00:00,93.37215942886981,94.3613125670351,93.1421605193777,93.811357681464,11386146.335084537,solana_research,solana,Czfq3xZZDmsdGdUyrNLtRhGc47cXcZtLG4crryfu44zE,SOL / USDC,orca,29258844.7278,128248197.620923,,,unknown,,,True
2026-03-17 14:00:00+00:00,93.811357681464,95.0570342205323,93.5032754839845,94.32389868891345,11283119.657288851,solana_research,solana,Czfq3xZZDmsdGdUyrNLtRhGc47cXcZtLG4crryfu44zE,SOL / USDC,orca,29258844.7278,128248197.620923,,,unknown,,,True
2026-03-17 15:00:00+00:00,94.32389868891345,95.1579693314014,93.2487579062916,93.72754631356234,10980349.683246398,solana_research,solana,Czfq3xZZDmsdGdUyrNLtRhGc47cXcZtLG4crryfu44zE,SOL / USDC,orca,29258844.7278,128248197.620923,,,unknown,,,True
2026-03-17 16:00:00+00:00,93.72754631356234,94.8279779608931,93.6807285983611,94.30567599843943,8164740.1229721075,solana_research,solana,Czfq3xZZDmsdGdUyrNLtRhGc47cXcZtLG4crryfu44zE,SOL / USDC,orca,29258844.7278,128248197.620923,,,unknown,,,True
2026-03-17 17:00:00+00:00,94.30567599843943,94.8097178443835,94.2552393472382,94.44532329789065,4933172.614793478,solana_research,solana,Czfq3xZZDmsdGdUyrNLtRhGc47cXcZtLG4crryfu44zE,SOL / USDC,orca,29258844.7278,128248197.620923,,,unknown,,,True
2026-03-17 18:00:00+00:00,94.44532329789065,95.5762314975535,94.2476,95.17937573620267,5413773.796804869,solana_research,solana,Czfq3xZZDmsdGdUyrNLtRhGc47cXcZtLG4crryfu44zE,SOL / USDC,orca,29258844.7278,128248197.620923,,,unknown,,,True
2026-03-17 19:00:00+00:00,95.17937573620267,95.5149736799321,94.6400200295553,94.77574707256053,5966047.3694007555,solana_research,solana,Czfq3xZZDmsdGdUyrNLtRhGc47cXcZtLG4crryfu44zE,SOL / USDC,orca,29258844.7278,128248197.620923,,,unknown,,,True
2026-03-17 20:00:00+00:00,94.77574707256053,95.1035003398772,94.438947133268,94.76695777390552,2994109.6717120116,solana_research,solana,Czfq3xZZDmsdGdUyrNLtRhGc47cXcZtLG4crryfu44zE,SOL / USDC,orca,29258844.7278,128248197.620923,,,unknown,,,True
2026-03-17 21:00:00+00:00,94.76695777390552,95.5098103765866,94.76695777390552,95.20254121534533,2905502.6317550824,solana_research,solana,Czfq3xZZDmsdGdUyrNLtRhGc47cXcZtLG4crryfu44zE,SOL / USDC,orca,29258844.7278,128248197.620923,,,unknown,,,True
2026-03-17 22:00:00+00:00,95.20254121534533,95.5439566786141,94.83630446696006,95.31971205039456,5327824.810305602,solana_research,solana,Czfq3xZZDmsdGdUyrNLtRhGc47cXcZtLG4crryfu44zE,SOL / USDC,orca,29258844.7278,128248197.620923,,,unknown,,,True
2026-03-17 23:00:00+00:00,95.31971205039456,95.5914120216601,94.84415342445878,94.84415342445878,3403538.2063466976,solana_research,solana,Czfq3xZZDmsdGdUyrNLtRhGc47cXcZtLG4crryfu44zE,SOL / USDC,orca,29258844.7278,128248197.620923,,,unknown,,,True
2026-03-18 00:00:00+00:00,94.84415342445878,94.9998407042671,94.1459393939394,94.4766787847307,6309511.904378958,solana_research,solana,Czfq3xZZDmsdGdUyrNLtRhGc47cXcZtLG4crryfu44zE,SOL / USDC,orca,29258844.7278,128248197.620923,,,unknown,,,True
2026-03-18 01:00:00+00:00,94.4766787847307,94.9672170792462,94.2370336700337,94.57504209499297,4384691.916847563,solana_research,solana,Czfq3xZZDmsdGdUyrNLtRhGc47cXcZtLG4crryfu44zE,SOL / USDC,orca,29258844.7278,128248197.620923,,,unknown,,,True
2026-03-18 02:00:00+00:00,94.57504209499297,95.2473633793043,94.5198719022981,95.02265252516001,3592083.0377705363,solana_research,solana,Czfq3xZZDmsdGdUyrNLtRhGc47cXcZtLG4crryfu44zE,SOL / USDC,orca,29258844.7278,128248197.620923,,,unknown,,,True
2026-03-18 03:00:00+00:00,95.02265252516001,95.6851176448234,94.84496976301331,95.23187912144026,3426769.5930880127,solana_research,solana,Czfq3xZZDmsdGdUyrNLtRhGc47cXcZtLG4crryfu44zE,SOL / USDC,orca,29258844.7278,128248197.620923,,,unknown,,,True
2026-03-18 04:00:00+00:00,95.23187912144026,95.4655563407385,94.26859749537067,94.36494948217269,3670602.6619111733,solana_research,solana,Czfq3xZZDmsdGdUyrNLtRhGc47cXcZtLG4crryfu44zE,SOL / USDC,orca,29258844.7278,128248197.620923,,,unknown,,,True
2026-03-18 05:00:00+00:00,94.36494948217269,94.36494948217269,93.8646510574763,94.01292584700344,4205805.572900341,solana_research,solana,Czfq3xZZDmsdGdUyrNLtRhGc47cXcZtLG4crryfu44zE,SOL / USDC,orca,29258844.7278,128248197.620923,,,unknown,,,True
2026-03-18 06:00:00+00:00,94.01292584700344,94.6875460882063,93.8627211901536,94.31900154089102,2720593.5196827194,solana_research,solana,Czfq3xZZDmsdGdUyrNLtRhGc47cXcZtLG4crryfu44zE,SOL / USDC,orca,29258844.7278,128248197.620923,,,unknown,,,True
2026-03-18 07:00:00+00:00,94.31900154089102,94.4292744564469,93.8821031261255,93.9105809218635,2569252.527330256,solana_research,solana,Czfq3xZZDmsdGdUyrNLtRhGc47cXcZtLG4crryfu44zE,SOL / USDC,orca,29258844.7278,128248197.620923,,,unknown,,,True
2026-03-18 08:00:00+00:00,93.9105809218635,95.0570342205323,93.813528217717,93.879062459219,3447398.5123004005,solana_research,solana,Czfq3xZZDmsdGdUyrNLtRhGc47cXcZtLG4crryfu44zE,SOL / USDC,orca,29258844.7278,128248197.620923,,,unknown,,,True
2026-03-18 09:00:00+00:00,93.879062459219,95.1035781544256,93.8592724437051,94.3974530879921,2271533.152679884,solana_research,solana,Czfq3xZZDmsdGdUyrNLtRhGc47cXcZtLG4crryfu44zE,SOL / USDC,orca,29258844.7278,128248197.620923,,,unknown,,,True
2026-03-18 10:00:00+00:00,94.3974530879921,94.6523532330257,93.6396507760156,93.75415259158015,2940722.9668946774,solana_research,solana,Czfq3xZZDmsdGdUyrNLtRhGc47cXcZtLG4crryfu44zE,SOL / USDC,orca,29258844.7278,128248197.620923,,,unknown,,,True
2026-03-18 11:00:00+00:00,93.75415259158015,94.1037295241521,91.8490823412698,92.06920775466169,13922418.17914647,solana_research,solana,Czfq3xZZDmsdGdUyrNLtRhGc47cXcZtLG4crryfu44zE,SOL / USDC,orca,29258844.7278,128248197.620923,,,unknown,,,True
2026-03-18 12:00:00+00:00,92.06920775466169,92.1574790078432,90.3491357707801,90.65932409806766,13207038.453495521,solana_research,solana,Czfq3xZZDmsdGdUyrNLtRhGc47cXcZtLG4crryfu44zE,SOL / USDC,orca,29258844.7278,128248197.620923,,,unknown,,,True
2026-03-18 13:00:00+00:00,90.65932409806766,91.4076782449726,89.9210999123428,90.25853385823187,11749539.535111729,solana_research,solana,Czfq3xZZDmsdGdUyrNLtRhGc47cXcZtLG4crryfu44zE,SOL / USDC,orca,29258844.7278,128248197.620923,,,unknown,,,True
2026-03-18 14:00:00+00:00,90.25853385823187,90.4318476029771,89.0182590598241,89.09392583596218,11524675.772918817,solana_research,solana,Czfq3xZZDmsdGdUyrNLtRhGc47cXcZtLG4crryfu44zE,SOL / USDC,orca,29258844.7278,128248197.620923,,,unknown,,,True
2026-03-18 15:00:00+00:00,89.09392583596218,89.6078625522918,88.68355075,89.38503979580082,7480216.657741787,solana_research,solana,Czfq3xZZDmsdGdUyrNLtRhGc47cXcZtLG4crryfu44zE,SOL / USDC,orca,29258844.7278,128248197.620923,,,unknown,,,True
2026-03-18 16:00:00+00:00,89.38503979580082,90.00900090009,88.63771,89.05023584875879,8080481.604915653,solana_research,solana,Czfq3xZZDmsdGdUyrNLtRhGc47cXcZtLG4crryfu44zE,SOL / USDC,orca,29258844.7278,128248197.620923,,,unknown,,,True
2026-03-18 17:00:00+00:00,89.05023584875879,90.17937937536225,88.8829268352239,89.88954507413196,5889754.230436116,solana_research,solana,Czfq3xZZDmsdGdUyrNLtRhGc47cXcZtLG4crryfu44zE,SOL / USDC,orca,29258844.7278,128248197.620923,,,unknown,,,True
2026-03-18 18:00:00+00:00,89.88954507413196,90.6609020537034,89.61642111639439,89.61643891215351,14527866.712458516,solana_research,solana,Czfq3xZZDmsdGdUyrNLtRhGc47cXcZtLG4crryfu44zE,SOL / USDC,orca,29258844.7278,128248197.620923,,,unknown,,,True
2026-03-18 19:00:00+00:00,89.61643891215351,90.0439527044138,89.3975103312758,89.5904185515098,5318005.784712998,solana_research,solana,Czfq3xZZDmsdGdUyrNLtRhGc47cXcZtLG4crryfu44zE,SOL / USDC,orca,29258844.7278,128248197.620923,,,unknown,,,True
2026-03-18 20:00:00+00:00,89.5904185515098,90.1301925126904,88.9261744966443,89.91435308482458,5791882.561498115,solana_research,solana,Czfq3xZZDmsdGdUyrNLtRhGc47cXcZtLG4crryfu44zE,SOL / USDC,orca,29258844.7278,128248197.620923,,,unknown,,,True
2026-03-18 21:00:00+00:00,89.91435308482458,90.4243666610796,89.87136394347094,90.39363477434135,3294756.3710291404,solana_research,solana,Czfq3xZZDmsdGdUyrNLtRhGc47cXcZtLG4crryfu44zE,SOL / USDC,orca,29258844.7278,128248197.620923,,,unknown,,,True
2026-03-18 22:00:00+00:00,90.39363477434135,90.4814450064407,90.0232428500397,90.14324288058727,4015265.652032089,solana_research,solana,Czfq3xZZDmsdGdUyrNLtRhGc47cXcZtLG4crryfu44zE,SOL / USDC,orca,29258844.7278,128248197.620923,,,unknown,,,True
2026-03-18 23:00:00+00:00,90.14324288058727,90.14324288058727,89.7729942668994,90.07023897674925,2648757.935669643,solana_research,solana,Czfq3xZZDmsdGdUyrNLtRhGc47cXcZtLG4crryfu44zE,SOL / USDC,orca,29258844.7278,128248197.620923,,,unknown,,,True
2026-03-19 00:00:00+00:00,90.07023897674925,90.3626737923402,89.8449231447422,90.09646873670165,3814231.5536322007,solana_research,solana,Czfq3xZZDmsdGdUyrNLtRhGc47cXcZtLG4crryfu44zE,SOL / USDC,orca,29258844.7278,128248197.620923,,,unknown,,,True
2026-03-19 01:00:00+00:00,90.09646873670165,90.4287351327764,89.8101441755058,90.28344322403,3628167.4848578973,solana_research,solana,Czfq3xZZDmsdGdUyrNLtRhGc47cXcZtLG4crryfu44zE,SOL / USDC,orca,29258844.7278,128248197.620923,,,unknown,,,True
2026-03-19 02:00:00+00:00,90.28344322403,90.4075455897131,89.98114528715206,90.10196689942845,3635897.3935309243,solana_research,solana,Czfq3xZZDmsdGdUyrNLtRhGc47cXcZtLG4crryfu44zE,SOL / USDC,orca,29258844.7278,128248197.620923,,,unknown,,,True
2026-03-19 03:00:00+00:00,90.10196689942845,91.4157506568484,89.879,90.96498030187465,6516247.827277518,solana_research,solana,Czfq3xZZDmsdGdUyrNLtRhGc47cXcZtLG4crryfu44zE,SOL / USDC,orca,29258844.7278,128248197.620923,,,unknown,,,True
2026-03-19 04:00:00+00:00,90.96498030187465,90.96498030187465,89.6990279661011,89.90065012713882,5531221.596980351,solana_research,solana,Czfq3xZZDmsdGdUyrNLtRhGc47cXcZtLG4crryfu44zE,SOL / USDC,orca,29258844.7278,128248197.620923,,,unknown,,,True
2026-03-19 05:00:00+00:00,89.90065012713882,90.1211682941656,89.6726000922408,89.92120822027344,2972839.9720253223,solana_research,solana,Czfq3xZZDmsdGdUyrNLtRhGc47cXcZtLG4crryfu44zE,SOL / USDC,orca,29258844.7278,128248197.620923,,,unknown,,,True
2026-03-19 06:00:00+00:00,89.92120822027344,90.2499591115791,89.63797234305838,89.89320387985275,4720210.496079679,solana_research,solana,Czfq3xZZDmsdGdUyrNLtRhGc47cXcZtLG4crryfu44zE,SOL / USDC,orca,29258844.7278,128248197.620923,,,unknown,,,True
2026-03-19 07:00:00+00:00,89.89320387985275,90.118995879801,88.7922038321531,89.52017836682892,8930126.640173947,solana_research,solana,Czfq3xZZDmsdGdUyrNLtRhGc47cXcZtLG4crryfu44zE,SOL / USDC,orca,29258844.7278,128248197.620923,,,unknown,,,True
2026-03-19 08:00:00+00:00,89.52017836682892,89.822027174289,88.929219600726,89.48221191080793,5840550.631054256,solana_research,solana,Czfq3xZZDmsdGdUyrNLtRhGc47cXcZtLG4crryfu44zE,SOL / USDC,orca,29258844.7278,128248197.620923,,,unknown,,,True
2026-03-19 09:00:00+00:00,89.48221191080793,90.19085745828146,89.127642077339,90.19002418742069,7731054.550713541,solana_research,solana,Czfq3xZZDmsdGdUyrNLtRhGc47cXcZtLG4crryfu44zE,SOL / USDC,orca,29258844.7278,128248197.620923,,,unknown,,,True
2026-03-19 10:00:00+00:00,90.19002418742069,90.4095125996053,89.7841119616862,90.00052366630631,3103188.772934022,solana_research,solana,Czfq3xZZDmsdGdUyrNLtRhGc47cXcZtLG4crryfu44zE,SOL / USDC,orca,29258844.7278,128248197.620923,,,unknown,,,True
2026-03-19 11:00:00+00:00,90.00052366630631,90.7441016333938,89.62143719218793,89.69513471780623,2533527.8661492527,solana_research,solana,Czfq3xZZDmsdGdUyrNLtRhGc47cXcZtLG4crryfu44zE,SOL / USDC,orca,29258844.7278,128248197.620923,,,unknown,,,True
2026-03-19 12:00:00+00:00,89.69513471780623,89.69914288500924,88.25986027242053,88.28696717561905,6026248.731652234,solana_research,solana,Czfq3xZZDmsdGdUyrNLtRhGc47cXcZtLG4crryfu44zE,SOL / USDC,orca,29258844.7278,128248197.620923,,,unknown,,,True
2026-03-19 13:00:00+00:00,88.28696717561905,88.6113581152719,87.5992390923206,88.49436423912034,16532223.523580804,solana_research,solana,Czfq3xZZDmsdGdUyrNLtRhGc47cXcZtLG4crryfu44zE,SOL / USDC,orca,29258844.7278,128248197.620923,,,unknown,,,True
2026-03-19 14:00:00+00:00,88.49436423912034,89.0471950133571,87.4907379935817,88.13746942038382,10801036.28846451,solana_research,solana,Czfq3xZZDmsdGdUyrNLtRhGc47cXcZtLG4crryfu44zE,SOL / USDC,orca,29258844.7278,128248197.620923,,,unknown,,,True
2026-03-19 15:00:00+00:00,88.13746942038382,88.765506806994,87.3132996128514,87.58096437113065,10458592.720044162,solana_research,solana,Czfq3xZZDmsdGdUyrNLtRhGc47cXcZtLG4crryfu44zE,SOL / USDC,orca,29258844.7278,128248197.620923,,,unknown,,,True
2026-03-19 16:00:00+00:00,87.58096437113065,87.8104905183918,86.9804775828297,87.51581560637017,7578013.179914112,solana_research,solana,Czfq3xZZDmsdGdUyrNLtRhGc47cXcZtLG4crryfu44zE,SOL / USDC,orca,29258844.7278,128248197.620923,,,unknown,,,True
2026-03-19 17:00:00+00:00,87.51581560637017,88.18670729730441,86.9565217391304,88.18670729730441,6994845.1734941,solana_research,solana,Czfq3xZZDmsdGdUyrNLtRhGc47cXcZtLG4crryfu44zE,SOL / USDC,orca,29258844.7278,128248197.620923,,,unknown,,,True
2026-03-19 18:00:00+00:00,88.18670729730441,88.24776385620187,87.7650249830749,87.97801106772161,3388358.5225779396,solana_research,solana,Czfq3xZZDmsdGdUyrNLtRhGc47cXcZtLG4crryfu44zE,SOL / USDC,orca,29258844.7278,128248197.620923,,,unknown,,,True
2026-03-19 19:00:00+00:00,87.97801106772161,89.3093356545102,87.97801106772161,88.86813264295526,10204892.312873757,solana_research,solana,Czfq3xZZDmsdGdUyrNLtRhGc47cXcZtLG4crryfu44zE,SOL / USDC,orca,29258844.7278,128248197.620923,,,unknown,,,True
2026-03-19 20:00:00+00:00,88.86813264295526,89.1299517370224,88.659421954651,88.97800666584862,3500920.779406944,solana_research,solana,Czfq3xZZDmsdGdUyrNLtRhGc47cXcZtLG4crryfu44zE,SOL / USDC,orca,29258844.7278,128248197.620923,,,unknown,,,True
2026-03-19 21:00:00+00:00,88.97800666584862,89.3295447839648,88.7589409033863,89.00554293287288,2192015.438189699,solana_research,solana,Czfq3xZZDmsdGdUyrNLtRhGc47cXcZtLG4crryfu44zE,SOL / USDC,orca,29258844.7278,128248197.620923,,,unknown,,,True
2026-03-19 22:00:00+00:00,89.00554293287288,89.1402128520408,88.2997898831334,88.52806544963258,3765348.340865569,solana_research,solana,Czfq3xZZDmsdGdUyrNLtRhGc47cXcZtLG4crryfu44zE,SOL / USDC,orca,29258844.7278,128248197.620923,,,unknown,,,True
2026-03-19 23:00:00+00:00,88.52806544963258,89.8472596585804,88.52806544963258,88.68833270962246,3744170.5720904456,solana_research,solana,Czfq3xZZDmsdGdUyrNLtRhGc47cXcZtLG4crryfu44zE,SOL / USDC,orca,29258844.7278,128248197.620923,,,unknown,,,True
2026-03-20 00:00:00+00:00,88.68833270962246,89.551590867036,88.6833058665247,89.30590526120604,3679845.8097524997,solana_research,solana,Czfq3xZZDmsdGdUyrNLtRhGc47cXcZtLG4crryfu44zE,SOL / USDC,orca,29258844.7278,128248197.620923,,,unknown,,,True
2026-03-20 01:00:00+00:00,89.30590526120604,89.8429186495564,89.30110400431306,89.63139591893741,3805424.47801354,solana_research,solana,Czfq3xZZDmsdGdUyrNLtRhGc47cXcZtLG4crryfu44zE,SOL / USDC,orca,29258844.7278,128248197.620923,,,unknown,,,True
2026-03-20 02:00:00+00:00,89.63139591893741,89.63352883311416,88.8709372121176,89.29369700981871,3147871.3622653545,solana_research,solana,Czfq3xZZDmsdGdUyrNLtRhGc47cXcZtLG4crryfu44zE,SOL / USDC,orca,29258844.7278,128248197.620923,,,unknown,,,True
2026-03-20 03:00:00+00:00,89.29369700981871,89.7406917801742,89.0508868956146,89.46362785997802,2628713.5602652957,solana_research,solana,Czfq3xZZDmsdGdUyrNLtRhGc47cXcZtLG4crryfu44zE,SOL / USDC,orca,29258844.7278,128248197.620923,,,unknown,,,True
2026-03-20 04:00:00+00:00,89.46362785997802,89.6000074408434,88.8310962522271,89.18750442671256,3486242.2649873844,solana_research,solana,Czfq3xZZDmsdGdUyrNLtRhGc47cXcZtLG4crryfu44zE,SOL / USDC,orca,29258844.7278,128248197.620923,,,unknown,,,True
2026-03-20 05:00:00+00:00,89.18750442671256,89.6224663017398,88.9900502625585,89.45097509256578,3897102.75206403,solana_research,solana,Czfq3xZZDmsdGdUyrNLtRhGc47cXcZtLG4crryfu44zE,SOL / USDC,orca,29258844.7278,128248197.620923,,,unknown,,,True
2026-03-20 06:00:00+00:00,89.45097509256578,89.5765605802203,88.9337749835547,89.23202975369789,3121854.6955760214,solana_research,solana,Czfq3xZZDmsdGdUyrNLtRhGc47cXcZtLG4crryfu44zE,SOL / USDC,orca,29258844.7278,128248197.620923,,,unknown,,,True
2026-03-20 07:00:00+00:00,89.23202975369789,90.00900090009,88.6709438860426,89.3082082311171,4818941.79021974,solana_research,solana,Czfq3xZZDmsdGdUyrNLtRhGc47cXcZtLG4crryfu44zE,SOL / USDC,orca,29258844.7278,128248197.620923,,,unknown,,,True
2026-03-20 08:00:00+00:00,89.3082082311171,90.4419675104345,89.2832697734779,89.88875472888553,6239101.05016491,solana_research,solana,Czfq3xZZDmsdGdUyrNLtRhGc47cXcZtLG4crryfu44zE,SOL / USDC,orca,29258844.7278,128248197.620923,,,unknown,,,True
2026-03-20 09:00:00+00:00,89.88875472888553,89.89410459769671,88.6492323040673,88.93839751380786,5137816.470486418,solana_research,solana,Czfq3xZZDmsdGdUyrNLtRhGc47cXcZtLG4crryfu44zE,SOL / USDC,orca,29258844.7278,128248197.620923,,,unknown,,,True
2026-03-20 10:00:00+00:00,88.93839751380786,89.4601380272165,88.6654955633109,89.23099976023819,3716263.794802822,solana_research,solana,Czfq3xZZDmsdGdUyrNLtRhGc47cXcZtLG4crryfu44zE,SOL / USDC,orca,29258844.7278,128248197.620923,,,unknown,,,True
2026-03-20 11:00:00+00:00,89.23099976023819,89.6790033163098,89.0066799102055,89.13592571069975,3232557.6558120223,solana_research,solana,Czfq3xZZDmsdGdUyrNLtRhGc47cXcZtLG4crryfu44zE,SOL / USDC,orca,29258844.7278,128248197.620923,,,unknown,,,True
2026-03-20 12:00:00+00:00,89.13592571069975,89.5285787263677,89.0759243780741,89.13446653144196,3784980.9596064854,solana_research,solana,Czfq3xZZDmsdGdUyrNLtRhGc47cXcZtLG4crryfu44zE,SOL / USDC,orca,29258844.7278,128248197.620923,,,unknown,,,True
2026-03-20 13:00:00+00:00,89.13446653144196,89.6398868142248,88.6052994774456,88.87259855116487,12357846.647150446,solana_research,solana,Czfq3xZZDmsdGdUyrNLtRhGc47cXcZtLG4crryfu44zE,SOL / USDC,orca,29258844.7278,128248197.620923,,,unknown,,,True
2026-03-20 14:00:00+00:00,88.87259855116487,89.5562919456359,88.331,89.08838144106247,13796727.915960953,solana_research,solana,Czfq3xZZDmsdGdUyrNLtRhGc47cXcZtLG4crryfu44zE,SOL / USDC,orca,29258844.7278,128248197.620923,,,unknown,,,True
2026-03-20 15:00:00+00:00,89.08838144106247,89.3004345033778,88.5840924591546,88.85855285134627,8854720.336125415,solana_research,solana,Czfq3xZZDmsdGdUyrNLtRhGc47cXcZtLG4crryfu44zE,SOL / USDC,orca,29258844.7278,128248197.620923,,,unknown,,,True
2026-03-20 16:00:00+00:00,88.85855285134627,89.2378563241309,88.5988059215271,88.81049988146314,5979767.465500412,solana_research,solana,Czfq3xZZDmsdGdUyrNLtRhGc47cXcZtLG4crryfu44zE,SOL / USDC,orca,29258844.7278,128248197.620923,,,unknown,,,True
2026-03-20 17:00:00+00:00,88.81049988146314,89.0389052772018,88.29171570265834,88.76235491554348,7018903.736461575,solana_research,solana,Czfq3xZZDmsdGdUyrNLtRhGc47cXcZtLG4crryfu44zE,SOL / USDC,orca,29258844.7278,128248197.620923,,,unknown,,,True
2026-03-20 18:00:00+00:00,88.76235491554348,88.9817974200729,88.3722086707305,88.51359287315988,5635691.194298057,solana_research,solana,Czfq3xZZDmsdGdUyrNLtRhGc47cXcZtLG4crryfu44zE,SOL / USDC,orca,29258844.7278,128248197.620923,,,unknown,,,True
2026-03-20 19:00:00+00:00,88.51359287315988,88.84576339378137,88.2963,88.84576339378137,5353159.287703208,solana_research,solana,Czfq3xZZDmsdGdUyrNLtRhGc47cXcZtLG4crryfu44zE,SOL / USDC,orca,29258844.7278,128248197.620923,,,unknown,,,True
2026-03-20 20:00:00+00:00,88.84576339378137,89.3656735650361,88.5921903063102,89.07177879859933,3446082.8740744,solana_research,solana,Czfq3xZZDmsdGdUyrNLtRhGc47cXcZtLG4crryfu44zE,SOL / USDC,orca,29258844.7278,128248197.620923,,,unknown,,,True
2026-03-20 21:00:00+00:00,89.07177879859933,89.8743891454996,89.07177879859933,89.77372481110442,5506349.476362063,solana_research,solana,Czfq3xZZDmsdGdUyrNLtRhGc47cXcZtLG4crryfu44zE,SOL / USDC,orca,29258844.7278,128248197.620923,,,unknown,,,True
2026-03-20 22:00:00+00:00,89.77372481110442,90.7441016333938,89.5492408369828,90.03331268929104,3687314.9754847013,solana_research,solana,Czfq3xZZDmsdGdUyrNLtRhGc47cXcZtLG4crryfu44zE,SOL / USDC,orca,29258844.7278,128248197.620923,,,unknown,,,True
2026-03-20 23:00:00+00:00,90.03331268929104,90.1639830026792,89.7149784017578,89.89668555868472,2562899.112858109,solana_research,solana,Czfq3xZZDmsdGdUyrNLtRhGc47cXcZtLG4crryfu44zE,SOL / USDC,orca,29258844.7278,128248197.620923,,,unknown,,,True
2026-03-21 00:00:00+00:00,89.89668555868472,90.2640226272408,89.7197535205478,89.96359796989015,2273015.858975881,solana_research,solana,Czfq3xZZDmsdGdUyrNLtRhGc47cXcZtLG4crryfu44zE,SOL / USDC,orca,29258844.7278,128248197.620923,,,unknown,,,True
2026-03-21 01:00:00+00:00,89.96359796989015,90.28409033628562,89.7251971498019,89.97337949777372,2184014.987930705,solana_research,solana,Czfq3xZZDmsdGdUyrNLtRhGc47cXcZtLG4crryfu44zE,SOL / USDC,orca,29258844.7278,128248197.620923,,,unknown,,,True
2026-03-21 02:00:00+00:00,89.97337949777372,90.48026942108412,89.8670494446625,90.4530379877951,2775517.0783804073,solana_research,solana,Czfq3xZZDmsdGdUyrNLtRhGc47cXcZtLG4crryfu44zE,SOL / USDC,orca,29258844.7278,128248197.620923,,,unknown,,,True
2026-03-21 03:00:00+00:00,90.4530379877951,90.7846715328467,90.1999373000709,90.21476812964829,1340695.8126210652,solana_research,solana,Czfq3xZZDmsdGdUyrNLtRhGc47cXcZtLG4crryfu44zE,SOL / USDC,orca,29258844.7278,128248197.620923,,,unknown,,,True
2026-03-21 04:00:00+00:00,90.21476812964829,90.786200232469,90.21476812964829,90.36801383603674,2007587.2378220956,solana_research,solana,Czfq3xZZDmsdGdUyrNLtRhGc47cXcZtLG4crryfu44zE,SOL / USDC,orca,29258844.7278,128248197.620923,,,unknown,,,True
2026-03-21 05:00:00+00:00,90.36801383603674,90.49837776997148,90.16395164714487,90.16896073054454,1656605.9736232518,solana_research,solana,Czfq3xZZDmsdGdUyrNLtRhGc47cXcZtLG4crryfu44zE,SOL / USDC,orca,29258844.7278,128248197.620923,,,unknown,,,True
2026-03-21 06:00:00+00:00,90.16896073054454,90.3574760145154,89.9027077485805,90.11554402276462,1371302.9195998327,solana_research,solana,Czfq3xZZDmsdGdUyrNLtRhGc47cXcZtLG4crryfu44zE,SOL / USDC,orca,29258844.7278,128248197.620923,,,unknown,,,True
2026-03-21 07:00:00+00:00,90.11554402276462,90.24906685453064,90.08264581337241,90.10191094511099,1437340.943447397,solana_research,solana,Czfq3xZZDmsdGdUyrNLtRhGc47cXcZtLG4crryfu44zE,SOL / USDC,orca,29258844.7278,128248197.620923,,,unknown,,,True
2026-03-21 08:00:00+00:00,90.10191094511099,90.12045935842576,89.68043194509491,89.80421269870416,933050.8172082515,solana_research,solana,Czfq3xZZDmsdGdUyrNLtRhGc47cXcZtLG4crryfu44zE,SOL / USDC,orca,29258844.7278,128248197.620923,,,unknown,,,True
2026-03-21 09:00:00+00:00,89.80421269870416,90.3515411262795,89.6551724137931,90.16588958281764,1130948.6933825777,solana_research,solana,Czfq3xZZDmsdGdUyrNLtRhGc47cXcZtLG4crryfu44zE,SOL / USDC,orca,29258844.7278,128248197.620923,,,unknown,,,True
2026-03-21 10:00:00+00:00,90.16588958281764,90.2768662898742,89.85779165497573,89.95474390495754,934680.8254500192,solana_research,solana,Czfq3xZZDmsdGdUyrNLtRhGc47cXcZtLG4crryfu44zE,SOL / USDC,orca,29258844.7278,128248197.620923,,,unknown,,,True
2026-03-21 11:00:00+00:00,89.95474390495754,90.17772183590554,89.6034524419831,89.82583576941218,744015.1468754939,solana_research,solana,Czfq3xZZDmsdGdUyrNLtRhGc47cXcZtLG4crryfu44zE,SOL / USDC,orca,29258844.7278,128248197.620923,,,unknown,,,True
2026-03-21 12:00:00+00:00,89.82583576941218,90.2557298457348,89.6582712497546,89.96252041048405,938151.3752036481,solana_research,solana,Czfq3xZZDmsdGdUyrNLtRhGc47cXcZtLG4crryfu44zE,SOL / USDC,orca,29258844.7278,128248197.620923,,,unknown,,,True
2026-03-21 13:00:00+00:00,89.96252041048405,90.4122075996425,89.9409191919192,90.1125549559863,1063527.2744550323,solana_research,solana,Czfq3xZZDmsdGdUyrNLtRhGc47cXcZtLG4crryfu44zE,SOL / USDC,orca,29258844.7278,128248197.620923,,,unknown,,,True
2026-03-21 14:00:00+00:00,90.1125549559863,91.1577028258888,89.6957451206602,89.86434577075015,3023323.179852775,solana_research,solana,Czfq3xZZDmsdGdUyrNLtRhGc47cXcZtLG4crryfu44zE,SOL / USDC,orca,29258844.7278,128248197.620923,,,unknown,,,True
2026-03-21 15:00:00+00:00,89.86434577075015,89.86596695823135,89.59564699380151,89.76823409618251,2543252.555316069,solana_research,solana,Czfq3xZZDmsdGdUyrNLtRhGc47cXcZtLG4crryfu44zE,SOL / USDC,orca,29258844.7278,128248197.620923,,,unknown,,,True
2026-03-21 16:00:00+00:00,89.76823409618251,90.0411758297069,89.5445023840083,89.75363052027603,2015436.2979562902,solana_research,solana,Czfq3xZZDmsdGdUyrNLtRhGc47cXcZtLG4crryfu44zE,SOL / USDC,orca,29258844.7278,128248197.620923,,,unknown,,,True
2026-03-21 17:00:00+00:00,89.75363052027603,89.8667746131659,89.3626484611936,89.64604432962717,1207111.8349429457,solana_research,solana,Czfq3xZZDmsdGdUyrNLtRhGc47cXcZtLG4crryfu44zE,SOL / USDC,orca,29258844.7278,128248197.620923,,,unknown,,,True
2026-03-21 18:00:00+00:00,89.64604432962717,89.70662161424863,89.59259860065374,89.70555895775722,924604.6634138424,solana_research,solana,Czfq3xZZDmsdGdUyrNLtRhGc47cXcZtLG4crryfu44zE,SOL / USDC,orca,29258844.7278,128248197.620923,,,unknown,,,True
2026-03-21 19:00:00+00:00,89.70555895775722,89.924544674262,89.4561721898147,89.65749135306201,543546.5440510798,solana_research,solana,Czfq3xZZDmsdGdUyrNLtRhGc47cXcZtLG4crryfu44zE,SOL / USDC,orca,29258844.7278,128248197.620923,,,unknown,,,True
2026-03-21 20:00:00+00:00,89.65749135306201,90.4219691895512,89.644335313115,90.2032427494862,1516743.4166792668,solana_research,solana,Czfq3xZZDmsdGdUyrNLtRhGc47cXcZtLG4crryfu44zE,SOL / USDC,orca,29258844.7278,128248197.620923,,,unknown,,,True
2026-03-21 21:00:00+00:00,90.2032427494862,90.2032427494862,89.7581805378982,90.01280255186059,1127058.663053179,solana_research,solana,Czfq3xZZDmsdGdUyrNLtRhGc47cXcZtLG4crryfu44zE,SOL / USDC,orca,29258844.7278,128248197.620923,,,unknown,,,True
2026-03-21 22:00:00+00:00,90.01280255186059,90.2388626755771,89.95929912336022,89.97981955724644,1196277.0327352097,solana_research,solana,Czfq3xZZDmsdGdUyrNLtRhGc47cXcZtLG4crryfu44zE,SOL / USDC,orca,29258844.7278,128248197.620923,,,unknown,,,True
2026-03-21 23:00:00+00:00,89.97981955724644,89.97981955724644,87.1254864321583,87.3664970365729,14819354.624008304,solana_research,solana,Czfq3xZZDmsdGdUyrNLtRhGc47cXcZtLG4crryfu44zE,SOL / USDC,orca,29258844.7278,128248197.620923,,,unknown,,,True
2026-03-22 00:00:00+00:00,87.3664970365729,87.9119549814835,86.265166,87.34630225289654,16756115.98720328,solana_research,solana,Czfq3xZZDmsdGdUyrNLtRhGc47cXcZtLG4crryfu44zE,SOL / USDC,orca,29258844.7278,128248197.620923,,,unknown,,,True
2026-03-22 01:00:00+00:00,87.34630225289654,87.6848665910139,87.1776066495538,87.24808863537598,4889800.883677152,solana_research,solana,Czfq3xZZDmsdGdUyrNLtRhGc47cXcZtLG4crryfu44zE,SOL / USDC,orca,29258844.7278,128248197.620923,,,unknown,,,True
2026-03-22 02:00:00+00:00,87.24808863537598,88.4890614866067,87.2005965648232,88.26795263530794,4441683.360856479,solana_research,solana,Czfq3xZZDmsdGdUyrNLtRhGc47cXcZtLG4crryfu44zE,SOL / USDC,orca,29258844.7278,128248197.620923,,,unknown,,,True
2026-03-22 03:00:00+00:00,88.26795263530794,89.1260519263948,87.91618994740037,88.47144506215487,5251818.578840943,solana_research,solana,Czfq3xZZDmsdGdUyrNLtRhGc47cXcZtLG4crryfu44zE,SOL / USDC,orca,29258844.7278,128248197.620923,,,unknown,,,True
2026-03-22 04:00:00+00:00,88.47144506215487,89.8472596585804,88.47144506215487,89.06212368919054,3958019.9605834,solana_research,solana,Czfq3xZZDmsdGdUyrNLtRhGc47cXcZtLG4crryfu44zE,SOL / USDC,orca,29258844.7278,128248197.620923,,,unknown,,,True
2026-03-22 05:00:00+00:00,89.06212368919054,89.06212368919054,88.63840562504826,88.63978498615381,1979365.6442703812,solana_research,solana,Czfq3xZZDmsdGdUyrNLtRhGc47cXcZtLG4crryfu44zE,SOL / USDC,orca,29258844.7278,128248197.620923,,,unknown,,,True
2026-03-22 06:00:00+00:00,88.63978498615381,88.63978498615381,88.0987774023535,88.34030839503981,1912815.9007187677,solana_research,solana,Czfq3xZZDmsdGdUyrNLtRhGc47cXcZtLG4crryfu44zE,SOL / USDC,orca,29258844.7278,128248197.620923,,,unknown,,,True
2026-03-22 07:00:00+00:00,88.34030839503981,88.34030839503981,87.7890209504874,87.88193836157751,2333472.872828215,solana_research,solana,Czfq3xZZDmsdGdUyrNLtRhGc47cXcZtLG4crryfu44zE,SOL / USDC,orca,29258844.7278,128248197.620923,,,unknown,,,True
2026-03-22 08:00:00+00:00,87.88193836157751,87.88447113529533,86.8311216340283,87.192953851154,4064159.84950766,solana_research,solana,Czfq3xZZDmsdGdUyrNLtRhGc47cXcZtLG4crryfu44zE,SOL / USDC,orca,29258844.7278,128248197.620923,,,unknown,,,True
2026-03-22 09:00:00+00:00,87.192953851154,87.5536613106911,87.13867561630612,87.32531517076129,2241738.2102228114,solana_research,solana,Czfq3xZZDmsdGdUyrNLtRhGc47cXcZtLG4crryfu44zE,SOL / USDC,orca,29258844.7278,128248197.620923,,,unknown,,,True
2026-03-22 10:00:00+00:00,87.32531517076129,88.1057268722467,87.015448963199,87.22041400053212,1874410.510898485,solana_research,solana,Czfq3xZZDmsdGdUyrNLtRhGc47cXcZtLG4crryfu44zE,SOL / USDC,orca,29258844.7278,128248197.620923,,,unknown,,,True
2026-03-22 11:00:00+00:00,87.22041400053212,87.3724695658632,87.04000972345597,87.04016196187474,3565390.5312708686,solana_research,solana,Czfq3xZZDmsdGdUyrNLtRhGc47cXcZtLG4crryfu44zE,SOL / USDC,orca,29258844.7278,128248197.620923,,,unknown,,,True
2026-03-22 12:00:00+00:00,87.04016196187474,87.3134079042277,86.7898346896106,87.267515203876,2689913.2006362136,solana_research,solana,Czfq3xZZDmsdGdUyrNLtRhGc47cXcZtLG4crryfu44zE,SOL / USDC,orca,29258844.7278,128248197.620923,,,unknown,,,True
2026-03-22 13:00:00+00:00,87.267515203876,87.51611836357164,87.008982692146,87.20971662160576,2966974.024088159,solana_research,solana,Czfq3xZZDmsdGdUyrNLtRhGc47cXcZtLG4crryfu44zE,SOL / USDC,orca,29258844.7278,128248197.620923,,,unknown,,,True
2026-03-22 14:00:00+00:00,87.20971662160576,87.6132907750021,87.20395845681952,87.3241584321816,2247636.1842731335,solana_research,solana,Czfq3xZZDmsdGdUyrNLtRhGc47cXcZtLG4crryfu44zE,SOL / USDC,orca,29258844.7278,128248197.620923,,,unknown,,,True
2026-03-22 15:00:00+00:00,87.3241584321816,87.5353113069046,86.9521687517212,87.44903115719448,1969904.704860847,solana_research,solana,Czfq3xZZDmsdGdUyrNLtRhGc47cXcZtLG4crryfu44zE,SOL / USDC,orca,29258844.7278,128248197.620923,,,unknown,,,True
2026-03-22 16:00:00+00:00,87.44903115719448,87.8161466681255,87.0715560413536,87.34717181191324,2162054.8033386883,solana_research,solana,Czfq3xZZDmsdGdUyrNLtRhGc47cXcZtLG4crryfu44zE,SOL / USDC,orca,29258844.7278,128248197.620923,,,unknown,,,True
2026-03-22 17:00:00+00:00,87.34717181191324,87.6984557588185,87.1290541321254,87.46787402102305,2284992.0926625575,solana_research,solana,Czfq3xZZDmsdGdUyrNLtRhGc47cXcZtLG4crryfu44zE,SOL / USDC,orca,29258844.7278,128248197.620923,,,unknown,,,True
2026-03-22 18:00:00+00:00,87.46787402102305,87.46787402102305,86.555936517456,86.83146907999442,2762975.2013282944,solana_research,solana,Czfq3xZZDmsdGdUyrNLtRhGc47cXcZtLG4crryfu44zE,SOL / USDC,orca,29258844.7278,128248197.620923,,,unknown,,,True
2026-03-22 19:00:00+00:00,86.83146907999442,87.061832943554,86.6048395015457,86.84893075383259,2446657.941112445,solana_research,solana,Czfq3xZZDmsdGdUyrNLtRhGc47cXcZtLG4crryfu44zE,SOL / USDC,orca,29258844.7278,128248197.620923,,,unknown,,,True
2026-03-22 20:00:00+00:00,86.84893075383259,87.0662339886916,86.5183779097262,86.73563145363582,2164459.504330015,solana_research,solana,Czfq3xZZDmsdGdUyrNLtRhGc47cXcZtLG4crryfu44zE,SOL / USDC,orca,29258844.7278,128248197.620923,,,unknown,,,True
2026-03-22 21:00:00+00:00,86.73563145363582,86.954721549556,85.1202578703704,85.90329324988475,9708753.702172296,solana_research,solana,Czfq3xZZDmsdGdUyrNLtRhGc47cXcZtLG4crryfu44zE,SOL / USDC,orca,29258844.7278,128248197.620923,,,unknown,,,True
2026-03-22 22:00:00+00:00,85.90329324988475,86.7708506206013,85.6524191317326,86.55363202593068,9203718.359390115,solana_research,solana,Czfq3xZZDmsdGdUyrNLtRhGc47cXcZtLG4crryfu44zE,SOL / USDC,orca,29258844.7278,128248197.620923,,,unknown,,,True
2026-03-22 23:00:00+00:00,86.55363202593068,87.021634644022,86.24296996285902,86.24296996285902,3987700.1204592213,solana_research,solana,Czfq3xZZDmsdGdUyrNLtRhGc47cXcZtLG4crryfu44zE,SOL / USDC,orca,29258844.7278,128248197.620923,,,unknown,,,True
2026-03-23 00:00:00+00:00,86.24296996285902,86.6264350979199,85.6408695454594,86.00251932020933,7705031.979249103,solana_research,solana,Czfq3xZZDmsdGdUyrNLtRhGc47cXcZtLG4crryfu44zE,SOL / USDC,orca,29258844.7278,128248197.620923,,,unknown,,,True
2026-03-23 01:00:00+00:00,86.00251932020933,86.5568998673092,85.6250335817727,86.24190585928407,5615913.747656169,solana_research,solana,Czfq3xZZDmsdGdUyrNLtRhGc47cXcZtLG4crryfu44zE,SOL / USDC,orca,29258844.7278,128248197.620923,,,unknown,,,True
2026-03-23 02:00:00+00:00,86.24190585928407,86.9265356180948,86.037163853889,86.70723874607924,4815458.611060034,solana_research,solana,Czfq3xZZDmsdGdUyrNLtRhGc47cXcZtLG4crryfu44zE,SOL / USDC,orca,29258844.7278,128248197.620923,,,unknown,,,True
2026-03-23 03:00:00+00:00,86.70723874607924,87.1575084694437,86.2922315472348,86.59060047092139,3358693.9946671277,solana_research,solana,Czfq3xZZDmsdGdUyrNLtRhGc47cXcZtLG4crryfu44zE,SOL / USDC,orca,29258844.7278,128248197.620923,,,unknown,,,True
2026-03-23 04:00:00+00:00,86.59060047092139,86.9368646756532,86.3514125,86.71820146219702,2625095.2492137835,solana_research,solana,Czfq3xZZDmsdGdUyrNLtRhGc47cXcZtLG4crryfu44zE,SOL / USDC,orca,29258844.7278,128248197.620923,,,unknown,,,True
2026-03-23 05:00:00+00:00,86.71820146219702,88.0281690140845,86.71820146219702,86.96503346572966,4218554.855376539,solana_research,solana,Czfq3xZZDmsdGdUyrNLtRhGc47cXcZtLG4crryfu44zE,SOL / USDC,orca,29258844.7278,128248197.620923,,,unknown,,,True
2026-03-23 06:00:00+00:00,86.96503346572966,87.1855460384104,85.6852381508165,85.84570840718592,6076945.8568407735,solana_research,solana,Czfq3xZZDmsdGdUyrNLtRhGc47cXcZtLG4crryfu44zE,SOL / USDC,orca,29258844.7278,128248197.620923,,,unknown,,,True
2026-03-23 07:00:00+00:00,85.84570840718592,86.2187791155756,85.0787648828705,86.01538227089709,6809259.123401028,solana_research,solana,Czfq3xZZDmsdGdUyrNLtRhGc47cXcZtLG4crryfu44zE,SOL / USDC,orca,29258844.7278,128248197.620923,,,unknown,,,True
2026-03-23 08:00:00+00:00,86.01538227089709,86.4632922643359,85.7787070707071,86.04943073918034,5487117.396252751,solana_research,solana,Czfq3xZZDmsdGdUyrNLtRhGc47cXcZtLG4crryfu44zE,SOL / USDC,orca,29258844.7278,128248197.620923,,,unknown,,,True
2026-03-23 09:00:00+00:00,86.04943073918034,86.0529587876237,85.1775782325203,85.53805505561681,4025436.394749522,solana_research,solana,Czfq3xZZDmsdGdUyrNLtRhGc47cXcZtLG4crryfu44zE,SOL / USDC,orca,29258844.7278,128248197.620923,,,unknown,,,True
2026-03-23 10:00:00+00:00,85.53805505561681,86.184825732313,85.53805505561681,86.00873664504844,3642361.392792815,solana_research,solana,Czfq3xZZDmsdGdUyrNLtRhGc47cXcZtLG4crryfu44zE,SOL / USDC,orca,29258844.7278,128248197.620923,,,unknown,,,True
2026-03-23 11:00:00+00:00,86.00873664504844,91.59320152491891,86.00840211056712,88.89035965766398,69859882.15106633,solana_research,solana,Czfq3xZZDmsdGdUyrNLtRhGc47cXcZtLG4crryfu44zE,SOL / USDC,orca,29258844.7278,128248197.620923,,,unknown,,,True
2026-03-23 12:00:00+00:00,88.89035965766398,90.4728845988298,88.3644789206492,90.27666251330454,19076032.078159466,solana_research,solana,Czfq3xZZDmsdGdUyrNLtRhGc47cXcZtLG4crryfu44zE,SOL / USDC,orca,29258844.7278,128248197.620923,,,unknown,,,True
2026-03-23 13:00:00+00:00,90.27666251330454,91.437713257664,89.3501805054152,91.11815293837614,17084769.364826564,solana_research,solana,Czfq3xZZDmsdGdUyrNLtRhGc47cXcZtLG4crryfu44zE,SOL / USDC,orca,29258844.7278,128248197.620923,,,unknown,,,True
2026-03-23 14:00:00+00:00,91.11815293837614,91.7107330086331,91.0538433513383,91.37644247690135,13060265.989016533,solana_research,solana,Czfq3xZZDmsdGdUyrNLtRhGc47cXcZtLG4crryfu44zE,SOL / USDC,orca,29258844.7278,128248197.620923,,,unknown,,,True
2026-03-23 15:00:00+00:00,91.37644247690135,92.251851495582,89.96248868904023,89.96970669853386,11974555.307555107,solana_research,solana,Czfq3xZZDmsdGdUyrNLtRhGc47cXcZtLG4crryfu44zE,SOL / USDC,orca,29258844.7278,128248197.620923,,,unknown,,,True
2026-03-23 16:00:00+00:00,89.96970669853386,90.4325126464685,89.5044926129045,90.20355582248973,10845728.429321619,solana_research,solana,Czfq3xZZDmsdGdUyrNLtRhGc47cXcZtLG4crryfu44zE,SOL / USDC,orca,29258844.7278,128248197.620923,,,unknown,,,True
2026-03-23 17:00:00+00:00,90.20355582248973,91.2831122068664,89.83818460866564,91.21103531340253,9945146.122737478,solana_research,solana,Czfq3xZZDmsdGdUyrNLtRhGc47cXcZtLG4crryfu44zE,SOL / USDC,orca,29258844.7278,128248197.620923,,,unknown,,,True
2026-03-23 18:00:00+00:00,91.21103531340253,91.804979253112,90.8923232323232,91.58640408535935,6595929.582210828,solana_research,solana,Czfq3xZZDmsdGdUyrNLtRhGc47cXcZtLG4crryfu44zE,SOL / USDC,orca,29258844.7278,128248197.620923,,,unknown,,,True
2026-03-23 19:00:00+00:00,91.58640408535935,92.4214417744917,91.351998852829,91.39134734391884,4519906.885692897,solana_research,solana,Czfq3xZZDmsdGdUyrNLtRhGc47cXcZtLG4crryfu44zE,SOL / USDC,orca,29258844.7278,128248197.620923,,,unknown,,,True
2026-03-23 20:00:00+00:00,91.39134734391884,92.3361034164358,91.22674411954166,91.81252298048231,2522317.2821312514,solana_research,solana,Czfq3xZZDmsdGdUyrNLtRhGc47cXcZtLG4crryfu44zE,SOL / USDC,orca,29258844.7278,128248197.620923,,,unknown,,,True
2026-03-23 21:00:00+00:00,91.81252298048231,91.9508300695556,91.58370902566372,91.64812661404721,2048506.7022427435,solana_research,solana,Czfq3xZZDmsdGdUyrNLtRhGc47cXcZtLG4crryfu44zE,SOL / USDC,orca,29258844.7278,128248197.620923,,,unknown,,,True
2026-03-23 22:00:00+00:00,91.64812661404721,91.8898812939618,91.2230640424463,91.63535675925543,4006534.431125494,solana_research,solana,Czfq3xZZDmsdGdUyrNLtRhGc47cXcZtLG4crryfu44zE,SOL / USDC,orca,29258844.7278,128248197.620923,,,unknown,,,True
2026-03-23 23:00:00+00:00,91.63535675925543,91.65136992104132,90.9566278846169,91.33393744440393,3557907.192665613,solana_research,solana,Czfq3xZZDmsdGdUyrNLtRhGc47cXcZtLG4crryfu44zE,SOL / USDC,orca,29258844.7278,128248197.620923,,,unknown,,,True
2026-03-24 00:00:00+00:00,91.33393744440393,91.7021299654639,90.6931542115693,91.07284469712279,6840663.385740948,solana_research,solana,Czfq3xZZDmsdGdUyrNLtRhGc47cXcZtLG4crryfu44zE,SOL / USDC,orca,29258844.7278,128248197.620923,,,unknown,,,True
2026-03-24 01:00:00+00:00,91.07284469712279,91.1622871587532,90.217,90.43625294327067,5823674.030105864,solana_research,solana,Czfq3xZZDmsdGdUyrNLtRhGc47cXcZtLG4crryfu44zE,SOL / USDC,orca,29258844.7278,128248197.620923,,,unknown,,,True
2026-03-24 02:00:00+00:00,90.43625294327067,90.8675799086758,90.0682689422073,90.32458449304784,5157627.5371354865,solana_research,solana,Czfq3xZZDmsdGdUyrNLtRhGc47cXcZtLG4crryfu44zE,SOL / USDC,orca,29258844.7278,128248197.620923,,,unknown,,,True
2026-03-24 03:00:00+00:00,90.32458449304784,90.3459105316904,89.9547896600613,90.1696274205327,3160456.575062782,solana_research,solana,Czfq3xZZDmsdGdUyrNLtRhGc47cXcZtLG4crryfu44zE,SOL / USDC,orca,29258844.7278,128248197.620923,,,unknown,,,True
2026-03-24 04:00:00+00:00,90.1696274205327,90.7737916648765,89.8752751283933,90.34560948544566,2912051.9228898855,solana_research,solana,Czfq3xZZDmsdGdUyrNLtRhGc47cXcZtLG4crryfu44zE,SOL / USDC,orca,29258844.7278,128248197.620923,,,unknown,,,True
2026-03-24 05:00:00+00:00,90.34560948544566,90.4290632980836,89.9476679204327,90.19751018121934,4456591.278225703,solana_research,solana,Czfq3xZZDmsdGdUyrNLtRhGc47cXcZtLG4crryfu44zE,SOL / USDC,orca,29258844.7278,128248197.620923,,,unknown,,,True
2026-03-24 06:00:00+00:00,90.19751018121934,90.5423302868126,89.9826505714286,90.39017818407295,3487392.865872808,solana_research,solana,Czfq3xZZDmsdGdUyrNLtRhGc47cXcZtLG4crryfu44zE,SOL / USDC,orca,29258844.7278,128248197.620923,,,unknown,,,True
2026-03-24 07:00:00+00:00,90.39017818407295,91.63793434336903,90.1951387101764,91.63705793176457,6954674.093955566,solana_research,solana,Czfq3xZZDmsdGdUyrNLtRhGc47cXcZtLG4crryfu44zE,SOL / USDC,orca,29258844.7278,128248197.620923,,,unknown,,,True
2026-03-24 08:00:00+00:00,91.63705793176457,91.8853707753645,91.1819696060101,91.6773942852029,6182021.505038499,solana_research,solana,Czfq3xZZDmsdGdUyrNLtRhGc47cXcZtLG4crryfu44zE,SOL / USDC,orca,29258844.7278,128248197.620923,,,unknown,,,True
2026-03-24 09:00:00+00:00,91.6773942852029,91.90869936858195,91.28886882804979,91.90586668350147,4693169.102589041,solana_research,solana,Czfq3xZZDmsdGdUyrNLtRhGc47cXcZtLG4crryfu44zE,SOL / USDC,orca,29258844.7278,128248197.620923,,,unknown,,,True
2026-03-24 10:00:00+00:00,91.90586668350147,92.2984754655297,91.6845326327154,91.89081459048737,3494815.6577655454,solana_research,solana,Czfq3xZZDmsdGdUyrNLtRhGc47cXcZtLG4crryfu44zE,SOL / USDC,orca,29258844.7278,128248197.620923,,,unknown,,,True
2026-03-24 11:00:00+00:00,91.89081459048737,92.0420910617802,91.45745529656745,91.71922100354084,5134237.434280111,solana_research,solana,Czfq3xZZDmsdGdUyrNLtRhGc47cXcZtLG4crryfu44zE,SOL / USDC,orca,29258844.7278,128248197.620923,,,unknown,,,True
2026-03-24 12:00:00+00:00,91.71922100354084,91.926158162384,91.35401839348378,91.4739093473455,3906728.8491287013,solana_research,solana,Czfq3xZZDmsdGdUyrNLtRhGc47cXcZtLG4crryfu44zE,SOL / USDC,orca,29258844.7278,128248197.620923,,,unknown,,,True
2026-03-24 13:00:00+00:00,91.4739093473455,91.54679043845181,89.5656311198242,89.79101605322911,14113411.002059698,solana_research,solana,Czfq3xZZDmsdGdUyrNLtRhGc47cXcZtLG4crryfu44zE,SOL / USDC,orca,29258844.7278,128248197.620923,,,unknown,,,True
2026-03-24 14:00:00+00:00,89.79101605322911,90.7441016333938,88.719999716432,89.4656271102854,15336780.23608129,solana_research,solana,Czfq3xZZDmsdGdUyrNLtRhGc47cXcZtLG4crryfu44zE,SOL / USDC,orca,29258844.7278,128248197.620923,,,unknown,,,True
2026-03-24 15:00:00+00:00,89.4656271102854,90.2771539501055,89.376101576296,89.86262775550998,8261319.446094703,solana_research,solana,Czfq3xZZDmsdGdUyrNLtRhGc47cXcZtLG4crryfu44zE,SOL / USDC,orca,29258844.7278,128248197.620923,,,unknown,,,True
