notional_wbtc,gross_positive_seconds,gross_positive_share_pct,gross_positive_windows,longest_gross_window_seconds,mean_gross_edge_bps,median_gross_edge_bps,max_gross_edge_bps
0.0001,2048100,79.91634166469942,1086,76764,1.6131743934005007,0.960980795006839,47.32863892085583
0.0005,1735752,67.728602059072,1004,76764,1.2937122707125916,0.6406258188508909,47.00700857609132
0.001,1442784,56.29706512980894,928,68520,0.8943994411045334,0.24170507274383707,46.604993345222226
0.002,932328,36.37920169501776,705,68520,0.09582321453855831,-0.5540581860370913,45.801038541417746
0.005,245160,9.566080915247161,259,29820,-2.2995058400151582,-2.9463868460866096,43.38977922265921
0.01,33516,1.3077858050066236,65,4488,-6.2903667470138265,-6.952091895187773,39.373029528724814
0.02,8532,0.3329164723808483,13,2484,-14.26672862535839,-14.934011227741514,31.347081004532082
0.05,132,0.00515060646440131,3,84,-38.1535036383516,-38.85173135434601,7.329472327632826
0.1,0,0.0,0,0,-77.81951362969467,-78.30414325148313,-32.500212526632396
