timestamp,pool_count,total_pair_count,known_fee_pair_count,selection_basis,buy_pool_address,sell_pool_address,buy_pool_name,sell_pool_name,buy_dex,sell_dex,buy_price_usd,sell_price_usd,buy_high_usd,buy_low_usd,sell_high_usd,sell_low_usd,observed_spread_bps,optimistic_spread_bps,conservative_spread_bps,buy_fee_bps,sell_fee_bps,explicit_fee_total_bps,explicit_fee_known,fee_adjusted_spread_bps,conservative_fee_adjusted_spread_bps,buy_volume_usd,sell_volume_usd,min_pool_volume_usd,total_volume_usd,buy_reserve_usd,sell_reserve_usd,min_pool_reserve_usd,buy_fee_source,sell_fee_source
2026-03-16 08:00:00+00:00,2,2,0,observed_spread_bps,0xc9289a5ef42eafa9e07665fcacf46127495cc222,0x27be19aff47d30d3cedc098e36844a657a8953ae,WBTC / WETH 0.3%,WBTC / WETH,uniswap-v3-base,aerodrome-base,73297.2014463303,73994.093875,73533.1244805319,73297.2014463303,73994.093875,73288.4460137835,95.0776311944157,95.0776311944157,-33.27459134599753,30.0,,,False,,,23.4084767597615,7.44826851205174,7.44826851205174,30.85674527181324,26967.9096,33052.2728,26967.9096,api_detail,unknown
2026-03-16 09:00:00+00:00,2,2,0,observed_spread_bps,0xc9289a5ef42eafa9e07665fcacf46127495cc222,0x27be19aff47d30d3cedc098e36844a657a8953ae,WBTC / WETH 0.3%,WBTC / WETH,uniswap-v3-base,aerodrome-base,72829.4014012469,73073.8803074779,73297.2014463303,72829.4014012469,73994.093875,73037.9589641363,33.56871009883244,159.92064349620972,-35.368673984617075,30.0,,,False,,,642.7967690707144,22.87104491034841,22.87104491034841,665.6678139810627,26967.9096,33052.2728,26967.9096,api_detail,unknown
2026-03-16 10:00:00+00:00,2,2,0,observed_spread_bps,0x27be19aff47d30d3cedc098e36844a657a8953ae,0xc9289a5ef42eafa9e07665fcacf46127495cc222,WBTC / WETH,WBTC / WETH 0.3%,aerodrome-base,uniswap-v3-base,72946.1223715928,75161.5831838661,73081.6880990015,72946.1223715928,75161.5831838661,72829.4014012469,303.711937008464,303.711937008464,-34.521191876799584,,30.0,,False,,,30.2590680180846,152.1444981262969,30.2590680180846,182.4035661443815,33052.2728,26967.9096,26967.9096,unknown,api_detail
2026-03-16 11:00:00+00:00,2,2,0,observed_spread_bps,0x27be19aff47d30d3cedc098e36844a657a8953ae,0xc9289a5ef42eafa9e07665fcacf46127495cc222,WBTC / WETH,WBTC / WETH 0.3%,aerodrome-base,uniswap-v3-base,72946.1223715928,75161.5831838661,72946.1223715928,72946.1223715928,75161.5831838661,75161.5831838661,303.711937008464,303.711937008464,303.711937008464,,30.0,,False,,,0.0,0.0,0.0,0.0,33052.2728,26967.9096,26967.9096,unknown,api_detail
2026-03-16 12:00:00+00:00,2,2,0,observed_spread_bps,0x27be19aff47d30d3cedc098e36844a657a8953ae,0xc9289a5ef42eafa9e07665fcacf46127495cc222,WBTC / WETH,WBTC / WETH 0.3%,aerodrome-base,uniswap-v3-base,73644.5760469904,73656.1908882826,73748.6469784521,72946.1223715928,75161.5831838661,73147.4610100357,1.577148232176917,303.711937008464,-81.51823701824101,,30.0,,False,,,263.24659182084434,1850.5518716846839,263.24659182084434,2113.798463505528,33052.2728,26967.9096,26967.9096,unknown,api_detail
2026-03-16 13:00:00+00:00,2,2,0,observed_spread_bps,0xc9289a5ef42eafa9e07665fcacf46127495cc222,0x27be19aff47d30d3cedc098e36844a657a8953ae,WBTC / WETH 0.3%,WBTC / WETH,uniswap-v3-base,aerodrome-base,73746.4175100221,73749.2374167646,73906.8296773346,73656.1908882826,73806.7865346881,73644.5760469904,0.3823788107570891,20.44575541978899,-35.48435665406635,30.0,,,False,,,414.6671113554233,24.79122849564787,24.79122849564787,439.4583398510712,26967.9096,33052.2728,26967.9096,api_detail,unknown
2026-03-16 14:00:00+00:00,2,2,0,observed_spread_bps,0xc9289a5ef42eafa9e07665fcacf46127495cc222,0x27be19aff47d30d3cedc098e36844a657a8953ae,WBTC / WETH 0.3%,WBTC / WETH,uniswap-v3-base,aerodrome-base,73020.9666695565,73074.7292692752,73746.4175100221,73003.0400883477,73749.2374167646,73074.7292692752,7.362625033711101,102.21455538205859,-91.0807959797677,30.0,,,False,,,677.2849286459017,39.7139041303177,39.7139041303177,716.9988327762194,26967.9096,33052.2728,26967.9096,api_detail,unknown
2026-03-16 15:00:00+00:00,2,2,0,observed_spread_bps,0xc9289a5ef42eafa9e07665fcacf46127495cc222,0x27be19aff47d30d3cedc098e36844a657a8953ae,WBTC / WETH 0.3%,WBTC / WETH,uniswap-v3-base,aerodrome-base,66964.0489888767,73100.2079195594,73239.631905466,66964.0489888767,73100.2079195594,73074.7292692752,916.3363063219143,916.3363063219143,-22.515492213786015,30.0,,,False,,,87.28337340553728,0.731002079195594,0.731002079195594,88.01437548473287,26967.9096,33052.2728,26967.9096,api_detail,unknown
2026-03-16 16:00:00+00:00,2,2,0,observed_spread_bps,0x27be19aff47d30d3cedc098e36844a657a8953ae,0xc9289a5ef42eafa9e07665fcacf46127495cc222,WBTC / WETH,WBTC / WETH 0.3%,aerodrome-base,uniswap-v3-base,73551.2610145278,73616.5058842569,73729.0814747591,73100.2079195594,73616.5058842569,66964.0489888767,8.870666366442848,70.62879564797342,-917.5527960698093,,30.0,,False,,,18.051794956926393,225.4577354036028,18.051794956926393,243.5095303605292,33052.2728,26967.9096,26967.9096,unknown,api_detail
2026-03-16 17:00:00+00:00,2,2,0,observed_spread_bps,0xc9289a5ef42eafa9e07665fcacf46127495cc222,0x27be19aff47d30d3cedc098e36844a657a8953ae,WBTC / WETH 0.3%,WBTC / WETH,uniswap-v3-base,aerodrome-base,73659.7104887941,73722.2439645627,73685.7978619952,73452.1839099741,73722.2439645627,73551.2610145278,8.489508763154241,36.766783533570546,-18.258178831065397,30.0,,,False,,,1134.2209491309545,47.15692414010792,47.15692414010792,1181.3778732710625,26967.9096,33052.2728,26967.9096,api_detail,unknown
2026-03-16 18:00:00+00:00,2,2,0,observed_spread_bps,0x27be19aff47d30d3cedc098e36844a657a8953ae,0xc9289a5ef42eafa9e07665fcacf46127495cc222,WBTC / WETH,WBTC / WETH 0.3%,aerodrome-base,uniswap-v3-base,73930.7014885268,73988.5550093848,74015.3544957762,73722.2439645627,74034.5408428854,73659.7104887941,7.825371556493543,42.36128223020552,-48.050030889523754,,30.0,,False,,,65.83699169650743,1283.5286310612566,65.83699169650743,1349.365622757764,33052.2728,26967.9096,26967.9096,unknown,api_detail
2026-03-16 19:00:00+00:00,2,2,0,observed_spread_bps,0x27be19aff47d30d3cedc098e36844a657a8953ae,0xc9289a5ef42eafa9e07665fcacf46127495cc222,WBTC / WETH,WBTC / WETH 0.3%,aerodrome-base,uniswap-v3-base,73905.1781155067,74055.1267602392,73930.7014885268,73905.1781155067,74055.1267602392,73100.580079486,20.28932864462485,20.28932864462485,-112.28371871591536,,30.0,,False,,,0.10790156004864,204.52343428054465,0.10790156004864,204.6313358405933,33052.2728,26967.9096,26967.9096,unknown,api_detail
2026-03-16 20:00:00+00:00,2,2,0,observed_spread_bps,0xc9289a5ef42eafa9e07665fcacf46127495cc222,0x27be19aff47d30d3cedc098e36844a657a8953ae,WBTC / WETH 0.3%,WBTC / WETH,uniswap-v3-base,aerodrome-base,73916.9969584403,73996.11612267,75060.9399654846,73802.7292487778,73996.11612267,73905.1781155067,10.703784986583198,26.2032144150548,-153.97646905425887,30.0,,,False,,,358.58261341280087,13.9593673065417,13.9593673065417,372.5419807193426,26967.9096,33052.2728,26967.9096,api_detail,unknown
2026-03-16 21:00:00+00:00,2,2,0,observed_spread_bps,0xc9289a5ef42eafa9e07665fcacf46127495cc222,0x27be19aff47d30d3cedc098e36844a657a8953ae,WBTC / WETH 0.3%,WBTC / WETH,uniswap-v3-base,aerodrome-base,74169.1752469237,74404.4196927731,74198.1582680189,73560.7754429683,74404.4196927731,73996.11612267,31.717279458240988,114.68669881802285,-27.23007552547063,30.0,,,False,,,1061.4034836667558,40.33350000934061,40.33350000934061,1101.7369836760965,26967.9096,33052.2728,26967.9096,api_detail,unknown
2026-03-16 22:00:00+00:00,2,2,0,observed_spread_bps,0x27be19aff47d30d3cedc098e36844a657a8953ae,0xc9289a5ef42eafa9e07665fcacf46127495cc222,WBTC / WETH,WBTC / WETH 0.3%,aerodrome-base,uniswap-v3-base,74528.0203124492,74575.4671132322,74614.7809687205,74254.7851961475,74745.1470629517,74153.0269486534,6.366303651175187,66.03774632286452,-61.88506004737637,,30.0,,False,,,47.85891823498469,1316.442180105166,47.85891823498469,1364.3010983401507,33052.2728,26967.9096,26967.9096,unknown,api_detail
2026-03-16 23:00:00+00:00,2,2,0,observed_spread_bps,0x27be19aff47d30d3cedc098e36844a657a8953ae,0xc9289a5ef42eafa9e07665fcacf46127495cc222,WBTC / WETH,WBTC / WETH 0.3%,aerodrome-base,uniswap-v3-base,74127.2862690194,75046.0349133049,74569.2649517775,74127.2862690194,75046.0349133049,73927.9990080812,123.94203140679183,123.94203140679183,-85.99601244708488,,30.0,,False,,,43.21552012951401,1188.2627222308683,43.21552012951401,1231.4782423603824,33052.2728,26967.9096,26967.9096,unknown,api_detail
2026-03-17 00:00:00+00:00,2,2,0,observed_spread_bps,0x27be19aff47d30d3cedc098e36844a657a8953ae,0xc9289a5ef42eafa9e07665fcacf46127495cc222,WBTC / WETH,WBTC / WETH 0.3%,aerodrome-base,uniswap-v3-base,75068.667923186,75357.0612835589,75135.0238198122,74127.2862690194,75357.0612835589,74572.8123412819,38.41727425721642,165.9004499471961,-74.82681843271722,,30.0,,False,,,64.22177972738521,441.3035840216871,64.22177972738521,505.5253637490723,33052.2728,26967.9096,26967.9096,unknown,api_detail
2026-03-17 01:00:00+00:00,2,2,0,observed_spread_bps,0xc9289a5ef42eafa9e07665fcacf46127495cc222,0x27be19aff47d30d3cedc098e36844a657a8953ae,WBTC / WETH 0.3%,WBTC / WETH,uniswap-v3-base,aerodrome-base,75675.536454082,75689.8094760461,75771.200555678,75044.8934058745,75725.8700775802,75068.667923186,1.8860813722487713,90.74257298530286,-92.71763246984199,30.0,,,False,,,1101.8629598979799,31.70918590460709,31.70918590460709,1133.5721458025869,26967.9096,33052.2728,26967.9096,api_detail,unknown
2026-03-17 02:00:00+00:00,2,2,0,observed_spread_bps,0xc9289a5ef42eafa9e07665fcacf46127495cc222,0x27be19aff47d30d3cedc098e36844a657a8953ae,WBTC / WETH 0.3%,WBTC / WETH,uniswap-v3-base,aerodrome-base,74888.5201471093,75231.9972793548,75675.536454082,74888.5201471093,75689.8094760461,75231.9972793548,45.86512479760163,106.9976182414556,-58.61064163005136,30.0,,,False,,,0.934981844399028,0.400234225526167,0.400234225526167,1.335216069925195,26967.9096,33052.2728,26967.9096,api_detail,unknown
2026-03-17 03:00:00+00:00,2,2,0,observed_spread_bps,0xc9289a5ef42eafa9e07665fcacf46127495cc222,0x27be19aff47d30d3cedc098e36844a657a8953ae,WBTC / WETH 0.3%,WBTC / WETH,uniswap-v3-base,aerodrome-base,74292.3113958957,74578.7743524364,74888.5201471093,74292.3113958957,75231.9972793548,74492.0840464639,38.55889676310787,126.48494383915576,-52.936831955905376,30.0,,,False,,,366.3762816701135,19.62427952974229,19.62427952974229,386.0005611998558,26967.9096,33052.2728,26967.9096,api_detail,unknown
2026-03-17 04:00:00+00:00,2,2,0,observed_spread_bps,0xc9289a5ef42eafa9e07665fcacf46127495cc222,0x27be19aff47d30d3cedc098e36844a657a8953ae,WBTC / WETH 0.3%,WBTC / WETH,uniswap-v3-base,aerodrome-base,74353.4114012293,74382.5635864205,74353.4114012293,74292.3113958957,74977.2972972973,74301.5690831284,3.9207596049473104,92.20145241563228,-6.972419573481048,30.0,,,False,,,132.3136679079803,15.9110997350149,15.9110997350149,148.22476764299518,26967.9096,33052.2728,26967.9096,api_detail,unknown
2026-03-17 05:00:00+00:00,2,2,0,observed_spread_bps,0x27be19aff47d30d3cedc098e36844a657a8953ae,0xc9289a5ef42eafa9e07665fcacf46127495cc222,WBTC / WETH,WBTC / WETH 0.3%,aerodrome-base,uniswap-v3-base,73590.5280357195,74353.4114012293,74382.5635864205,73590.5280357195,74353.4114012293,74353.4114012293,103.66597249302333,103.66597249302333,-3.9192229718365557,,30.0,,False,,,2.4946041717916,0.0,0.0,2.4946041717916,33052.2728,26967.9096,26967.9096,unknown,api_detail
2026-03-17 06:00:00+00:00,2,2,0,observed_spread_bps,0x27be19aff47d30d3cedc098e36844a657a8953ae,0xc9289a5ef42eafa9e07665fcacf46127495cc222,WBTC / WETH,WBTC / WETH 0.3%,aerodrome-base,uniswap-v3-base,73963.1424589204,74033.7612125134,73963.1424589204,73590.5280357195,74353.4114012293,73902.6335835173,9.547830344314168,103.66597249302333,-8.180949780048907,,30.0,,False,,,18.962799516950998,260.7181235765277,18.962799516950998,279.6809230934787,33052.2728,26967.9096,26967.9096,unknown,api_detail
2026-03-17 07:00:00+00:00,2,2,0,observed_spread_bps,0xc9289a5ef42eafa9e07665fcacf46127495cc222,0x27be19aff47d30d3cedc098e36844a657a8953ae,WBTC / WETH 0.3%,WBTC / WETH,uniswap-v3-base,aerodrome-base,74233.679948972,74237.8977973903,74233.679948972,74033.7612125134,74471.1771283246,73963.1424589204,0.5681852794037212,59.083303164295664,-36.444035946698875,30.0,,,False,,,738.407216642515,32.86684997936114,32.86684997936114,771.2740666218762,26967.9096,33052.2728,26967.9096,api_detail,unknown
2026-03-17 08:00:00+00:00,2,2,0,observed_spread_bps,0x27be19aff47d30d3cedc098e36844a657a8953ae,0xc9289a5ef42eafa9e07665fcacf46127495cc222,WBTC / WETH,WBTC / WETH 0.3%,aerodrome-base,uniswap-v3-base,74108.1693522912,74233.679948972,74237.8977973903,74071.4070263867,74233.679948972,74233.679948972,16.93613508170211,21.90763333650425,-0.568152997786342,,30.0,,False,,,2.28339323137635,0.0,0.0,2.28339323137635,33052.2728,26967.9096,26967.9096,unknown,api_detail
2026-03-17 09:00:00+00:00,2,2,0,observed_spread_bps,0xc9289a5ef42eafa9e07665fcacf46127495cc222,0x27be19aff47d30d3cedc098e36844a657a8953ae,WBTC / WETH 0.3%,WBTC / WETH,uniswap-v3-base,aerodrome-base,73990.0798618684,74020.0554641014,74233.679948972,73965.845950613,74108.1693522912,74020.0554641014,4.051300159286786,19.241772989824213,-28.777299605440287,30.0,,,False,,,134.4997097826096,17.33202346123391,17.33202346123391,151.83173324384353,26967.9096,33052.2728,26967.9096,api_detail,unknown
2026-03-17 10:00:00+00:00,2,2,0,observed_spread_bps,0xc9289a5ef42eafa9e07665fcacf46127495cc222,0x27be19aff47d30d3cedc098e36844a657a8953ae,WBTC / WETH 0.3%,WBTC / WETH,uniswap-v3-base,aerodrome-base,72856.2511903843,73585.7699629413,73990.0798618684,72856.2511903843,74020.0554641014,73585.7699629413,100.1312530685472,159.73979647620152,-54.64379815265929,30.0,,,False,,,53.8455685771891,7.471547846214579,7.471547846214579,61.317116423403675,26967.9096,33052.2728,26967.9096,api_detail,unknown
2026-03-17 11:00:00+00:00,2,2,0,observed_spread_bps,0x27be19aff47d30d3cedc098e36844a657a8953ae,0xc9289a5ef42eafa9e07665fcacf46127495cc222,WBTC / WETH,WBTC / WETH 0.3%,aerodrome-base,uniswap-v3-base,73797.6501310431,74321.8528771943,73873.069067422,73585.7699629413,74321.8528771943,72856.2511903843,71.03244415240351,100.03060573038792,-137.64391947892028,,30.0,,False,,,34.09369935301935,1114.1254000942401,34.09369935301935,1148.2190994472594,33052.2728,26967.9096,26967.9096,unknown,api_detail
2026-03-17 12:00:00+00:00,2,2,0,observed_spread_bps,0x27be19aff47d30d3cedc098e36844a657a8953ae,0xc9289a5ef42eafa9e07665fcacf46127495cc222,WBTC / WETH,WBTC / WETH 0.3%,aerodrome-base,uniswap-v3-base,73797.6501310431,73902.602134533,73797.6501310431,73797.6501310431,74321.8528771943,73902.602134533,14.221591514571585,71.03244415240351,14.221591514571585,,30.0,,False,,,0.0,93.6006017074714,0.0,93.6006017074714,33052.2728,26967.9096,26967.9096,unknown,api_detail
2026-03-17 13:00:00+00:00,2,2,0,observed_spread_bps,0xc9289a5ef42eafa9e07665fcacf46127495cc222,0x27be19aff47d30d3cedc098e36844a657a8953ae,WBTC / WETH 0.3%,WBTC / WETH,uniswap-v3-base,aerodrome-base,73625.8140177934,73938.8530951353,74760.7038111032,73274.6507599488,74039.9744634294,73358.9927508817,42.51757097941899,104.4459025793043,-187.4930262512209,30.0,,,False,,,1550.894417359319,30.5530152894631,30.5530152894631,1581.447432648782,26967.9096,33052.2728,26967.9096,api_detail,unknown
2026-03-17 14:00:00+00:00,2,2,0,observed_spread_bps,0xc9289a5ef42eafa9e07665fcacf46127495cc222,0x27be19aff47d30d3cedc098e36844a657a8953ae,WBTC / WETH 0.3%,WBTC / WETH,uniswap-v3-base,aerodrome-base,73818.9215278718,73889.1803027688,73818.9215278718,73625.8140177934,73946.2707898783,73555.0264248239,9.5177189591511,43.52505657967409,-35.74897839008217,30.0,,,False,,,16.47785540203312,10.563770640157545,10.563770640157545,27.041626042190664,26967.9096,33052.2728,26967.9096,api_detail,unknown
2026-03-17 15:00:00+00:00,2,2,0,observed_spread_bps,0xc9289a5ef42eafa9e07665fcacf46127495cc222,0x27be19aff47d30d3cedc098e36844a657a8953ae,WBTC / WETH 0.3%,WBTC / WETH,uniswap-v3-base,aerodrome-base,73665.5989030742,73695.2564701968,74357.5126377451,73453.8285916654,74366.8336001989,73455.417865218,4.0259724436109146,124.29644935309625,-121.31857838251325,30.0,,,False,,,2359.115299066997,50.23652610344761,50.23652610344761,2409.3518251704445,26967.9096,33052.2728,26967.9096,api_detail,unknown
2026-03-17 16:00:00+00:00,2,2,0,observed_spread_bps,0xc9289a5ef42eafa9e07665fcacf46127495cc222,0x27be19aff47d30d3cedc098e36844a657a8953ae,WBTC / WETH 0.3%,WBTC / WETH,uniswap-v3-base,aerodrome-base,73665.5989030742,73953.6751021228,73665.5989030742,73665.5989030742,73953.6751021228,73695.2564701968,39.10593320874733,39.10593320874733,4.0259724436109146,30.0,,,False,,,0.0,1.24833803572383,0.0,1.24833803572383,26967.9096,33052.2728,26967.9096,api_detail,unknown
2026-03-17 17:00:00+00:00,2,2,0,observed_spread_bps,0x27be19aff47d30d3cedc098e36844a657a8953ae,0xc9289a5ef42eafa9e07665fcacf46127495cc222,WBTC / WETH,WBTC / WETH 0.3%,aerodrome-base,uniswap-v3-base,73996.1238500172,74699.9777259326,74412.9703062998,73953.6751021228,74699.9777259326,73665.5989030742,95.12037108079241,100.91487985948389,-100.43563644204112,,30.0,,False,,,19.0457594717499,0.128483961688604,0.128483961688604,19.174243433438505,33052.2728,26967.9096,26967.9096,unknown,api_detail
2026-03-17 18:00:00+00:00,2,2,0,observed_spread_bps,0x27be19aff47d30d3cedc098e36844a657a8953ae,0xc9289a5ef42eafa9e07665fcacf46127495cc222,WBTC / WETH,WBTC / WETH 0.3%,aerodrome-base,uniswap-v3-base,74553.6584547648,74641.451165956,74553.6584547648,73996.1238500172,74699.9777259326,74580.4283556048,11.77577506065175,95.12037108079241,3.590689094923327,,30.0,,False,,,7.67955469803461,429.1147004482444,7.67955469803461,436.794255146279,33052.2728,26967.9096,26967.9096,unknown,api_detail
2026-03-17 19:00:00+00:00,2,2,0,observed_spread_bps,0xc9289a5ef42eafa9e07665fcacf46127495cc222,0x27be19aff47d30d3cedc098e36844a657a8953ae,WBTC / WETH 0.3%,WBTC / WETH,uniswap-v3-base,aerodrome-base,74545.8856747694,74553.7212165428,76335.731490519,74529.3215034558,74553.7212165428,74450.583227002,1.0511031832938222,3.2738407642529666,-246.9548960503687,30.0,,,False,,,953.5153152355944,27.781941681937205,27.781941681937205,981.2972569175315,26967.9096,33052.2728,26967.9096,api_detail,unknown
2026-03-17 20:00:00+00:00,2,2,0,observed_spread_bps,0xc9289a5ef42eafa9e07665fcacf46127495cc222,0x27be19aff47d30d3cedc098e36844a657a8953ae,WBTC / WETH 0.3%,WBTC / WETH,uniswap-v3-base,aerodrome-base,74545.8856747694,74553.7212165428,74545.8856747694,74545.8856747694,74553.7212165428,74553.7212165428,1.0511031832938222,1.0511031832938222,1.0511031832938222,30.0,,,False,,,0.0,0.0,0.0,0.0,26967.9096,33052.2728,26967.9096,api_detail,unknown
2026-03-17 21:00:00+00:00,2,2,0,observed_spread_bps,0x27be19aff47d30d3cedc098e36844a657a8953ae,0xc9289a5ef42eafa9e07665fcacf46127495cc222,WBTC / WETH,WBTC / WETH 0.3%,aerodrome-base,uniswap-v3-base,74653.6651391569,75032.8891869043,74653.6651391569,74553.7212165428,75032.8891869043,74545.8856747694,50.797780261759854,64.27150282274141,-14.437263620828977,,30.0,,False,,,0.185141089545109,0.0165072356211189,0.0165072356211189,0.20164832516622788,33052.2728,26967.9096,26967.9096,unknown,api_detail
2026-03-17 22:00:00+00:00,2,2,0,observed_spread_bps,0xc9289a5ef42eafa9e07665fcacf46127495cc222,0x27be19aff47d30d3cedc098e36844a657a8953ae,WBTC / WETH 0.3%,WBTC / WETH,uniswap-v3-base,aerodrome-base,73855.4231093958,73892.1860901603,75032.8891869043,73855.4231093958,74653.6651391569,73892.1860901603,4.977695505183899,108.08170830986174,-152.02707893901547,30.0,,,False,,,329.51259058782796,8.1307522154244,8.1307522154244,337.6433428032524,26967.9096,33052.2728,26967.9096,api_detail,unknown
2026-03-17 23:00:00+00:00,2,2,0,observed_spread_bps,0xc9289a5ef42eafa9e07665fcacf46127495cc222,0x27be19aff47d30d3cedc098e36844a657a8953ae,WBTC / WETH 0.3%,WBTC / WETH,uniswap-v3-base,aerodrome-base,74094.897343853,74306.5271902198,74201.3983591359,73855.4231093958,74306.5271902198,73892.1860901603,28.562000077372307,61.07934418787764,-41.67202718727725,30.0,,,False,,,237.14880268803816,0.219204255211148,0.219204255211148,237.3680069432493,26967.9096,33052.2728,26967.9096,api_detail,unknown
2026-03-18 00:00:00+00:00,2,2,0,observed_spread_bps,0xc9289a5ef42eafa9e07665fcacf46127495cc222,0x27be19aff47d30d3cedc098e36844a657a8953ae,WBTC / WETH 0.3%,WBTC / WETH,uniswap-v3-base,aerodrome-base,73685.6524374714,73751.915600857,74094.897343853,73504.0102570355,74306.5271902198,73500.1945177036,8.99268191210334,109.18002029793871,-80.26231865732369,30.0,,,False,,,889.1130008912926,31.57305077592665,31.57305077592665,920.6860516672192,26967.9096,33052.2728,26967.9096,api_detail,unknown
2026-03-18 01:00:00+00:00,2,2,0,observed_spread_bps,0x27be19aff47d30d3cedc098e36844a657a8953ae,0xc9289a5ef42eafa9e07665fcacf46127495cc222,WBTC / WETH,WBTC / WETH 0.3%,aerodrome-base,uniswap-v3-base,73857.864567095,73884.7113751399,73887.6573720603,73751.915600857,73884.7113751399,73685.6524374714,3.6349288193271434,18.005738996880183,-27.33946937466203,,30.0,,False,,,9.37370629680271,262.1248119031094,9.37370629680271,271.4985181999121,33052.2728,26967.9096,26967.9096,unknown,api_detail
2026-03-18 02:00:00+00:00,2,2,0,observed_spread_bps,0x27be19aff47d30d3cedc098e36844a657a8953ae,0xc9289a5ef42eafa9e07665fcacf46127495cc222,WBTC / WETH,WBTC / WETH 0.3%,aerodrome-base,uniswap-v3-base,73857.864567095,73884.7113751399,73857.864567095,73857.864567095,73884.7113751399,73884.7113751399,3.6349288193271434,3.6349288193271434,3.6349288193271434,,30.0,,False,,,0.0,0.0,0.0,0.0,33052.2728,26967.9096,26967.9096,unknown,api_detail
2026-03-18 03:00:00+00:00,2,2,0,observed_spread_bps,0xc9289a5ef42eafa9e07665fcacf46127495cc222,0x27be19aff47d30d3cedc098e36844a657a8953ae,WBTC / WETH 0.3%,WBTC / WETH,uniswap-v3-base,aerodrome-base,73884.7113751399,73892.9880334,73884.7113751399,73884.7113751399,73892.9880334,73857.864567095,1.1202125725406908,1.1202125725406908,-3.6336080286736294,30.0,,,False,,,0.0,3.15375272926551,0.0,3.15375272926551,26967.9096,33052.2728,26967.9096,api_detail,unknown
2026-03-18 04:00:00+00:00,2,2,0,observed_spread_bps,0x27be19aff47d30d3cedc098e36844a657a8953ae,0xc9289a5ef42eafa9e07665fcacf46127495cc222,WBTC / WETH,WBTC / WETH 0.3%,aerodrome-base,uniswap-v3-base,73892.9880334,77258.7761143303,73892.9880334,73892.9880334,77258.7761143303,73884.7113751399,455.4949218468396,455.4949218468396,-1.1200870989769296,,30.0,,False,,,0.0,0.0108162286560062,0.0,0.0108162286560062,33052.2728,26967.9096,26967.9096,unknown,api_detail
2026-03-18 05:00:00+00:00,2,2,0,observed_spread_bps,0x27be19aff47d30d3cedc098e36844a657a8953ae,0xc9289a5ef42eafa9e07665fcacf46127495cc222,WBTC / WETH,WBTC / WETH 0.3%,aerodrome-base,uniswap-v3-base,73973.5916476441,77258.7761143303,73973.5916476441,73892.9880334,77258.7761143303,77258.7761143303,444.10233348333384,455.4949218468396,444.10233348333384,,30.0,,False,,,0.0591788733181153,0.0,0.0,0.0591788733181153,33052.2728,26967.9096,26967.9096,unknown,api_detail
2026-03-18 06:00:00+00:00,2,2,0,observed_spread_bps,0x27be19aff47d30d3cedc098e36844a657a8953ae,0xc9289a5ef42eafa9e07665fcacf46127495cc222,WBTC / WETH,WBTC / WETH 0.3%,aerodrome-base,uniswap-v3-base,73914.2138213043,77258.7761143303,73973.5916476441,73914.2138213043,77258.7761143303,77258.7761143303,452.49243956133387,452.49243956133387,444.10233348333384,,30.0,,False,,,0.14561100122797,0.0,0.0,0.14561100122797,33052.2728,26967.9096,26967.9096,unknown,api_detail
2026-03-18 07:00:00+00:00,2,2,0,observed_spread_bps,0x27be19aff47d30d3cedc098e36844a657a8953ae,0xc9289a5ef42eafa9e07665fcacf46127495cc222,WBTC / WETH,WBTC / WETH 0.3%,aerodrome-base,uniswap-v3-base,73914.2138213043,77258.7761143303,73914.2138213043,73914.2138213043,77258.7761143303,77258.7761143303,452.49243956133387,452.49243956133387,452.49243956133387,,30.0,,False,,,0.0,0.0,0.0,0.0,33052.2728,26967.9096,26967.9096,unknown,api_detail
2026-03-18 08:00:00+00:00,2,2,0,observed_spread_bps,0x27be19aff47d30d3cedc098e36844a657a8953ae,0xc9289a5ef42eafa9e07665fcacf46127495cc222,WBTC / WETH,WBTC / WETH 0.3%,aerodrome-base,uniswap-v3-base,73822.0219970533,77258.7761143303,73966.3644824782,73822.0219970533,77258.7761143303,77258.7761143303,465.5459203507295,465.5459203507295,445.12281425323374,,30.0,,False,,,3.382123878419872,0.0,0.0,3.382123878419872,33052.2728,26967.9096,26967.9096,unknown,api_detail
2026-03-18 09:00:00+00:00,2,2,0,observed_spread_bps,0x27be19aff47d30d3cedc098e36844a657a8953ae,0xc9289a5ef42eafa9e07665fcacf46127495cc222,WBTC / WETH,WBTC / WETH 0.3%,aerodrome-base,uniswap-v3-base,73822.0219970533,74360.9328283881,73822.0219970533,73822.0219970533,77258.7761143303,74360.9328283881,73.00136419404967,465.5459203507295,73.00136419404967,,30.0,,False,,,0.0,3.73068800000023,0.0,3.73068800000023,33052.2728,26967.9096,26967.9096,unknown,api_detail
2026-03-18 10:00:00+00:00,2,2,0,observed_spread_bps,0x27be19aff47d30d3cedc098e36844a657a8953ae,0xc9289a5ef42eafa9e07665fcacf46127495cc222,WBTC / WETH,WBTC / WETH 0.3%,aerodrome-base,uniswap-v3-base,73294.6640988302,73799.8578732673,73822.0219970533,73294.6640988302,74360.9328283881,73681.7105798055,68.92640557788931,145.47699244793046,-19.00671553718869,,30.0,,False,,,22.7955629232369,502.7032918148272,22.7955629232369,525.4988547380641,33052.2728,26967.9096,26967.9096,unknown,api_detail
2026-03-18 11:00:00+00:00,2,2,0,observed_spread_bps,0x27be19aff47d30d3cedc098e36844a657a8953ae,0xc9289a5ef42eafa9e07665fcacf46127495cc222,WBTC / WETH,WBTC / WETH 0.3%,aerodrome-base,uniswap-v3-base,72929.9861530548,73004.317876074,73806.4346807669,72903.4000717407,73867.1361181535,72916.1560262773,10.192203089578467,132.1935664817331,-120.62344676860626,,30.0,,False,,,58.45897252215204,1851.0507276610751,58.45897252215204,1909.509700183227,33052.2728,26967.9096,26967.9096,unknown,api_detail
2026-03-18 12:00:00+00:00,2,2,0,observed_spread_bps,0x27be19aff47d30d3cedc098e36844a657a8953ae,0xc9289a5ef42eafa9e07665fcacf46127495cc222,WBTC / WETH,WBTC / WETH 0.3%,aerodrome-base,uniswap-v3-base,72253.5600638209,72325.8289580693,72929.9861530548,72253.5600638209,73004.317876074,72293.6335409495,10.002122273913283,103.90599599382489,-87.25527669370625,,30.0,,False,,,40.613531765485696,1685.6705173085045,40.613531765485696,1726.2840490739902,33052.2728,26967.9096,26967.9096,unknown,api_detail
2026-03-18 13:00:00+00:00,2,2,0,observed_spread_bps,0x27be19aff47d30d3cedc098e36844a657a8953ae,0xc9289a5ef42eafa9e07665fcacf46127495cc222,WBTC / WETH,WBTC / WETH 0.3%,aerodrome-base,uniswap-v3-base,71991.6664621642,72295.5356269093,72536.7666591191,71991.6664621642,72325.8289580693,72174.6226271264,42.20893607245646,46.41683021474607,-49.92558238700595,,30.0,,False,,,39.53666853065073,855.9459156611227,39.53666853065073,895.4825841917734,33052.2728,26967.9096,26967.9096,unknown,api_detail
2026-03-18 14:00:00+00:00,2,2,0,observed_spread_bps,0x27be19aff47d30d3cedc098e36844a657a8953ae,0xc9289a5ef42eafa9e07665fcacf46127495cc222,WBTC / WETH,WBTC / WETH 0.3%,aerodrome-base,uniswap-v3-base,71338.5519324807,71461.3678527788,71991.6664621642,71312.5512082442,72295.5356269093,71283.4216551063,17.21592560700591,137.8417125751996,-98.37872101906675,,30.0,,False,,,14.110765312237483,1625.3963969554568,14.110765312237483,1639.5071622676942,33052.2728,26967.9096,26967.9096,unknown,api_detail
2026-03-18 15:00:00+00:00,2,2,0,observed_spread_bps,0x27be19aff47d30d3cedc098e36844a657a8953ae,0xc9289a5ef42eafa9e07665fcacf46127495cc222,WBTC / WETH,WBTC / WETH 0.3%,aerodrome-base,uniswap-v3-base,71171.2724024201,71257.9154091904,71338.5519324807,71080.9014895641,71461.3678527788,70876.9591513323,12.173873509020439,53.52582131651129,-64.70453473533921,,30.0,,False,,,39.85705496593388,1547.7788121767012,39.85705496593388,1587.635867142635,33052.2728,26967.9096,26967.9096,unknown,api_detail
2026-03-18 16:00:00+00:00,2,2,0,observed_spread_bps,0x27be19aff47d30d3cedc098e36844a657a8953ae,0xc9289a5ef42eafa9e07665fcacf46127495cc222,WBTC / WETH,WBTC / WETH 0.3%,aerodrome-base,uniswap-v3-base,71102.0571969756,71123.7922763539,71171.2724024201,71102.0571969756,71257.9154091904,71123.7922763539,3.0568847421785783,21.920352006556953,-6.671248730490964,,30.0,,False,,,25.101106609263,704.6652337080551,25.101106609263,729.766340317318,33052.2728,26967.9096,26967.9096,unknown,api_detail
2026-03-18 17:00:00+00:00,2,2,0,observed_spread_bps,0xc9289a5ef42eafa9e07665fcacf46127495cc222,0x27be19aff47d30d3cedc098e36844a657a8953ae,WBTC / WETH 0.3%,WBTC / WETH,uniswap-v3-base,aerodrome-base,71316.934485405,71364.7661962789,71372.4380601205,71123.7922763539,71436.0108047037,71102.0571969756,6.7069218859505675,43.89790228517043,-37.883091918080595,30.0,,,False,,,1709.9213345371243,42.372283660592934,42.372283660592934,1752.2936181977173,26967.9096,33052.2728,26967.9096,api_detail,unknown
2026-03-18 18:00:00+00:00,2,2,0,observed_spread_bps,0xc9289a5ef42eafa9e07665fcacf46127495cc222,0x27be19aff47d30d3cedc098e36844a657a8953ae,WBTC / WETH 0.3%,WBTC / WETH,uniswap-v3-base,aerodrome-base,71109.5949213438,71431.6907127744,71891.7159266463,71109.5949213438,71726.6998574453,71364.7661962789,45.29568643822035,86.78223195956791,-73.29769829183985,30.0,,,False,,,268.8675879146367,7.066030983291946,7.066030983291946,275.9336188979287,26967.9096,33052.2728,26967.9096,api_detail,unknown
2026-03-18 19:00:00+00:00,2,2,0,observed_spread_bps,0xc9289a5ef42eafa9e07665fcacf46127495cc222,0x27be19aff47d30d3cedc098e36844a657a8953ae,WBTC / WETH 0.3%,WBTC / WETH,uniswap-v3-base,aerodrome-base,70920.3298120159,71431.6907127744,71109.5949213438,70920.0946731638,71431.6907127744,71431.6907127744,72.10357060012828,72.13696512508916,45.29568643822035,30.0,,,False,,,157.0542089624229,0.0,0.0,157.0542089624229,26967.9096,33052.2728,26967.9096,api_detail,unknown
2026-03-18 20:00:00+00:00,2,2,0,observed_spread_bps,0x27be19aff47d30d3cedc098e36844a657a8953ae,0xc9289a5ef42eafa9e07665fcacf46127495cc222,WBTC / WETH,WBTC / WETH 0.3%,aerodrome-base,uniswap-v3-base,70688.9548966551,70766.8991769108,71431.6907127744,70603.643091129,70920.3298120159,70599.9336119416,11.026373267175593,44.85416148826138,-116.44090914455506,,30.0,,False,,,21.00856491556617,1435.5707920483758,21.00856491556617,1456.579356963942,33052.2728,26967.9096,26967.9096,unknown,api_detail
2026-03-18 21:00:00+00:00,2,2,0,observed_spread_bps,0xc9289a5ef42eafa9e07665fcacf46127495cc222,0x27be19aff47d30d3cedc098e36844a657a8953ae,WBTC / WETH 0.3%,WBTC / WETH,uniswap-v3-base,aerodrome-base,71141.8966118125,71222.3573959574,71180.4209547991,70766.8991769108,71247.5637860415,70688.9548966551,11.309901475349271,67.92223691037825,-69.04511824341486,30.0,,,False,,,2083.06074515377,39.65812895860497,39.65812895860497,2122.718874112375,26967.9096,33052.2728,26967.9096,api_detail,unknown
2026-03-18 22:00:00+00:00,2,2,0,observed_spread_bps,0x27be19aff47d30d3cedc098e36844a657a8953ae,0xc9289a5ef42eafa9e07665fcacf46127495cc222,WBTC / WETH,WBTC / WETH 0.3%,aerodrome-base,uniswap-v3-base,71222.3573959574,72951.5319191712,71222.3573959574,71222.3573959574,72951.5319191712,71141.8966118125,242.78535370579445,242.78535370579445,-11.297124538799386,,30.0,,False,,,0.0,0.0211559442565596,0.0,0.0211559442565596,33052.2728,26967.9096,26967.9096,unknown,api_detail
2026-03-18 23:00:00+00:00,2,2,0,observed_spread_bps,0xc9289a5ef42eafa9e07665fcacf46127495cc222,0x27be19aff47d30d3cedc098e36844a657a8953ae,WBTC / WETH 0.3%,WBTC / WETH,uniswap-v3-base,aerodrome-base,71080.0451720982,71222.3573959574,72951.5319191712,71080.0451720982,71222.3573959574,71222.3573959574,20.02140312582057,20.02140312582057,-237.0305979495668,30.0,,,False,,,89.2559235230555,0.0,0.0,89.2559235230555,26967.9096,33052.2728,26967.9096,api_detail,unknown
2026-03-19 00:00:00+00:00,2,2,0,observed_spread_bps,0x27be19aff47d30d3cedc098e36844a657a8953ae,0xc9289a5ef42eafa9e07665fcacf46127495cc222,WBTC / WETH,WBTC / WETH 0.3%,aerodrome-base,uniswap-v3-base,71222.3573959574,71313.2128130055,71222.3573959574,71222.3573959574,71313.2128130055,71037.4232965521,12.7565866070678,12.7565866070678,-25.965736907186397,,30.0,,False,,,0.0,164.05383950575785,0.0,164.05383950575785,33052.2728,26967.9096,26967.9096,unknown,api_detail
2026-03-19 01:00:00+00:00,2,2,0,observed_spread_bps,0x27be19aff47d30d3cedc098e36844a657a8953ae,0xc9289a5ef42eafa9e07665fcacf46127495cc222,WBTC / WETH,WBTC / WETH 0.3%,aerodrome-base,uniswap-v3-base,71207.592983007,74640.918920164,71222.3573959574,71207.592983007,74640.918920164,71313.2128130055,482.15728033053074,482.15728033053074,12.7565866070678,,30.0,,False,,,0.197245032562929,0.0119425470272262,0.0119425470272262,0.2091875795901552,33052.2728,26967.9096,26967.9096,unknown,api_detail
2026-03-19 02:00:00+00:00,2,2,0,observed_spread_bps,0xc9289a5ef42eafa9e07665fcacf46127495cc222,0x27be19aff47d30d3cedc098e36844a657a8953ae,WBTC / WETH 0.3%,WBTC / WETH,uniswap-v3-base,aerodrome-base,71032.7485872004,71099.9924476252,74640.918920164,71032.7485872004,71207.592983007,71099.9924476252,9.466599809557774,24.61461780434382,-474.3948123583752,30.0,,,False,,,123.89272781502972,12.0123437240263,12.0123437240263,135.90507153905602,26967.9096,33052.2728,26967.9096,api_detail,unknown
2026-03-19 03:00:00+00:00,2,2,0,observed_spread_bps,0xc9289a5ef42eafa9e07665fcacf46127495cc222,0x27be19aff47d30d3cedc098e36844a657a8953ae,WBTC / WETH 0.3%,WBTC / WETH,uniswap-v3-base,aerodrome-base,71197.3984996297,71304.4564512029,71402.2482016508,70976.5720808514,71407.0571389942,71056.2357040621,15.036778566250852,60.651711617238924,-48.45960824811924,30.0,,,False,,,2614.42825388557,61.9734159367868,61.9734159367868,2676.401669822357,26967.9096,33052.2728,26967.9096,api_detail,unknown
2026-03-19 04:00:00+00:00,2,2,0,observed_spread_bps,0x27be19aff47d30d3cedc098e36844a657a8953ae,0xc9289a5ef42eafa9e07665fcacf46127495cc222,WBTC / WETH,WBTC / WETH 0.3%,aerodrome-base,uniswap-v3-base,70734.4579831856,70751.5665585756,71304.4564512029,70734.4579831856,71197.3984996297,70669.9566312024,2.418704529281168,65.447665769085,-88.98459529450675,,30.0,,False,,,4.96414426125997,305.0409271846762,4.96414426125997,310.00507144593615,33052.2728,26967.9096,26967.9096,unknown,api_detail
2026-03-19 05:00:00+00:00,2,2,0,observed_spread_bps,0x27be19aff47d30d3cedc098e36844a657a8953ae,0xc9289a5ef42eafa9e07665fcacf46127495cc222,WBTC / WETH,WBTC / WETH 0.3%,aerodrome-base,uniswap-v3-base,70687.5216478663,70712.0727221422,70762.6464049905,70589.0781095908,70751.5665585756,70598.7971329934,3.47318362612814,23.018922096211814,-23.154768839390716,,30.0,,False,,,9.307197867253052,556.3987169943819,9.307197867253052,565.7059148616349,33052.2728,26967.9096,26967.9096,unknown,api_detail
2026-03-19 06:00:00+00:00,2,2,0,observed_spread_bps,0xc9289a5ef42eafa9e07665fcacf46127495cc222,0x27be19aff47d30d3cedc098e36844a657a8953ae,WBTC / WETH 0.3%,WBTC / WETH,uniswap-v3-base,aerodrome-base,70659.0545639294,70759.2134495963,70759.271004526,70640.2651037925,70759.2134495963,70622.8746896638,14.174954120886873,16.838604106175215,-19.27610515567224,30.0,,,False,,,575.8878400744187,35.74110346938603,35.74110346938603,611.6289435438048,26967.9096,33052.2728,26967.9096,api_detail,unknown
2026-03-19 07:00:00+00:00,2,2,0,observed_spread_bps,0xc9289a5ef42eafa9e07665fcacf46127495cc222,0x27be19aff47d30d3cedc098e36844a657a8953ae,WBTC / WETH 0.3%,WBTC / WETH,uniswap-v3-base,aerodrome-base,69522.284333344,70759.2134495963,70659.0545639294,69504.5691206331,70759.2134495963,70759.2134495963,177.9183650412719,180.5124964929461,14.174954120886873,30.0,,,False,,,627.8841372374565,0.0,0.0,627.8841372374565,26967.9096,33052.2728,26967.9096,api_detail,unknown
2026-03-19 08:00:00+00:00,2,2,0,observed_spread_bps,0xc9289a5ef42eafa9e07665fcacf46127495cc222,0x27be19aff47d30d3cedc098e36844a657a8953ae,WBTC / WETH 0.3%,WBTC / WETH,uniswap-v3-base,aerodrome-base,70200.959793053,70759.2134495963,70200.959793053,69522.284333344,70759.2134495963,70759.2134495963,79.52222564890698,177.9183650412719,79.52222564890698,30.0,,,False,,,12.0668429788279,0.0,0.0,12.0668429788279,26967.9096,33052.2728,26967.9096,api_detail,unknown
2026-03-19 09:00:00+00:00,2,2,0,observed_spread_bps,0xc9289a5ef42eafa9e07665fcacf46127495cc222,0x27be19aff47d30d3cedc098e36844a657a8953ae,WBTC / WETH 0.3%,WBTC / WETH,uniswap-v3-base,aerodrome-base,70086.0876795697,70304.3031990963,70200.959793053,69781.2018934008,70759.2134495963,69750.1636170443,31.135354640463575,140.15401421281436,-64.215101522489,30.0,,,False,,,616.1513693867882,173.94296653233837,173.94296653233837,790.0943359191266,26967.9096,33052.2728,26967.9096,api_detail,unknown
2026-03-19 10:00:00+00:00,2,2,0,observed_spread_bps,0xc9289a5ef42eafa9e07665fcacf46127495cc222,0x27be19aff47d30d3cedc098e36844a657a8953ae,WBTC / WETH 0.3%,WBTC / WETH,uniswap-v3-base,aerodrome-base,70062.0974018969,70207.1589505,70343.6917656648,70062.0974018969,70304.3031990963,70207.1589505,20.70471110377836,34.57016078323161,-19.409390058688913,30.0,,,False,,,84.0667248804446,3.73923328570363,3.73923328570363,87.80595816614823,26967.9096,33052.2728,26967.9096,api_detail,unknown
2026-03-19 11:00:00+00:00,2,2,0,observed_spread_bps,0x27be19aff47d30d3cedc098e36844a657a8953ae,0xc9289a5ef42eafa9e07665fcacf46127495cc222,WBTC / WETH,WBTC / WETH 0.3%,aerodrome-base,uniswap-v3-base,69860.8418574986,70062.0974018969,70207.1589505,69860.8418574986,70062.0974018969,70062.0974018969,28.80806171915662,28.80806171915662,-20.661931172201164,,30.0,,False,,,0.0188624273015246,0.0,0.0,0.0188624273015246,33052.2728,26967.9096,26967.9096,unknown,api_detail
2026-03-19 12:00:00+00:00,2,2,0,observed_spread_bps,0x27be19aff47d30d3cedc098e36844a657a8953ae,0xc9289a5ef42eafa9e07665fcacf46127495cc222,WBTC / WETH,WBTC / WETH 0.3%,aerodrome-base,uniswap-v3-base,69194.8649702642,69271.3522098304,69860.8418574986,69194.8649702642,70062.0974018969,69118.9539329281,11.053889562333552,125.33190606057065,-106.19510226970941,,30.0,,False,,,30.75899594033871,1209.6401653710973,30.75899594033871,1240.399161311436,33052.2728,26967.9096,26967.9096,unknown,api_detail
2026-03-19 13:00:00+00:00,2,2,0,observed_spread_bps,0xc9289a5ef42eafa9e07665fcacf46127495cc222,0x27be19aff47d30d3cedc098e36844a657a8953ae,WBTC / WETH 0.3%,WBTC / WETH,uniswap-v3-base,aerodrome-base,69248.0704435074,69338.6675375572,69345.1745007907,69212.2037240358,69338.6675375572,69136.8070011003,13.082977398439777,18.271895231891655,-30.04787300492362,30.0,,,False,,,2880.433571851738,49.58466636024746,49.58466636024746,2930.0182382119856,26967.9096,33052.2728,26967.9096,api_detail,unknown
2026-03-19 14:00:00+00:00,2,2,0,observed_spread_bps,0xc9289a5ef42eafa9e07665fcacf46127495cc222,0x27be19aff47d30d3cedc098e36844a657a8953ae,WBTC / WETH 0.3%,WBTC / WETH,uniswap-v3-base,aerodrome-base,69208.3081154127,69290.7041931545,69281.6253066982,69133.8390136264,69338.6675375572,69236.7119750069,11.905518280317384,29.62782435536715,-6.482719118161562,30.0,,,False,,,1023.2703833956645,17.09428784829473,17.09428784829473,1040.3646712439593,26967.9096,33052.2728,26967.9096,api_detail,unknown
2026-03-19 15:00:00+00:00,2,2,0,observed_spread_bps,0xc9289a5ef42eafa9e07665fcacf46127495cc222,0x27be19aff47d30d3cedc098e36844a657a8953ae,WBTC / WETH 0.3%,WBTC / WETH,uniswap-v3-base,aerodrome-base,69208.3081154127,69290.7041931545,69208.3081154127,69208.3081154127,69290.7041931545,69290.7041931545,11.905518280317384,11.905518280317384,11.905518280317384,30.0,,,False,,,0.0,0.0,0.0,0.0,26967.9096,33052.2728,26967.9096,api_detail,unknown
2026-03-19 16:00:00+00:00,2,2,0,observed_spread_bps,0xc9289a5ef42eafa9e07665fcacf46127495cc222,0x27be19aff47d30d3cedc098e36844a657a8953ae,WBTC / WETH 0.3%,WBTC / WETH,uniswap-v3-base,aerodrome-base,69283.775575168,69405.3959477721,69354.8519116744,69183.6602111117,69405.3959477721,69139.9949337808,17.55394702359192,32.05030436143063,-30.979372310854238,30.0,,,False,,,1001.8448917863979,36.87350365131594,36.87350365131594,1038.7183954377138,26967.9096,33052.2728,26967.9096,api_detail,unknown
2026-03-19 17:00:00+00:00,2,2,0,observed_spread_bps,0xc9289a5ef42eafa9e07665fcacf46127495cc222,0x27be19aff47d30d3cedc098e36844a657a8953ae,WBTC / WETH 0.3%,WBTC / WETH,uniswap-v3-base,aerodrome-base,69283.775575168,69405.3959477721,69283.775575168,69283.775575168,69405.3959477721,69405.3959477721,17.55394702359192,17.55394702359192,17.55394702359192,30.0,,,False,,,0.0,0.0,0.0,0.0,26967.9096,33052.2728,26967.9096,api_detail,unknown
2026-03-19 18:00:00+00:00,2,2,0,observed_spread_bps,0xc9289a5ef42eafa9e07665fcacf46127495cc222,0x27be19aff47d30d3cedc098e36844a657a8953ae,WBTC / WETH 0.3%,WBTC / WETH,uniswap-v3-base,aerodrome-base,69283.775575168,69516.682472921,69283.775575168,69283.775575168,69516.682472921,69046.1173778961,33.616369174385156,33.616369174385156,-34.302142933024804,30.0,,,False,,,0.0,92.42766738217703,0.0,92.42766738217703,26967.9096,33052.2728,26967.9096,api_detail,unknown
2026-03-19 19:00:00+00:00,2,2,0,observed_spread_bps,0xc9289a5ef42eafa9e07665fcacf46127495cc222,0x27be19aff47d30d3cedc098e36844a657a8953ae,WBTC / WETH 0.3%,WBTC / WETH,uniswap-v3-base,aerodrome-base,69762.5920004577,70427.4066132359,69776.1103045194,69283.775575168,70427.4066132359,69516.682472921,95.29671901723935,165.064768565788,-37.18003632850797,30.0,,,False,,,371.1714339033103,17.726049628272968,17.726049628272968,388.89748353158325,26967.9096,33052.2728,26967.9096,api_detail,unknown
2026-03-19 20:00:00+00:00,2,2,0,observed_spread_bps,0xc9289a5ef42eafa9e07665fcacf46127495cc222,0x27be19aff47d30d3cedc098e36844a657a8953ae,WBTC / WETH 0.3%,WBTC / WETH,uniswap-v3-base,aerodrome-base,69762.5920004577,69983.3257117627,69762.5920004577,69762.5920004577,70427.4066132359,69983.3257117627,31.64069811275816,95.29671901723935,31.64069811275816,30.0,,,False,,,0.0,9.26439265772315,0.0,9.26439265772315,26967.9096,33052.2728,26967.9096,api_detail,unknown
2026-03-19 21:00:00+00:00,2,2,0,observed_spread_bps,0x27be19aff47d30d3cedc098e36844a657a8953ae,0xc9289a5ef42eafa9e07665fcacf46127495cc222,WBTC / WETH,WBTC / WETH 0.3%,aerodrome-base,uniswap-v3-base,70310.5459450877,71806.8753411408,70310.5459450877,69983.3257117627,71806.8753411408,69762.5920004577,212.81720628676837,260.56915855766414,-77.93339352789808,,30.0,,False,,,0.0956223424853192,0.0215420626023422,0.0215420626023422,0.1171644050876614,33052.2728,26967.9096,26967.9096,unknown,api_detail
2026-03-19 22:00:00+00:00,2,2,0,observed_spread_bps,0x27be19aff47d30d3cedc098e36844a657a8953ae,0xc9289a5ef42eafa9e07665fcacf46127495cc222,WBTC / WETH,WBTC / WETH 0.3%,aerodrome-base,uniswap-v3-base,70310.5459450877,70901.6470803371,70310.5459450877,70310.5459450877,73379.4234099778,70901.6470803371,84.07005340437257,436.47470285423265,84.07005340437257,,30.0,,False,,,0.0,0.0317170577445728,0.0,0.0317170577445728,33052.2728,26967.9096,26967.9096,unknown,api_detail
2026-03-19 23:00:00+00:00,2,2,0,observed_spread_bps,0xc9289a5ef42eafa9e07665fcacf46127495cc222,0x27be19aff47d30d3cedc098e36844a657a8953ae,WBTC / WETH 0.3%,WBTC / WETH,uniswap-v3-base,aerodrome-base,69731.7788179658,70310.5459450877,71353.9410687418,69731.7788179658,70310.5459450877,70310.5459450877,82.99904820050052,82.99904820050052,-146.22810009175313,30.0,,,False,,,92.92151984768806,0.0,0.0,92.92151984768806,26967.9096,33052.2728,26967.9096,api_detail,unknown
2026-03-20 00:00:00+00:00,2,2,0,observed_spread_bps,0xc9289a5ef42eafa9e07665fcacf46127495cc222,0x27be19aff47d30d3cedc098e36844a657a8953ae,WBTC / WETH 0.3%,WBTC / WETH,uniswap-v3-base,aerodrome-base,69788.7230185405,69988.267015033,69797.7993622694,69731.7788179658,70310.5459450877,69988.267015033,28.592584569784307,82.99904820050052,27.28848968074349,30.0,,,False,,,281.1316706429669,1.3892671002484,1.3892671002484,282.5209377432153,26967.9096,33052.2728,26967.9096,api_detail,unknown
2026-03-20 01:00:00+00:00,2,2,0,observed_spread_bps,0xc9289a5ef42eafa9e07665fcacf46127495cc222,0x27be19aff47d30d3cedc098e36844a657a8953ae,WBTC / WETH 0.3%,WBTC / WETH,uniswap-v3-base,aerodrome-base,69788.7230185405,70218.3905177319,69788.7230185405,69788.7230185405,70218.3905177319,69988.267015033,61.56689513823643,61.56689513823643,28.592584569784307,30.0,,,False,,,0.0,0.742208387772426,0.0,0.742208387772426,26967.9096,33052.2728,26967.9096,api_detail,unknown
2026-03-20 02:00:00+00:00,2,2,0,observed_spread_bps,0xc9289a5ef42eafa9e07665fcacf46127495cc222,0x27be19aff47d30d3cedc098e36844a657a8953ae,WBTC / WETH 0.3%,WBTC / WETH,uniswap-v3-base,aerodrome-base,69788.7230185405,70218.3905177319,69788.7230185405,69788.7230185405,70218.3905177319,70218.3905177319,61.56689513823643,61.56689513823643,61.56689513823643,30.0,,,False,,,0.0,0.0,0.0,0.0,26967.9096,33052.2728,26967.9096,api_detail,unknown
2026-03-20 03:00:00+00:00,2,2,0,observed_spread_bps,0xc9289a5ef42eafa9e07665fcacf46127495cc222,0x27be19aff47d30d3cedc098e36844a657a8953ae,WBTC / WETH 0.3%,WBTC / WETH,uniswap-v3-base,aerodrome-base,70633.9579325252,70673.6428626615,70633.9579325252,69788.7230185405,70673.6428626615,68122.3647676141,5.618392526467453,126.79983324610956,-355.57871007460216,30.0,,,False,,,46.8402028633747,670.4041055060409,46.8402028633747,717.2443083694155,26967.9096,33052.2728,26967.9096,api_detail,unknown
2026-03-20 04:00:00+00:00,2,2,0,observed_spread_bps,0x27be19aff47d30d3cedc098e36844a657a8953ae,0xc9289a5ef42eafa9e07665fcacf46127495cc222,WBTC / WETH,WBTC / WETH 0.3%,aerodrome-base,uniswap-v3-base,70524.0190468771,70621.6527607207,70868.2960901888,70490.6514261804,72358.5432868437,70427.7066306145,13.844037132753062,264.98433804650114,-62.17017818709758,,30.0,,False,,,29.423217470147936,1256.6598360887722,29.423217470147936,1286.08305355892,33052.2728,26967.9096,26967.9096,unknown,api_detail
2026-03-20 05:00:00+00:00,2,2,0,observed_spread_bps,0xc9289a5ef42eafa9e07665fcacf46127495cc222,0x27be19aff47d30d3cedc098e36844a657a8953ae,WBTC / WETH 0.3%,WBTC / WETH,uniswap-v3-base,aerodrome-base,70508.2105047031,70524.0190468771,70621.6527607207,70484.0074901656,70524.0190468771,70524.0190468771,2.242085292032403,5.6766858378587415,-13.824897892774635,30.0,,,False,,,215.6106577423513,0.0,0.0,215.6106577423513,26967.9096,33052.2728,26967.9096,api_detail,unknown
2026-03-20 06:00:00+00:00,2,2,0,observed_spread_bps,0xc9289a5ef42eafa9e07665fcacf46127495cc222,0x27be19aff47d30d3cedc098e36844a657a8953ae,WBTC / WETH 0.3%,WBTC / WETH,uniswap-v3-base,aerodrome-base,70349.0714746663,70492.3565289157,70508.2105047031,70349.0714746663,70524.0190468771,70492.3565289157,20.367725009846627,24.86849769919308,-2.2485290257556745,30.0,,,False,,,129.38149842478086,4.20768876121098,4.20768876121098,133.58918718599185,26967.9096,33052.2728,26967.9096,api_detail,unknown
2026-03-20 07:00:00+00:00,2,2,0,observed_spread_bps,0x27be19aff47d30d3cedc098e36844a657a8953ae,0xc9289a5ef42eafa9e07665fcacf46127495cc222,WBTC / WETH,WBTC / WETH 0.3%,aerodrome-base,uniswap-v3-base,70222.2419405827,70391.1601578577,70492.3565289157,70222.2419405827,70468.2474198412,70349.0714746663,24.054802667496933,35.0324160066906,-20.32632491022257,,30.0,,False,,,5.42817930200704,739.2988479926887,5.42817930200704,744.7270272946957,33052.2728,26967.9096,26967.9096,unknown,api_detail
2026-03-20 08:00:00+00:00,2,2,0,observed_spread_bps,0x27be19aff47d30d3cedc098e36844a657a8953ae,0xc9289a5ef42eafa9e07665fcacf46127495cc222,WBTC / WETH,WBTC / WETH 0.3%,aerodrome-base,uniswap-v3-base,70888.2025363832,70906.4193469342,71091.3147962913,70222.2419405827,70929.6738832996,70391.1601578577,2.5697943944402724,100.74186228851589,-98.48666330618205,,30.0,,False,,,16.56231318206313,978.6720706010182,16.56231318206313,995.2343837830813,33052.2728,26967.9096,26967.9096,unknown,api_detail
2026-03-20 09:00:00+00:00,2,2,0,observed_spread_bps,0xc9289a5ef42eafa9e07665fcacf46127495cc222,0x27be19aff47d30d3cedc098e36844a657a8953ae,WBTC / WETH 0.3%,WBTC / WETH,uniswap-v3-base,aerodrome-base,70906.4193469342,71026.9066967121,70906.4193469342,70906.4193469342,71026.9066967121,70888.2025363832,16.992445943204704,16.992445943204704,-2.569134179778443,30.0,,,False,,,0.0,0.169044037938175,0.0,0.169044037938175,26967.9096,33052.2728,26967.9096,api_detail,unknown
2026-03-20 10:00:00+00:00,2,2,0,observed_spread_bps,0x27be19aff47d30d3cedc098e36844a657a8953ae,0xc9289a5ef42eafa9e07665fcacf46127495cc222,WBTC / WETH,WBTC / WETH 0.3%,aerodrome-base,uniswap-v3-base,70337.9363899904,70526.2831534163,71026.9066967121,70337.9363899904,70906.4193469342,70526.2831534163,26.777408194293972,80.8216712233123,-70.48364719492662,,30.0,,False,,,3.20459638192796,0.0521894495335281,0.0521894495335281,3.256785831461488,33052.2728,26967.9096,26967.9096,unknown,api_detail
2026-03-20 11:00:00+00:00,2,2,0,observed_spread_bps,0xc9289a5ef42eafa9e07665fcacf46127495cc222,0x27be19aff47d30d3cedc098e36844a657a8953ae,WBTC / WETH 0.3%,WBTC / WETH,uniswap-v3-base,aerodrome-base,70526.2831534163,70586.5346081281,70526.2831534163,70526.2831534163,70586.5346081281,70337.9363899904,8.54312066619789,8.54312066619789,-26.705896724514844,30.0,,,False,,,0.0,0.46869458979797,0.0,0.46869458979797,26967.9096,33052.2728,26967.9096,api_detail,unknown
2026-03-20 12:00:00+00:00,2,2,0,observed_spread_bps,0x27be19aff47d30d3cedc098e36844a657a8953ae,0xc9289a5ef42eafa9e07665fcacf46127495cc222,WBTC / WETH,WBTC / WETH 0.3%,aerodrome-base,uniswap-v3-base,70415.8086828837,70526.2831534163,70837.5348932946,70228.5296095001,70526.2831534163,70526.2831534163,15.688873365087286,42.39780407931492,-43.93881581948867,,30.0,,False,,,21.940394904925387,0.0,0.0,21.940394904925387,33052.2728,26967.9096,26967.9096,unknown,api_detail
2026-03-20 13:00:00+00:00,2,2,0,observed_spread_bps,0x27be19aff47d30d3cedc098e36844a657a8953ae,0xc9289a5ef42eafa9e07665fcacf46127495cc222,WBTC / WETH,WBTC / WETH 0.3%,aerodrome-base,uniswap-v3-base,70008.0036306722,70526.2831534163,70415.8086828837,69908.7846089599,70526.2831534163,70526.2831534163,74.03146724169973,88.32917750042802,15.688873365087286,,30.0,,False,,,11.65133662791689,0.0,0.0,11.65133662791689,33052.2728,26967.9096,26967.9096,unknown,api_detail
2026-03-20 14:00:00+00:00,2,2,0,observed_spread_bps,0x27be19aff47d30d3cedc098e36844a657a8953ae,0xc9289a5ef42eafa9e07665fcacf46127495cc222,WBTC / WETH,WBTC / WETH 0.3%,aerodrome-base,uniswap-v3-base,69999.1364176403,70233.4240133397,70008.0036306722,69550.8448564355,70526.2831534163,69467.7490204102,33.470069445078465,140.24823120326602,-77.17040655981444,,30.0,,False,,,27.50137979512499,1075.2845416618104,27.50137979512499,1102.7859214569353,33052.2728,26967.9096,26967.9096,unknown,api_detail
2026-03-20 15:00:00+00:00,2,2,0,observed_spread_bps,0x27be19aff47d30d3cedc098e36844a657a8953ae,0xc9289a5ef42eafa9e07665fcacf46127495cc222,WBTC / WETH,WBTC / WETH 0.3%,aerodrome-base,uniswap-v3-base,69999.1364176403,70233.4240133397,69999.1364176403,69999.1364176403,70233.4240133397,70233.4240133397,33.470069445078465,33.470069445078465,33.470069445078465,,30.0,,False,,,0.0,0.0,0.0,0.0,33052.2728,26967.9096,26967.9096,unknown,api_detail
2026-03-20 16:00:00+00:00,2,2,0,observed_spread_bps,0xc9289a5ef42eafa9e07665fcacf46127495cc222,0x27be19aff47d30d3cedc098e36844a657a8953ae,WBTC / WETH 0.3%,WBTC / WETH,uniswap-v3-base,aerodrome-base,69595.5512091197,69695.4502885172,70233.4240133397,69514.728868915,69999.1364176403,69685.4268262058,14.354233519513482,69.68415997691046,-78.02512761300284,30.0,,,False,,,528.2350894871491,14.4281872869726,14.4281872869726,542.6632767741218,26967.9096,33052.2728,26967.9096,api_detail,unknown
2026-03-20 17:00:00+00:00,2,2,0,observed_spread_bps,0xc9289a5ef42eafa9e07665fcacf46127495cc222,0x27be19aff47d30d3cedc098e36844a657a8953ae,WBTC / WETH 0.3%,WBTC / WETH,uniswap-v3-base,aerodrome-base,69595.5512091197,69695.4502885172,69595.5512091197,69595.5512091197,69695.4502885172,69695.4502885172,14.354233519513482,14.354233519513482,14.354233519513482,30.0,,,False,,,0.0,0.0,0.0,0.0,26967.9096,33052.2728,26967.9096,api_detail,unknown
2026-03-20 18:00:00+00:00,2,2,0,observed_spread_bps,0xc9289a5ef42eafa9e07665fcacf46127495cc222,0x27be19aff47d30d3cedc098e36844a657a8953ae,WBTC / WETH 0.3%,WBTC / WETH,uniswap-v3-base,aerodrome-base,69580.4217436003,69591.5832080237,69692.0157149263,69567.2278345493,69695.4502885172,69591.5832080237,1.6041099124897151,18.43144508688166,-14.410905736090829,30.0,,,False,,,244.0146734995765,4.87836998288246,4.87836998288246,248.89304348245895,26967.9096,33052.2728,26967.9096,api_detail,unknown
2026-03-20 19:00:00+00:00,2,2,0,observed_spread_bps,0xc9289a5ef42eafa9e07665fcacf46127495cc222,0x27be19aff47d30d3cedc098e36844a657a8953ae,WBTC / WETH 0.3%,WBTC / WETH,uniswap-v3-base,aerodrome-base,69622.6848690196,69702.1307872638,69792.3729838116,69580.4217436003,69788.7761509304,69524.3131213295,11.410924240231601,29.94440132856324,-38.40818860597839,30.0,,,False,,,551.8805736959893,10.87642712784091,10.87642712784091,562.7570008238301,26967.9096,33052.2728,26967.9096,api_detail,unknown
2026-03-20 20:00:00+00:00,2,2,0,observed_spread_bps,0x27be19aff47d30d3cedc098e36844a657a8953ae,0xc9289a5ef42eafa9e07665fcacf46127495cc222,WBTC / WETH,WBTC / WETH 0.3%,aerodrome-base,uniswap-v3-base,69702.1307872638,70519.5560445869,69702.1307872638,69702.1307872638,72837.4648356061,69622.6848690196,117.27407011673074,449.8189672151587,-11.397918162167064,,30.0,,False,,,0.0,0.1098364984176871,0.0,0.1098364984176871,33052.2728,26967.9096,26967.9096,unknown,api_detail
2026-03-20 21:00:00+00:00,2,2,0,observed_spread_bps,0x27be19aff47d30d3cedc098e36844a657a8953ae,0xc9289a5ef42eafa9e07665fcacf46127495cc222,WBTC / WETH,WBTC / WETH 0.3%,aerodrome-base,uniswap-v3-base,70325.7827572738,70671.589830895,70325.7827572738,69702.1307872638,70671.589830895,69940.7929415989,49.17216134155744,139.08599818706512,-54.74376545564708,,30.0,,False,,,0.22082295785784,1.608936565285292,0.22082295785784,1.829759523143132,33052.2728,26967.9096,26967.9096,unknown,api_detail
2026-03-20 22:00:00+00:00,2,2,0,observed_spread_bps,0x27be19aff47d30d3cedc098e36844a657a8953ae,0xc9289a5ef42eafa9e07665fcacf46127495cc222,WBTC / WETH,WBTC / WETH 0.3%,aerodrome-base,uniswap-v3-base,70608.8684320998,71551.6280773279,70608.8684320998,70325.7827572738,71551.6280773279,70345.9023738605,133.5185885516199,174.3095166512476,-37.242638790080385,,30.0,,False,,,0.112268100807039,337.2217248572867,0.112268100807039,337.33399295809375,33052.2728,26967.9096,26967.9096,unknown,api_detail
2026-03-20 23:00:00+00:00,2,2,0,observed_spread_bps,0x27be19aff47d30d3cedc098e36844a657a8953ae,0xc9289a5ef42eafa9e07665fcacf46127495cc222,WBTC / WETH,WBTC / WETH 0.3%,aerodrome-base,uniswap-v3-base,70608.8684320998,71551.6280773279,70608.8684320998,70608.8684320998,71551.6280773279,71551.6280773279,133.5185885516199,133.5185885516199,133.5185885516199,,30.0,,False,,,0.0,0.0,0.0,0.0,33052.2728,26967.9096,26967.9096,unknown,api_detail
2026-03-21 00:00:00+00:00,2,2,0,observed_spread_bps,0x27be19aff47d30d3cedc098e36844a657a8953ae,0xc9289a5ef42eafa9e07665fcacf46127495cc222,WBTC / WETH,WBTC / WETH 0.3%,aerodrome-base,uniswap-v3-base,70464.3199576337,71551.6280773279,70608.8684320998,70464.3199576337,71551.6280773279,71551.6280773279,154.306196433589,154.306196433589,133.5185885516199,,30.0,,False,,,0.060599315163565,0.0,0.0,0.060599315163565,33052.2728,26967.9096,26967.9096,unknown,api_detail
2026-03-21 01:00:00+00:00,2,2,0,observed_spread_bps,0x27be19aff47d30d3cedc098e36844a657a8953ae,0xc9289a5ef42eafa9e07665fcacf46127495cc222,WBTC / WETH,WBTC / WETH 0.3%,aerodrome-base,uniswap-v3-base,70566.2886611962,71551.6280773279,70566.2886611962,70464.3199576337,71551.6280773279,71551.6280773279,139.63316405408932,154.306196433589,139.63316405408932,,30.0,,False,,,0.202525248457633,0.0,0.0,0.202525248457633,33052.2728,26967.9096,26967.9096,unknown,api_detail
2026-03-21 02:00:00+00:00,2,2,0,observed_spread_bps,0x27be19aff47d30d3cedc098e36844a657a8953ae,0xc9289a5ef42eafa9e07665fcacf46127495cc222,WBTC / WETH,WBTC / WETH 0.3%,aerodrome-base,uniswap-v3-base,70566.2886611962,71551.6280773279,70566.2886611962,70566.2886611962,71551.6280773279,71551.6280773279,139.63316405408932,139.63316405408932,139.63316405408932,,30.0,,False,,,0.0,0.0,0.0,0.0,33052.2728,26967.9096,26967.9096,unknown,api_detail
2026-03-21 03:00:00+00:00,2,2,0,observed_spread_bps,0x27be19aff47d30d3cedc098e36844a657a8953ae,0xc9289a5ef42eafa9e07665fcacf46127495cc222,WBTC / WETH,WBTC / WETH 0.3%,aerodrome-base,uniswap-v3-base,70566.2886611962,72341.8347755711,70566.2886611962,70566.2886611962,72341.8347755711,71551.6280773279,251.61392898238822,251.61392898238822,139.63316405408932,,30.0,,False,,,0.0,0.0166386219983814,0.0,0.0166386219983814,33052.2728,26967.9096,26967.9096,unknown,api_detail
2026-03-21 04:00:00+00:00,2,2,0,observed_spread_bps,0x27be19aff47d30d3cedc098e36844a657a8953ae,0xc9289a5ef42eafa9e07665fcacf46127495cc222,WBTC / WETH,WBTC / WETH 0.3%,aerodrome-base,uniswap-v3-base,70566.2886611962,72341.8347755711,70566.2886611962,70566.2886611962,72341.8347755711,72341.8347755711,251.61392898238822,251.61392898238822,251.61392898238822,,30.0,,False,,,0.0,0.0,0.0,0.0,33052.2728,26967.9096,26967.9096,unknown,api_detail
2026-03-21 05:00:00+00:00,2,2,0,observed_spread_bps,0x27be19aff47d30d3cedc098e36844a657a8953ae,0xc9289a5ef42eafa9e07665fcacf46127495cc222,WBTC / WETH,WBTC / WETH 0.3%,aerodrome-base,uniswap-v3-base,70566.2886611962,72341.8347755711,70566.2886611962,70566.2886611962,72341.8347755711,72341.8347755711,251.61392898238822,251.61392898238822,251.61392898238822,,30.0,,False,,,0.0,0.0,0.0,0.0,33052.2728,26967.9096,26967.9096,unknown,api_detail
2026-03-21 06:00:00+00:00,2,2,0,observed_spread_bps,0x27be19aff47d30d3cedc098e36844a657a8953ae,0xc9289a5ef42eafa9e07665fcacf46127495cc222,WBTC / WETH,WBTC / WETH 0.3%,aerodrome-base,uniswap-v3-base,70566.2886611962,72341.8347755711,70566.2886611962,70566.2886611962,72341.8347755711,72341.8347755711,251.61392898238822,251.61392898238822,251.61392898238822,,30.0,,False,,,0.0,0.0,0.0,0.0,33052.2728,26967.9096,26967.9096,unknown,api_detail
2026-03-21 07:00:00+00:00,2,2,0,observed_spread_bps,0x27be19aff47d30d3cedc098e36844a657a8953ae,0xc9289a5ef42eafa9e07665fcacf46127495cc222,WBTC / WETH,WBTC / WETH 0.3%,aerodrome-base,uniswap-v3-base,70566.2886611962,72341.8347755711,70566.2886611962,70566.2886611962,72341.8347755711,72341.8347755711,251.61392898238822,251.61392898238822,251.61392898238822,,30.0,,False,,,0.0,0.0,0.0,0.0,33052.2728,26967.9096,26967.9096,unknown,api_detail
2026-03-21 08:00:00+00:00,2,2,0,observed_spread_bps,0x27be19aff47d30d3cedc098e36844a657a8953ae,0xc9289a5ef42eafa9e07665fcacf46127495cc222,WBTC / WETH,WBTC / WETH 0.3%,aerodrome-base,uniswap-v3-base,70566.2886611962,72341.8347755711,70566.2886611962,70566.2886611962,72341.8347755711,72341.8347755711,251.61392898238822,251.61392898238822,251.61392898238822,,30.0,,False,,,0.0,0.0,0.0,0.0,33052.2728,26967.9096,26967.9096,unknown,api_detail
2026-03-21 09:00:00+00:00,2,2,0,observed_spread_bps,0x27be19aff47d30d3cedc098e36844a657a8953ae,0xc9289a5ef42eafa9e07665fcacf46127495cc222,WBTC / WETH,WBTC / WETH 0.3%,aerodrome-base,uniswap-v3-base,70566.2886611962,72341.8347755711,70566.2886611962,70566.2886611962,72341.8347755711,72341.8347755711,251.61392898238822,251.61392898238822,251.61392898238822,,30.0,,False,,,0.0,0.0,0.0,0.0,33052.2728,26967.9096,26967.9096,unknown,api_detail
2026-03-21 10:00:00+00:00,2,2,0,observed_spread_bps,0x27be19aff47d30d3cedc098e36844a657a8953ae,0xc9289a5ef42eafa9e07665fcacf46127495cc222,WBTC / WETH,WBTC / WETH 0.3%,aerodrome-base,uniswap-v3-base,70504.3414196018,72341.8347755711,70566.2886611962,70333.452215818,72341.8347755711,72341.8347755711,260.6213062871676,285.5515400538544,251.61392898238822,,30.0,,False,,,0.419575293698864,0.0,0.0,0.419575293698864,33052.2728,26967.9096,26967.9096,unknown,api_detail
2026-03-21 11:00:00+00:00,2,2,0,observed_spread_bps,0x27be19aff47d30d3cedc098e36844a657a8953ae,0xc9289a5ef42eafa9e07665fcacf46127495cc222,WBTC / WETH,WBTC / WETH 0.3%,aerodrome-base,uniswap-v3-base,70504.3414196018,71477.5037272219,70504.3414196018,70504.3414196018,72341.8347755711,71477.5037272219,138.02870688889968,260.6213062871676,138.02870688889968,,30.0,,False,,,0.0,0.0100068505218111,0.0,0.0100068505218111,33052.2728,26967.9096,26967.9096,unknown,api_detail
2026-03-21 12:00:00+00:00,2,2,0,observed_spread_bps,0x27be19aff47d30d3cedc098e36844a657a8953ae,0xc9289a5ef42eafa9e07665fcacf46127495cc222,WBTC / WETH,WBTC / WETH 0.3%,aerodrome-base,uniswap-v3-base,70504.3414196018,71477.5037272219,70504.3414196018,70504.3414196018,71477.5037272219,71477.5037272219,138.02870688889968,138.02870688889968,138.02870688889968,,30.0,,False,,,0.0,0.0,0.0,0.0,33052.2728,26967.9096,26967.9096,unknown,api_detail
2026-03-21 13:00:00+00:00,2,2,0,observed_spread_bps,0x27be19aff47d30d3cedc098e36844a657a8953ae,0xc9289a5ef42eafa9e07665fcacf46127495cc222,WBTC / WETH,WBTC / WETH 0.3%,aerodrome-base,uniswap-v3-base,70504.3414196018,71477.5037272219,70504.3414196018,70504.3414196018,71477.5037272219,71477.5037272219,138.02870688889968,138.02870688889968,138.02870688889968,,30.0,,False,,,0.0,0.0,0.0,0.0,33052.2728,26967.9096,26967.9096,unknown,api_detail
2026-03-21 14:00:00+00:00,2,2,0,observed_spread_bps,0x27be19aff47d30d3cedc098e36844a657a8953ae,0xc9289a5ef42eafa9e07665fcacf46127495cc222,WBTC / WETH,WBTC / WETH 0.3%,aerodrome-base,uniswap-v3-base,70504.3414196018,71477.5037272219,70504.3414196018,70504.3414196018,71477.5037272219,71477.5037272219,138.02870688889968,138.02870688889968,138.02870688889968,,30.0,,False,,,0.0,0.0,0.0,0.0,33052.2728,26967.9096,26967.9096,unknown,api_detail
2026-03-21 15:00:00+00:00,2,2,0,observed_spread_bps,0x27be19aff47d30d3cedc098e36844a657a8953ae,0xc9289a5ef42eafa9e07665fcacf46127495cc222,WBTC / WETH,WBTC / WETH 0.3%,aerodrome-base,uniswap-v3-base,70504.3414196018,71477.5037272219,70504.3414196018,70504.3414196018,71477.5037272219,71477.5037272219,138.02870688889968,138.02870688889968,138.02870688889968,,30.0,,False,,,0.0,0.0,0.0,0.0,33052.2728,26967.9096,26967.9096,unknown,api_detail
2026-03-21 16:00:00+00:00,2,2,0,observed_spread_bps,0xc9289a5ef42eafa9e07665fcacf46127495cc222,0x27be19aff47d30d3cedc098e36844a657a8953ae,WBTC / WETH 0.3%,WBTC / WETH,uniswap-v3-base,aerodrome-base,70079.7032434888,70504.3414196018,71477.5037272219,70079.7032434888,70504.3414196018,70504.3414196018,60.59360363408261,60.59360363408261,-136.1494535866792,30.0,,,False,,,560.63762594791,0.0,0.0,560.63762594791,26967.9096,33052.2728,26967.9096,api_detail,unknown
2026-03-21 17:00:00+00:00,2,2,0,observed_spread_bps,0xc9289a5ef42eafa9e07665fcacf46127495cc222,0x27be19aff47d30d3cedc098e36844a657a8953ae,WBTC / WETH 0.3%,WBTC / WETH,uniswap-v3-base,aerodrome-base,70079.7032434888,70504.3414196018,70079.7032434888,70079.7032434888,70504.3414196018,70504.3414196018,60.59360363408261,60.59360363408261,60.59360363408261,30.0,,,False,,,0.0,0.0,0.0,0.0,26967.9096,33052.2728,26967.9096,api_detail,unknown
2026-03-21 18:00:00+00:00,2,2,0,observed_spread_bps,0xc9289a5ef42eafa9e07665fcacf46127495cc222,0x27be19aff47d30d3cedc098e36844a657a8953ae,WBTC / WETH 0.3%,WBTC / WETH,uniswap-v3-base,aerodrome-base,70079.7032434888,70504.3414196018,70079.7032434888,70079.7032434888,70504.3414196018,70504.3414196018,60.59360363408261,60.59360363408261,60.59360363408261,30.0,,,False,,,0.0,0.0,0.0,0.0,26967.9096,33052.2728,26967.9096,api_detail,unknown
2026-03-21 19:00:00+00:00,2,2,0,observed_spread_bps,0xc9289a5ef42eafa9e07665fcacf46127495cc222,0x27be19aff47d30d3cedc098e36844a657a8953ae,WBTC / WETH 0.3%,WBTC / WETH,uniswap-v3-base,aerodrome-base,70079.7032434888,70504.3414196018,70079.7032434888,70079.7032434888,70504.3414196018,70504.3414196018,60.59360363408261,60.59360363408261,60.59360363408261,30.0,,,False,,,0.0,0.0,0.0,0.0,26967.9096,33052.2728,26967.9096,api_detail,unknown
2026-03-21 20:00:00+00:00,2,2,0,observed_spread_bps,0xc9289a5ef42eafa9e07665fcacf46127495cc222,0x27be19aff47d30d3cedc098e36844a657a8953ae,WBTC / WETH 0.3%,WBTC / WETH,uniswap-v3-base,aerodrome-base,70218.1051439986,70254.4155020468,70218.1051439986,70079.7032434888,70504.3414196018,70254.4155020468,5.171082012784822,60.59360363408261,5.171082012784822,30.0,,,False,,,4.3619486915452,4.52649199079688,4.3619486915452,8.888440682342079,26967.9096,33052.2728,26967.9096,api_detail,unknown
2026-03-21 21:00:00+00:00,2,2,0,observed_spread_bps,0xc9289a5ef42eafa9e07665fcacf46127495cc222,0x27be19aff47d30d3cedc098e36844a657a8953ae,WBTC / WETH 0.3%,WBTC / WETH,uniswap-v3-base,aerodrome-base,70225.1275353217,70283.6755174583,71565.2542589689,70218.1051439986,70283.6755174583,70254.4155020468,8.337184166329337,9.33810066865659,-183.1669251364132,30.0,,,False,,,119.16223329984656,6.97073493782151,6.97073493782151,126.13296823766807,26967.9096,33052.2728,26967.9096,api_detail,unknown
2026-03-21 22:00:00+00:00,2,2,0,observed_spread_bps,0xc9289a5ef42eafa9e07665fcacf46127495cc222,0x27be19aff47d30d3cedc098e36844a657a8953ae,WBTC / WETH 0.3%,WBTC / WETH,uniswap-v3-base,aerodrome-base,70225.1275353217,70309.4363571565,70225.1275353217,70225.1275353217,70309.4363571565,70283.6755174583,12.005506404013655,12.005506404013655,8.337184166329337,30.0,,,False,,,0.0,0.165930269802889,0.0,0.165930269802889,26967.9096,33052.2728,26967.9096,api_detail,unknown
2026-03-21 23:00:00+00:00,2,2,0,observed_spread_bps,0xc9289a5ef42eafa9e07665fcacf46127495cc222,0x27be19aff47d30d3cedc098e36844a657a8953ae,WBTC / WETH 0.3%,WBTC / WETH,uniswap-v3-base,aerodrome-base,68633.7728715305,68660.6780123829,70225.1275353217,68605.9210297528,70309.4363571565,68660.6780123829,3.920102265506653,248.3044177287441,-222.77631637648955,30.0,,,False,,,3410.16836852749,52.71612912042542,52.71612912042542,3462.884497647916,26967.9096,33052.2728,26967.9096,api_detail,unknown
2026-03-22 00:00:00+00:00,2,2,0,observed_spread_bps,0x27be19aff47d30d3cedc098e36844a657a8953ae,0xc9289a5ef42eafa9e07665fcacf46127495cc222,WBTC / WETH,WBTC / WETH 0.3%,aerodrome-base,uniswap-v3-base,68271.2796653205,68788.211228082,68744.0470772974,68271.2796653205,71168.4062078314,68015.0430005396,75.71728042825576,424.3550958343234,-106.04613893884896,,30.0,,False,,,26.98331720360744,1322.384535686089,26.98331720360744,1349.3678528896965,33052.2728,26967.9096,26967.9096,unknown,api_detail
2026-03-22 01:00:00+00:00,2,2,0,observed_spread_bps,0xc9289a5ef42eafa9e07665fcacf46127495cc222,0x27be19aff47d30d3cedc098e36844a657a8953ae,WBTC / WETH 0.3%,WBTC / WETH,uniswap-v3-base,aerodrome-base,68761.3961198969,68921.282124474,68800.6835732358,68761.3961198969,68921.282124474,68271.2796653205,23.252291779869427,23.252291779869427,-76.94747790576328,30.0,,,False,,,325.6683057525607,0.0289469384922791,0.0289469384922791,325.69725269105294,26967.9096,33052.2728,26967.9096,api_detail,unknown
2026-03-22 02:00:00+00:00,2,2,0,observed_spread_bps,0xc9289a5ef42eafa9e07665fcacf46127495cc222,0x27be19aff47d30d3cedc098e36844a657a8953ae,WBTC / WETH 0.3%,WBTC / WETH,uniswap-v3-base,aerodrome-base,68990.0829977283,69306.0276407724,69024.7851300819,68761.3961198969,69306.0276407724,68871.4997995937,45.79566066828855,79.20600098430874,-22.20728832394436,30.0,,,False,,,617.1311493896994,16.485225317619832,16.485225317619832,633.6163747073192,26967.9096,33052.2728,26967.9096,api_detail,unknown
2026-03-22 03:00:00+00:00,2,2,0,observed_spread_bps,0xc9289a5ef42eafa9e07665fcacf46127495cc222,0x27be19aff47d30d3cedc098e36844a657a8953ae,WBTC / WETH 0.3%,WBTC / WETH,uniswap-v3-base,aerodrome-base,69121.6689501929,69144.5913904547,69285.42742104,68990.0829977283,69349.0877223949,69144.5913904547,3.31624519632312,52.03714926367509,-20.326933935105316,30.0,,,False,,,2299.657007131359,48.349674263283426,48.349674263283426,2348.0066813946423,26967.9096,33052.2728,26967.9096,api_detail,unknown
2026-03-22 04:00:00+00:00,2,2,0,observed_spread_bps,0x27be19aff47d30d3cedc098e36844a657a8953ae,0xc9289a5ef42eafa9e07665fcacf46127495cc222,WBTC / WETH,WBTC / WETH 0.3%,aerodrome-base,uniswap-v3-base,69144.5913904547,69166.750298666,69144.5913904547,69144.5913904547,69193.62759739,69121.6689501929,3.2047203932639157,7.091835521653156,-3.3151458126867706,,30.0,,False,,,0.0,156.2543922183919,0.0,156.2543922183919,33052.2728,26967.9096,26967.9096,unknown,api_detail
2026-03-22 05:00:00+00:00,2,2,0,observed_spread_bps,0xc9289a5ef42eafa9e07665fcacf46127495cc222,0x27be19aff47d30d3cedc098e36844a657a8953ae,WBTC / WETH 0.3%,WBTC / WETH,uniswap-v3-base,aerodrome-base,69078.2139815488,69184.4112904882,69166.750298666,69078.2139815488,69184.4112904882,69144.5913904547,15.373487937566654,15.373487937566654,-3.2036936990109677,30.0,,,False,,,251.23333808230785,6.28540376574085,6.28540376574085,257.5187418480487,26967.9096,33052.2728,26967.9096,api_detail,unknown
2026-03-22 06:00:00+00:00,2,2,0,observed_spread_bps,0xc9289a5ef42eafa9e07665fcacf46127495cc222,0x27be19aff47d30d3cedc098e36844a657a8953ae,WBTC / WETH 0.3%,WBTC / WETH,uniswap-v3-base,aerodrome-base,69078.2139815488,69090.1892710309,69078.2139815488,69078.2139815488,69184.4112904882,69090.1892710309,1.7335841203558466,15.373487937566654,1.7335841203558466,30.0,,,False,,,0.0,0.149925710718137,0.0,0.149925710718137,26967.9096,33052.2728,26967.9096,api_detail,unknown
2026-03-22 07:00:00+00:00,2,2,0,observed_spread_bps,0xc9289a5ef42eafa9e07665fcacf46127495cc222,0x27be19aff47d30d3cedc098e36844a657a8953ae,WBTC / WETH 0.3%,WBTC / WETH,uniswap-v3-base,aerodrome-base,68881.8319026972,68899.1965233555,69078.2139815488,68862.1971081502,69090.1892710309,68899.1965233555,2.5209289849925653,33.1084647971136,-25.915183366079788,30.0,,,False,,,327.5558303068441,0.582198210622354,0.582198210622354,328.13802851746647,26967.9096,33052.2728,26967.9096,api_detail,unknown
2026-03-22 08:00:00+00:00,2,2,0,observed_spread_bps,0x27be19aff47d30d3cedc098e36844a657a8953ae,0xc9289a5ef42eafa9e07665fcacf46127495cc222,WBTC / WETH,WBTC / WETH 0.3%,aerodrome-base,uniswap-v3-base,68801.913738615,68891.9935997172,68899.1965233555,68664.165468959,68891.9935997172,68672.3456041786,13.092638882752361,33.180062584636794,-32.92504566435706,,30.0,,False,,,42.329915003713076,2058.034677331541,42.329915003713076,2100.364592335254,33052.2728,26967.9096,26967.9096,unknown,api_detail
2026-03-22 09:00:00+00:00,2,2,0,observed_spread_bps,0xc9289a5ef42eafa9e07665fcacf46127495cc222,0x27be19aff47d30d3cedc098e36844a657a8953ae,WBTC / WETH 0.3%,WBTC / WETH,uniswap-v3-base,aerodrome-base,68642.5499024859,68801.913738615,68894.44879046,68642.5499024859,68801.913738615,68801.913738615,23.216479626047004,23.216479626047004,-13.431423499220552,30.0,,,False,,,129.997905892187,0.0,0.0,129.997905892187,26967.9096,33052.2728,26967.9096,api_detail,unknown
2026-03-22 10:00:00+00:00,2,2,0,observed_spread_bps,0xc9289a5ef42eafa9e07665fcacf46127495cc222,0x27be19aff47d30d3cedc098e36844a657a8953ae,WBTC / WETH 0.3%,WBTC / WETH,uniswap-v3-base,aerodrome-base,68642.5499024859,68801.913738615,68642.5499024859,68642.5499024859,68801.913738615,68801.913738615,23.216479626047004,23.216479626047004,23.216479626047004,30.0,,,False,,,0.0,0.0,0.0,0.0,26967.9096,33052.2728,26967.9096,api_detail,unknown
2026-03-22 11:00:00+00:00,2,2,0,observed_spread_bps,0x27be19aff47d30d3cedc098e36844a657a8953ae,0xc9289a5ef42eafa9e07665fcacf46127495cc222,WBTC / WETH,WBTC / WETH 0.3%,aerodrome-base,uniswap-v3-base,68519.4750781303,68642.5499024859,68801.913738615,68515.4623637489,68642.5499024859,68642.5499024859,17.96202090212473,18.54873839459703,-23.162703981539636,,30.0,,False,,,0.613230672498259,0.0,0.0,0.613230672498259,33052.2728,26967.9096,26967.9096,unknown,api_detail
2026-03-22 12:00:00+00:00,2,2,0,observed_spread_bps,0x27be19aff47d30d3cedc098e36844a657a8953ae,0xc9289a5ef42eafa9e07665fcacf46127495cc222,WBTC / WETH,WBTC / WETH 0.3%,aerodrome-base,uniswap-v3-base,68519.4750781303,68521.3400205544,68519.4750781303,68519.4750781303,68642.5499024859,68521.3400205544,0.27217698646664346,17.96202090212473,0.27217698646664346,,30.0,,False,,,0.0,0.0705769802211711,0.0,0.0705769802211711,33052.2728,26967.9096,26967.9096,unknown,api_detail
2026-03-22 13:00:00+00:00,2,2,0,observed_spread_bps,0x27be19aff47d30d3cedc098e36844a657a8953ae,0xc9289a5ef42eafa9e07665fcacf46127495cc222,WBTC / WETH,WBTC / WETH 0.3%,aerodrome-base,uniswap-v3-base,68582.9531562542,68664.8660103132,68582.9531562542,68519.4750781303,68664.8660103132,68521.3400205544,11.943617224003944,21.218920900534233,-8.983739087382592,,30.0,,False,,,0.36691879938596,11.8955013876267,0.36691879938596,12.26242018701266,33052.2728,26967.9096,26967.9096,unknown,api_detail
2026-03-22 14:00:00+00:00,2,2,0,observed_spread_bps,0x27be19aff47d30d3cedc098e36844a657a8953ae,0xc9289a5ef42eafa9e07665fcacf46127495cc222,WBTC / WETH,WBTC / WETH 0.3%,aerodrome-base,uniswap-v3-base,68582.9531562542,68786.3639765929,68582.9531562542,68582.9531562542,68786.3639765929,68664.8660103132,29.65909325532534,29.65909325532534,11.943617224003944,,30.0,,False,,,0.0,101.667621684684,0.0,101.667621684684,33052.2728,26967.9096,26967.9096,unknown,api_detail
2026-03-22 15:00:00+00:00,2,2,0,observed_spread_bps,0x27be19aff47d30d3cedc098e36844a657a8953ae,0xc9289a5ef42eafa9e07665fcacf46127495cc222,WBTC / WETH,WBTC / WETH 0.3%,aerodrome-base,uniswap-v3-base,68653.5204920536,68801.8227596295,68653.5204920536,68582.9531562542,68801.8227596295,68767.5721203256,21.601553207029056,31.913120287581087,16.612640903854725,,30.0,,False,,,5.07212209395292,436.2667541935356,5.07212209395292,441.3388762874885,33052.2728,26967.9096,26967.9096,unknown,api_detail
2026-03-22 16:00:00+00:00,2,2,0,observed_spread_bps,0x27be19aff47d30d3cedc098e36844a657a8953ae,0xc9289a5ef42eafa9e07665fcacf46127495cc222,WBTC / WETH,WBTC / WETH 0.3%,aerodrome-base,uniswap-v3-base,68653.5204920536,68801.8227596295,68653.5204920536,68653.5204920536,68801.8227596295,68801.8227596295,21.601553207029056,21.601553207029056,21.601553207029056,,30.0,,False,,,0.0,0.0,0.0,0.0,33052.2728,26967.9096,26967.9096,unknown,api_detail
2026-03-22 17:00:00+00:00,2,2,0,observed_spread_bps,0x27be19aff47d30d3cedc098e36844a657a8953ae,0xc9289a5ef42eafa9e07665fcacf46127495cc222,WBTC / WETH,WBTC / WETH 0.3%,aerodrome-base,uniswap-v3-base,68653.5204920536,68801.8227596295,68653.5204920536,68653.5204920536,68801.8227596295,68801.8227596295,21.601553207029056,21.601553207029056,21.601553207029056,,30.0,,False,,,0.0,0.0,0.0,0.0,33052.2728,26967.9096,26967.9096,unknown,api_detail
2026-03-22 18:00:00+00:00,2,2,0,observed_spread_bps,0x27be19aff47d30d3cedc098e36844a657a8953ae,0xc9289a5ef42eafa9e07665fcacf46127495cc222,WBTC / WETH,WBTC / WETH 0.3%,aerodrome-base,uniswap-v3-base,68370.592703371,68621.9804145403,68653.5204920536,68370.592703371,68801.8227596295,68512.4148187337,36.768397234752115,63.072446677390204,-20.553304813587523,,30.0,,False,,,17.94781720461167,859.328088244832,17.94781720461167,877.2759054494436,33052.2728,26967.9096,26967.9096,unknown,api_detail
2026-03-22 19:00:00+00:00,2,2,0,observed_spread_bps,0xc9289a5ef42eafa9e07665fcacf46127495cc222,0x27be19aff47d30d3cedc098e36844a657a8953ae,WBTC / WETH 0.3%,WBTC / WETH,uniswap-v3-base,aerodrome-base,67798.5086736266,68556.8798197096,68621.9804145403,67798.5086736266,68556.8798197096,68370.592703371,111.85661173370498,111.85661173370498,-36.63370098774266,30.0,,,False,,,76.29561997829721,10.4275014205778,10.4275014205778,86.72312139887501,26967.9096,33052.2728,26967.9096,api_detail,unknown
2026-03-22 20:00:00+00:00,2,2,0,observed_spread_bps,0x27be19aff47d30d3cedc098e36844a657a8953ae,0xc9289a5ef42eafa9e07665fcacf46127495cc222,WBTC / WETH,WBTC / WETH 0.3%,aerodrome-base,uniswap-v3-base,68556.8798197096,68811.4363025,68556.8798197096,68556.8798197096,68811.4363025,67798.5086736266,37.13069840106886,37.13069840106886,-110.61926214806839,,30.0,,False,,,0.0,0.075004465569725,0.0,0.075004465569725,33052.2728,26967.9096,26967.9096,unknown,api_detail
2026-03-22 21:00:00+00:00,2,2,0,observed_spread_bps,0x27be19aff47d30d3cedc098e36844a657a8953ae,0xc9289a5ef42eafa9e07665fcacf46127495cc222,WBTC / WETH,WBTC / WETH 0.3%,aerodrome-base,uniswap-v3-base,67512.5263947527,67749.8816039106,68556.8798197096,67512.5263947527,68811.4363025,67749.8816039106,35.1572103479092,192.39539343446356,-117.71221472173798,,30.0,,False,,,21.33376294463759,525.609011161628,21.33376294463759,546.9427741062656,33052.2728,26967.9096,26967.9096,unknown,api_detail
2026-03-22 22:00:00+00:00,2,2,0,observed_spread_bps,0x27be19aff47d30d3cedc098e36844a657a8953ae,0xc9289a5ef42eafa9e07665fcacf46127495cc222,WBTC / WETH,WBTC / WETH 0.3%,aerodrome-base,uniswap-v3-base,67512.5263947527,68096.9859299181,67512.5263947527,67512.5263947527,68096.9859299181,67749.8816039106,86.57053237024482,86.57053237024482,35.1572103479092,,30.0,,False,,,0.0,0.0776305639601066,0.0,0.0776305639601066,33052.2728,26967.9096,26967.9096,unknown,api_detail
2026-03-22 23:00:00+00:00,2,2,0,observed_spread_bps,0xc9289a5ef42eafa9e07665fcacf46127495cc222,0x27be19aff47d30d3cedc098e36844a657a8953ae,WBTC / WETH 0.3%,WBTC / WETH,uniswap-v3-base,aerodrome-base,68000.2611689158,68172.6957948644,68204.5991259374,67999.742740987,68172.6957948644,67512.5263947527,25.357935835021994,25.434368852861322,-101.4700973327054,30.0,,,False,,,425.085853687548,9.70711015423075,9.70711015423075,434.79296384177877,26967.9096,33052.2728,26967.9096,api_detail,unknown
2026-03-23 00:00:00+00:00,2,2,0,observed_spread_bps,0xc9289a5ef42eafa9e07665fcacf46127495cc222,0x27be19aff47d30d3cedc098e36844a657a8953ae,WBTC / WETH 0.3%,WBTC / WETH,uniswap-v3-base,aerodrome-base,68000.2611689158,68172.6957948644,68000.2611689158,68000.2611689158,68172.6957948644,68172.6957948644,25.357935835021994,25.357935835021994,25.357935835021994,30.0,,,False,,,0.0,0.0,0.0,0.0,26967.9096,33052.2728,26967.9096,api_detail,unknown
2026-03-23 01:00:00+00:00,2,2,0,observed_spread_bps,0xc9289a5ef42eafa9e07665fcacf46127495cc222,0x27be19aff47d30d3cedc098e36844a657a8953ae,WBTC / WETH 0.3%,WBTC / WETH,uniswap-v3-base,aerodrome-base,68014.2926566657,69032.7288956422,68038.4956874106,68000.2611689158,69231.7501707655,67940.196073829,149.7385621750924,181.1006282447414,-14.44764652546282,30.0,,,False,,,215.84749015594318,507.1588989196474,215.84749015594318,723.0063890755906,26967.9096,33052.2728,26967.9096,api_detail,unknown
2026-03-23 02:00:00+00:00,2,2,0,observed_spread_bps,0x27be19aff47d30d3cedc098e36844a657a8953ae,0xc9289a5ef42eafa9e07665fcacf46127495cc222,WBTC / WETH,WBTC / WETH 0.3%,aerodrome-base,uniswap-v3-base,66623.8876785356,67937.9904300829,69032.7288956422,66619.7221243927,68014.2926566657,67926.6144701159,197.2419799168623,209.33298545872782,-160.2304360875584,,30.0,,False,,,470.4320772916903,346.0840416198407,346.0840416198407,816.5161189115311,33052.2728,26967.9096,26967.9096,unknown,api_detail
2026-03-23 03:00:00+00:00,2,2,0,observed_spread_bps,0x27be19aff47d30d3cedc098e36844a657a8953ae,0xc9289a5ef42eafa9e07665fcacf46127495cc222,WBTC / WETH,WBTC / WETH 0.3%,aerodrome-base,uniswap-v3-base,68080.636268442,70202.9316256227,68080.636268442,66623.8876785356,70202.9316256227,67937.9904300829,311.7325973295082,537.2013059874581,-20.952483140236346,,30.0,,False,,,14.88492964980247,0.0161466742738932,0.0161466742738932,14.901076324076362,33052.2728,26967.9096,26967.9096,unknown,api_detail
2026-03-23 04:00:00+00:00,2,2,0,observed_spread_bps,0x27be19aff47d30d3cedc098e36844a657a8953ae,0xc9289a5ef42eafa9e07665fcacf46127495cc222,WBTC / WETH,WBTC / WETH 0.3%,aerodrome-base,uniswap-v3-base,68080.636268442,68257.8502029439,68080.636268442,68080.636268442,70202.9316256227,68212.5881172934,26.03000562496849,311.7325973295082,19.38170030184816,,30.0,,False,,,0.0,193.1272326027609,0.0,193.1272326027609,33052.2728,26967.9096,26967.9096,unknown,api_detail
2026-03-23 05:00:00+00:00,2,2,0,observed_spread_bps,0x27be19aff47d30d3cedc098e36844a657a8953ae,0xc9289a5ef42eafa9e07665fcacf46127495cc222,WBTC / WETH,WBTC / WETH 0.3%,aerodrome-base,uniswap-v3-base,68506.1298076923,68562.1792979091,68676.5420471648,68080.636268442,68654.1570880796,68257.8502029439,8.181675183540627,84.24140123723501,-60.965772553509545,,30.0,,False,,,20.92966497364391,692.1040506258162,20.92966497364391,713.03371559946,33052.2728,26967.9096,26967.9096,unknown,api_detail
2026-03-23 06:00:00+00:00,2,2,0,observed_spread_bps,0x27be19aff47d30d3cedc098e36844a657a8953ae,0xc9289a5ef42eafa9e07665fcacf46127495cc222,WBTC / WETH,WBTC / WETH 0.3%,aerodrome-base,uniswap-v3-base,68309.5669438001,68330.8393271275,68524.2174489583,68301.5480465838,68615.453217667,68308.8068458201,3.114114798135059,45.958719832983604,-31.43568962296395,,30.0,,False,,,28.30441283094831,800.4195337803599,28.30441283094831,828.7239466113082,33052.2728,26967.9096,26967.9096,unknown,api_detail
2026-03-23 07:00:00+00:00,2,2,0,observed_spread_bps,0x27be19aff47d30d3cedc098e36844a657a8953ae,0xc9289a5ef42eafa9e07665fcacf46127495cc222,WBTC / WETH,WBTC / WETH 0.3%,aerodrome-base,uniswap-v3-base,67734.7621241709,68732.5619467411,68309.5669438001,67734.7621241709,68732.5619467411,68330.8393271275,147.30985852449584,147.30985852449584,3.114114798135059,,30.0,,False,,,0.700377440363927,0.0481127933627188,0.0481127933627188,0.7484902337266458,33052.2728,26967.9096,26967.9096,unknown,api_detail
2026-03-23 08:00:00+00:00,2,2,0,observed_spread_bps,0x27be19aff47d30d3cedc098e36844a657a8953ae,0xc9289a5ef42eafa9e07665fcacf46127495cc222,WBTC / WETH,WBTC / WETH 0.3%,aerodrome-base,uniswap-v3-base,67734.7621241709,68732.5619467411,67734.7621241709,67734.7621241709,68732.5619467411,68732.5619467411,147.30985852449584,147.30985852449584,147.30985852449584,,30.0,,False,,,0.0,0.0,0.0,0.0,33052.2728,26967.9096,26967.9096,unknown,api_detail
2026-03-23 09:00:00+00:00,2,2,0,observed_spread_bps,0x27be19aff47d30d3cedc098e36844a657a8953ae,0xc9289a5ef42eafa9e07665fcacf46127495cc222,WBTC / WETH,WBTC / WETH 0.3%,aerodrome-base,uniswap-v3-base,68132.190802871,68216.775139126,68132.190802871,67734.7621241709,68732.5619467411,68216.775139126,12.414738944726,147.30985852449584,12.414738944726,,30.0,,False,,,8.16072673817367,273.2625046352303,8.16072673817367,281.42323137340395,33052.2728,26967.9096,26967.9096,unknown,api_detail
2026-03-23 10:00:00+00:00,2,2,0,observed_spread_bps,0x27be19aff47d30d3cedc098e36844a657a8953ae,0xc9289a5ef42eafa9e07665fcacf46127495cc222,WBTC / WETH,WBTC / WETH 0.3%,aerodrome-base,uniswap-v3-base,68281.3294783036,68326.5113816794,68281.3294783036,68132.190802871,68433.2168441206,68062.3906049343,6.61702162523925,44.182645193453496,-32.06423703845162,,30.0,,False,,,3.19693184617417,158.5041115956528,3.19693184617417,161.70104344182698,33052.2728,26967.9096,26967.9096,unknown,api_detail
2026-03-23 11:00:00+00:00,2,2,0,observed_spread_bps,0xc9289a5ef42eafa9e07665fcacf46127495cc222,0x27be19aff47d30d3cedc098e36844a657a8953ae,WBTC / WETH 0.3%,WBTC / WETH,uniswap-v3-base,aerodrome-base,69630.441527413,70237.8249208633,71016.3677479099,68326.5113816794,71451.9293990293,67171.7690586422,87.22957662291807,457.423912643653,-541.3679706789643,30.0,,,False,,,8469.819123491965,220.3481084454589,220.3481084454589,8690.167231937425,26967.9096,33052.2728,26967.9096,api_detail,unknown
2026-03-23 12:00:00+00:00,2,2,0,observed_spread_bps,0x27be19aff47d30d3cedc098e36844a657a8953ae,0xc9289a5ef42eafa9e07665fcacf46127495cc222,WBTC / WETH,WBTC / WETH 0.3%,aerodrome-base,uniswap-v3-base,70269.0112216455,70292.457071782,70269.0112216455,69863.7001613433,70298.5744650136,69630.441527413,3.3365846094723928,62.24610243459993,-90.87500779231038,,30.0,,False,,,62.64439512449183,2351.10263740039,62.64439512449183,2413.747032524882,33052.2728,26967.9096,26967.9096,unknown,api_detail
2026-03-23 13:00:00+00:00,2,2,0,observed_spread_bps,0x27be19aff47d30d3cedc098e36844a657a8953ae,0xc9289a5ef42eafa9e07665fcacf46127495cc222,WBTC / WETH,WBTC / WETH 0.3%,aerodrome-base,uniswap-v3-base,71030.2248518125,71244.4945166609,71066.5306744993,70269.0112216455,71244.4945166609,70292.457071782,30.165984310963623,138.8212638909181,-108.92238517491882,,30.0,,False,,,48.59323823023047,1778.1202217805014,48.59323823023047,1826.713460010732,33052.2728,26967.9096,26967.9096,unknown,api_detail
2026-03-23 14:00:00+00:00,2,2,0,observed_spread_bps,0x27be19aff47d30d3cedc098e36844a657a8953ae,0xc9289a5ef42eafa9e07665fcacf46127495cc222,WBTC / WETH,WBTC / WETH 0.3%,aerodrome-base,uniswap-v3-base,71339.9083392811,71935.11954,71339.9083392811,71030.2248518125,71935.11954,71220.563375049,83.43313225020799,127.39572345087602,-16.729060495076496,,30.0,,False,,,1.33262948777777,208.9248551153574,1.33262948777777,210.25748460313517,33052.2728,26967.9096,26967.9096,unknown,api_detail
2026-03-23 15:00:00+00:00,2,2,0,observed_spread_bps,0xc9289a5ef42eafa9e07665fcacf46127495cc222,0x27be19aff47d30d3cedc098e36844a657a8953ae,WBTC / WETH 0.3%,WBTC / WETH,uniswap-v3-base,aerodrome-base,70528.6601297984,70571.9987694199,71935.11954,70444.2702373693,71339.9083392811,70571.9987694199,6.144826733094355,127.14136989337099,-189.49308478206305,30.0,,,False,,,852.8473617612412,13.4856032448484,13.4856032448484,866.3329650060897,26967.9096,33052.2728,26967.9096,api_detail,unknown
2026-03-23 16:00:00+00:00,2,2,0,observed_spread_bps,0x27be19aff47d30d3cedc098e36844a657a8953ae,0xc9289a5ef42eafa9e07665fcacf46127495cc222,WBTC / WETH,WBTC / WETH 0.3%,aerodrome-base,uniswap-v3-base,70090.3105574722,73538.3827338957,70571.9987694199,70090.3105574722,73538.3827338957,70147.8217479069,491.94705359397295,491.94705359397295,-60.10557004328398,,30.0,,False,,,32.74502854771776,1108.9938081161883,32.74502854771776,1141.738836663906,33052.2728,26967.9096,26967.9096,unknown,api_detail
2026-03-23 17:00:00+00:00,2,2,0,observed_spread_bps,0x27be19aff47d30d3cedc098e36844a657a8953ae,0xc9289a5ef42eafa9e07665fcacf46127495cc222,WBTC / WETH,WBTC / WETH 0.3%,aerodrome-base,uniswap-v3-base,70585.0466148906,73538.3827338957,70585.0466148906,70090.3105574722,73538.3827338957,73538.3827338957,418.40818426010173,491.94705359397295,418.40818426010173,,30.0,,False,,,0.0479978316981256,0.0,0.0,0.0479978316981256,33052.2728,26967.9096,26967.9096,unknown,api_detail
2026-03-23 18:00:00+00:00,2,2,0,observed_spread_bps,0xc9289a5ef42eafa9e07665fcacf46127495cc222,0x27be19aff47d30d3cedc098e36844a657a8953ae,WBTC / WETH 0.3%,WBTC / WETH,uniswap-v3-base,aerodrome-base,70727.4032333303,70866.2006423018,73538.3827338957,70680.2213140129,70905.4192858736,70585.0466148906,19.62427611170714,31.8615261347599,-401.6047143288404,30.0,,,False,,,1543.6653871518095,38.7013633869608,38.7013633869608,1582.3667505387702,26967.9096,33052.2728,26967.9096,api_detail,unknown
2026-03-23 19:00:00+00:00,2,2,0,observed_spread_bps,0xc9289a5ef42eafa9e07665fcacf46127495cc222,0x27be19aff47d30d3cedc098e36844a657a8953ae,WBTC / WETH 0.3%,WBTC / WETH,uniswap-v3-base,aerodrome-base,70938.3391380284,70971.8961942226,70938.3391380284,70727.4032333303,70971.8961942226,70866.2006423018,4.730454166526066,34.56834970820388,-10.16918306844361,30.0,,,False,,,288.751294499972,0.18807552491469,0.18807552491469,288.93937002488667,26967.9096,33052.2728,26967.9096,api_detail,unknown
2026-03-23 20:00:00+00:00,2,2,0,observed_spread_bps,0x27be19aff47d30d3cedc098e36844a657a8953ae,0xc9289a5ef42eafa9e07665fcacf46127495cc222,WBTC / WETH,WBTC / WETH 0.3%,aerodrome-base,uniswap-v3-base,70614.0605396377,70938.3391380284,70971.8961942226,70614.0605396377,70938.3391380284,70938.3391380284,45.92266694657398,45.92266694657398,-4.728217504907928,,30.0,,False,,,1.204065527657813,0.0,0.0,1.204065527657813,33052.2728,26967.9096,26967.9096,unknown,api_detail
2026-03-23 21:00:00+00:00,2,2,0,observed_spread_bps,0x27be19aff47d30d3cedc098e36844a657a8953ae,0xc9289a5ef42eafa9e07665fcacf46127495cc222,WBTC / WETH,WBTC / WETH 0.3%,aerodrome-base,uniswap-v3-base,70614.0605396377,70938.3391380284,70614.0605396377,70614.0605396377,70938.3391380284,70938.3391380284,45.92266694657398,45.92266694657398,45.92266694657398,,30.0,,False,,,0.0,0.0,0.0,0.0,33052.2728,26967.9096,26967.9096,unknown,api_detail
2026-03-23 22:00:00+00:00,2,2,0,observed_spread_bps,0x27be19aff47d30d3cedc098e36844a657a8953ae,0xc9289a5ef42eafa9e07665fcacf46127495cc222,WBTC / WETH,WBTC / WETH 0.3%,aerodrome-base,uniswap-v3-base,70614.0605396377,70938.3391380284,70614.0605396377,70614.0605396377,70938.3391380284,70938.3391380284,45.92266694657398,45.92266694657398,45.92266694657398,,30.0,,False,,,0.0,0.0,0.0,0.0,33052.2728,26967.9096,26967.9096,unknown,api_detail
2026-03-23 23:00:00+00:00,2,2,0,observed_spread_bps,0xc9289a5ef42eafa9e07665fcacf46127495cc222,0x27be19aff47d30d3cedc098e36844a657a8953ae,WBTC / WETH 0.3%,WBTC / WETH,uniswap-v3-base,aerodrome-base,70626.7310223031,70683.4837593759,70938.3391380284,70620.5522541331,70711.1788423816,70614.0605396377,8.035588827532969,12.832891467964291,-45.712741844678995,30.0,,,False,,,388.7285353460818,11.696211088221887,11.696211088221887,400.4247464343037,26967.9096,33052.2728,26967.9096,api_detail,unknown
2026-03-24 00:00:00+00:00,2,2,0,observed_spread_bps,0xc9289a5ef42eafa9e07665fcacf46127495cc222,0x27be19aff47d30d3cedc098e36844a657a8953ae,WBTC / WETH 0.3%,WBTC / WETH,uniswap-v3-base,aerodrome-base,70595.1949641171,70624.7060655699,70867.8639163774,70565.7782002854,70854.6938953726,70607.8102799174,4.180327211760204,40.942749085426385,-36.695565816244894,30.0,,,False,,,672.3018262750221,11.195572570335793,11.195572570335793,683.4973988453579,26967.9096,33052.2728,26967.9096,api_detail,unknown
2026-03-24 01:00:00+00:00,2,2,0,observed_spread_bps,0x27be19aff47d30d3cedc098e36844a657a8953ae,0xc9289a5ef42eafa9e07665fcacf46127495cc222,WBTC / WETH,WBTC / WETH 0.3%,aerodrome-base,uniswap-v3-base,70324.6784679089,70329.7740971335,70624.7060655699,70324.6784679089,70595.1949641171,70297.9811658756,0.7245862100768719,38.46679460207447,-46.26212523857753,,30.0,,False,,,6.203458329899516,215.11644626239556,6.203458329899516,221.31990459229507,33052.2728,26967.9096,26967.9096,unknown,api_detail
2026-03-24 02:00:00+00:00,2,2,0,observed_spread_bps,0x27be19aff47d30d3cedc098e36844a657a8953ae,0xc9289a5ef42eafa9e07665fcacf46127495cc222,WBTC / WETH,WBTC / WETH 0.3%,aerodrome-base,uniswap-v3-base,70324.6784679089,70329.7740971335,70324.6784679089,70324.6784679089,70329.7740971335,70329.7740971335,0.7245862100768719,0.7245862100768719,0.7245862100768719,,30.0,,False,,,0.0,0.0,0.0,0.0,33052.2728,26967.9096,26967.9096,unknown,api_detail
2026-03-24 03:00:00+00:00,2,2,0,observed_spread_bps,0x27be19aff47d30d3cedc098e36844a657a8953ae,0xc9289a5ef42eafa9e07665fcacf46127495cc222,WBTC / WETH,WBTC / WETH 0.3%,aerodrome-base,uniswap-v3-base,70324.6784679089,70329.7740971335,70324.6784679089,70324.6784679089,70329.7740971335,70329.7740971335,0.7245862100768719,0.7245862100768719,0.7245862100768719,,30.0,,False,,,0.0,0.0,0.0,0.0,33052.2728,26967.9096,26967.9096,unknown,api_detail
2026-03-24 04:00:00+00:00,2,2,0,observed_spread_bps,0x27be19aff47d30d3cedc098e36844a657a8953ae,0xc9289a5ef42eafa9e07665fcacf46127495cc222,WBTC / WETH,WBTC / WETH 0.3%,aerodrome-base,uniswap-v3-base,70324.6784679089,70329.7740971335,70324.6784679089,70324.6784679089,70329.7740971335,70329.7740971335,0.7245862100768719,0.7245862100768719,0.7245862100768719,,30.0,,False,,,0.0,0.0,0.0,0.0,33052.2728,26967.9096,26967.9096,unknown,api_detail
2026-03-24 05:00:00+00:00,2,2,0,observed_spread_bps,0x27be19aff47d30d3cedc098e36844a657a8953ae,0xc9289a5ef42eafa9e07665fcacf46127495cc222,WBTC / WETH,WBTC / WETH 0.3%,aerodrome-base,uniswap-v3-base,70324.6784679089,70415.0406075592,70324.6784679089,70324.6784679089,70415.0406075592,70329.7740971335,12.849278748077175,12.849278748077175,0.7245862100768719,,30.0,,False,,,0.0,0.532337706993148,0.0,0.532337706993148,33052.2728,26967.9096,26967.9096,unknown,api_detail
2026-03-24 06:00:00+00:00,2,2,0,observed_spread_bps,0x27be19aff47d30d3cedc098e36844a657a8953ae,0xc9289a5ef42eafa9e07665fcacf46127495cc222,WBTC / WETH,WBTC / WETH 0.3%,aerodrome-base,uniswap-v3-base,70324.6784679089,70415.0406075592,70324.6784679089,70324.6784679089,70415.0406075592,70415.0406075592,12.849278748077175,12.849278748077175,12.849278748077175,,30.0,,False,,,0.0,0.0,0.0,0.0,33052.2728,26967.9096,26967.9096,unknown,api_detail
2026-03-24 07:00:00+00:00,2,2,0,observed_spread_bps,0xc9289a5ef42eafa9e07665fcacf46127495cc222,0x27be19aff47d30d3cedc098e36844a657a8953ae,WBTC / WETH 0.3%,WBTC / WETH,uniswap-v3-base,aerodrome-base,70654.7223620449,70772.8456498033,70667.0416903201,70324.4399769413,70772.8456498033,70324.6784679089,16.718385383092116,63.76242356270989,-48.447368705698544,30.0,,,False,,,1027.3866745484502,25.893571172974244,25.893571172974244,1053.2802457214243,26967.9096,33052.2728,26967.9096,api_detail,unknown
2026-03-24 08:00:00+00:00,2,2,0,observed_spread_bps,0xc9289a5ef42eafa9e07665fcacf46127495cc222,0x27be19aff47d30d3cedc098e36844a657a8953ae,WBTC / WETH 0.3%,WBTC / WETH,uniswap-v3-base,aerodrome-base,70654.7223620449,71127.5347407074,70654.7223620449,70654.7223620449,71127.5347407074,70772.8456498033,66.91872289013467,66.91872289013467,16.718385383092116,30.0,,,False,,,0.0,11.07131106538707,0.0,11.07131106538707,26967.9096,33052.2728,26967.9096,api_detail,unknown
2026-03-24 09:00:00+00:00,2,2,0,observed_spread_bps,0xc9289a5ef42eafa9e07665fcacf46127495cc222,0x27be19aff47d30d3cedc098e36844a657a8953ae,WBTC / WETH 0.3%,WBTC / WETH,uniswap-v3-base,aerodrome-base,70716.1549627846,70773.4839351624,70846.0730730668,70654.7223620449,71127.5347407074,70773.4839351624,8.106913110301761,66.91872289013467,-10.246035490144578,30.0,,,False,,,495.14936592408856,5.518587255135065,5.518587255135065,500.6679531792236,26967.9096,33052.2728,26967.9096,api_detail,unknown
2026-03-24 10:00:00+00:00,2,2,0,observed_spread_bps,0xc9289a5ef42eafa9e07665fcacf46127495cc222,0x27be19aff47d30d3cedc098e36844a657a8953ae,WBTC / WETH 0.3%,WBTC / WETH,uniswap-v3-base,aerodrome-base,70716.1549627846,70773.4839351624,70716.1549627846,70716.1549627846,70773.4839351624,70773.4839351624,8.106913110301761,8.106913110301761,8.106913110301761,30.0,,,False,,,0.0,0.0,0.0,0.0,26967.9096,33052.2728,26967.9096,api_detail,unknown
2026-03-24 11:00:00+00:00,2,2,0,observed_spread_bps,0xc9289a5ef42eafa9e07665fcacf46127495cc222,0x27be19aff47d30d3cedc098e36844a657a8953ae,WBTC / WETH 0.3%,WBTC / WETH,uniswap-v3-base,aerodrome-base,71046.2393079026,71100.045579602,72069.2261358886,70716.1549627846,71120.2924579329,70773.4839351624,7.57341588007332,57.14924621693429,-179.791329836545,30.0,,,False,,,334.92352298029147,15.37035487648832,15.37035487648832,350.2938778567798,26967.9096,33052.2728,26967.9096,api_detail,unknown
2026-03-24 12:00:00+00:00,2,2,0,observed_spread_bps,0xc9289a5ef42eafa9e07665fcacf46127495cc222,0x27be19aff47d30d3cedc098e36844a657a8953ae,WBTC / WETH 0.3%,WBTC / WETH,uniswap-v3-base,aerodrome-base,71046.2393079026,71100.045579602,71046.2393079026,71046.2393079026,71100.045579602,71100.045579602,7.57341588007332,7.57341588007332,7.57341588007332,30.0,,,False,,,0.0,0.0,0.0,0.0,26967.9096,33052.2728,26967.9096,api_detail,unknown
2026-03-24 13:00:00+00:00,2,2,0,observed_spread_bps,0x27be19aff47d30d3cedc098e36844a657a8953ae,0xc9289a5ef42eafa9e07665fcacf46127495cc222,WBTC / WETH,WBTC / WETH 0.3%,aerodrome-base,uniswap-v3-base,70940.5930258826,71046.2393079026,71100.045579602,70940.5930258826,71046.2393079026,71046.2393079026,14.892218617548192,14.892218617548192,-7.5676845578331875,,30.0,,False,,,0.768271620102181,0.0,0.0,0.768271620102181,33052.2728,26967.9096,26967.9096,unknown,api_detail
2026-03-24 14:00:00+00:00,2,2,0,observed_spread_bps,0x27be19aff47d30d3cedc098e36844a657a8953ae,0xc9289a5ef42eafa9e07665fcacf46127495cc222,WBTC / WETH,WBTC / WETH 0.3%,aerodrome-base,uniswap-v3-base,69547.7673230505,69679.5056593701,70940.5930258826,69547.7673230505,71046.2393079026,69470.9519752677,18.94213738130146,215.45939467641827,-207.16503597294377,,30.0,,False,,,11.133939220383112,559.6139541952627,11.133939220383112,570.7478934156459,33052.2728,26967.9096,26967.9096,unknown,api_detail
2026-03-24 15:00:00+00:00,2,2,0,observed_spread_bps,0xc9289a5ef42eafa9e07665fcacf46127495cc222,0x27be19aff47d30d3cedc098e36844a657a8953ae,WBTC / WETH 0.3%,WBTC / WETH,uniswap-v3-base,aerodrome-base,69679.5056593701,69901.6271684042,69679.5056593701,69679.5056593701,70198.7172574096,69547.7673230505,31.87759541807722,74.51424821778741,-18.90632476120091,30.0,,,False,,,0.0,0.590193812643932,0.0,0.590193812643932,26967.9096,33052.2728,26967.9096,api_detail,unknown
