timestamp,open_usd,high_usd,low_usd,close_usd,volume_usd,market_slug,network,pool_address,pool_name,dex_id,reserve_in_usd,volume_h24_usd,fee_bps_from_name
2026-03-16 07:00:00+00:00,1.89479402214099,1.90590334607204,1.89479402214099,1.90573209778488,0.4111848002565612,cosmos_research,kava,0x0932f9d6ef3577abcba6013f733ea14f70115973,ATOM / USDt 0.15%,wagmi-kava,2428.5309,9.140022846,15.0
2026-03-16 08:00:00+00:00,1.90573209778488,1.90927048610406,1.89999093090253,1.89999093090253,1.613545877153692,cosmos_research,kava,0x0932f9d6ef3577abcba6013f733ea14f70115973,ATOM / USDt 0.15%,wagmi-kava,2428.5309,9.140022846,15.0
2026-03-16 09:00:00+00:00,1.89999093090253,1.9052513216134,1.8956955250943,1.90339639908727,0.7707691145375607,cosmos_research,kava,0x0932f9d6ef3577abcba6013f733ea14f70115973,ATOM / USDt 0.15%,wagmi-kava,2428.5309,9.140022846,15.0
2026-03-16 10:00:00+00:00,1.90339639908727,1.90339639908727,1.89829863525451,1.89829863525451,0.5379507808372156,cosmos_research,kava,0x0932f9d6ef3577abcba6013f733ea14f70115973,ATOM / USDt 0.15%,wagmi-kava,2428.5309,9.140022846,15.0
2026-03-16 11:00:00+00:00,1.89829863525451,1.90459058509023,1.89736544484613,1.90252869687171,0.686535293069515,cosmos_research,kava,0x0932f9d6ef3577abcba6013f733ea14f70115973,ATOM / USDt 0.15%,wagmi-kava,2428.5309,9.140022846,15.0
2026-03-16 12:00:00+00:00,1.90252869687171,1.90972231850216,1.90252869687171,1.90972231850216,0.120064242164231,cosmos_research,kava,0x0932f9d6ef3577abcba6013f733ea14f70115973,ATOM / USDt 0.15%,wagmi-kava,2428.5309,9.140022846,15.0
2026-03-16 13:00:00+00:00,1.90972231850216,1.91423571373189,1.90047778562879,1.90759303084756,1.48540995570422,cosmos_research,kava,0x0932f9d6ef3577abcba6013f733ea14f70115973,ATOM / USDt 0.15%,wagmi-kava,2428.5309,9.140022846,15.0
2026-03-16 14:00:00+00:00,1.90759303084756,1.91531153169459,1.9037613496756,1.90476311820016,1.748435217740501,cosmos_research,kava,0x0932f9d6ef3577abcba6013f733ea14f70115973,ATOM / USDt 0.15%,wagmi-kava,2428.5309,9.140022846,15.0
2026-03-16 15:00:00+00:00,1.90476311820016,1.90983761093009,1.90476311820016,1.90894863237382,0.831779913735724,cosmos_research,kava,0x0932f9d6ef3577abcba6013f733ea14f70115973,ATOM / USDt 0.15%,wagmi-kava,2428.5309,9.140022846,15.0
2026-03-16 16:00:00+00:00,1.90894863237382,1.91912671829121,1.9050841354554,1.91912671829121,1.5492368824970748,cosmos_research,kava,0x0932f9d6ef3577abcba6013f733ea14f70115973,ATOM / USDt 0.15%,wagmi-kava,2428.5309,9.140022846,15.0
2026-03-16 17:00:00+00:00,1.91912671829121,1.94961714730004,1.91912671829121,1.94961714730004,2.052494743819349,cosmos_research,kava,0x0932f9d6ef3577abcba6013f733ea14f70115973,ATOM / USDt 0.15%,wagmi-kava,2428.5309,9.140022846,15.0
2026-03-16 18:00:00+00:00,1.94961714730004,1.97299214835665,1.94961714730004,1.97252318614542,3.781293413597905,cosmos_research,kava,0x0932f9d6ef3577abcba6013f733ea14f70115973,ATOM / USDt 0.15%,wagmi-kava,2428.5309,9.140022846,15.0
2026-03-16 19:00:00+00:00,1.97252318614542,1.97730362510517,1.96459007421343,1.97730362510517,82.57946729045712,cosmos_research,kava,0x0932f9d6ef3577abcba6013f733ea14f70115973,ATOM / USDt 0.15%,wagmi-kava,2428.5309,9.140022846,15.0
2026-03-16 20:00:00+00:00,1.97730362510517,1.99922548723757,1.97559328106889,1.97564824687056,272.0465104719534,cosmos_research,kava,0x0932f9d6ef3577abcba6013f733ea14f70115973,ATOM / USDt 0.15%,wagmi-kava,2428.5309,9.140022846,15.0
2026-03-16 21:00:00+00:00,1.97564824687056,1.97985962591459,1.96430141177534,1.96941097375511,72.57481125260604,cosmos_research,kava,0x0932f9d6ef3577abcba6013f733ea14f70115973,ATOM / USDt 0.15%,wagmi-kava,2428.5309,9.140022846,15.0
2026-03-16 22:00:00+00:00,1.96941097375511,1.97750603290078,1.96920619705803,1.97473595899529,38.23329492821773,cosmos_research,kava,0x0932f9d6ef3577abcba6013f733ea14f70115973,ATOM / USDt 0.15%,wagmi-kava,2428.5309,9.140022846,15.0
2026-03-16 23:00:00+00:00,1.97473595899529,1.98117252626157,1.97389921354436,1.97554076602938,92.58022065488791,cosmos_research,kava,0x0932f9d6ef3577abcba6013f733ea14f70115973,ATOM / USDt 0.15%,wagmi-kava,2428.5309,9.140022846,15.0
2026-03-17 00:00:00+00:00,1.97554076602938,1.9802811428755,1.96886360350683,1.96968565156426,136.3664932961967,cosmos_research,kava,0x0932f9d6ef3577abcba6013f733ea14f70115973,ATOM / USDt 0.15%,wagmi-kava,2428.5309,9.140022846,15.0
2026-03-17 01:00:00+00:00,1.96968565156426,1.97242868487511,1.96243756256968,1.96823473697239,37.68579594330831,cosmos_research,kava,0x0932f9d6ef3577abcba6013f733ea14f70115973,ATOM / USDt 0.15%,wagmi-kava,2428.5309,9.140022846,15.0
2026-03-17 02:00:00+00:00,1.96823473697239,1.97887625215933,1.96461875361305,1.96936695306594,110.60741133448799,cosmos_research,kava,0x0932f9d6ef3577abcba6013f733ea14f70115973,ATOM / USDt 0.15%,wagmi-kava,2428.5309,9.140022846,15.0
2026-03-17 03:00:00+00:00,1.96936695306594,1.96936695306594,1.94971768758269,1.95480549328862,29.163662718077983,cosmos_research,kava,0x0932f9d6ef3577abcba6013f733ea14f70115973,ATOM / USDt 0.15%,wagmi-kava,2428.5309,9.140022846,15.0
2026-03-17 04:00:00+00:00,1.95480549328862,1.95480549328862,1.94388492398468,1.94544176488528,1.3744397358668432,cosmos_research,kava,0x0932f9d6ef3577abcba6013f733ea14f70115973,ATOM / USDt 0.15%,wagmi-kava,2428.5309,9.140022846,15.0
2026-03-17 05:00:00+00:00,1.94544176488528,1.94544176488528,1.93252164121777,1.93252164121777,0.2437340588958415,cosmos_research,kava,0x0932f9d6ef3577abcba6013f733ea14f70115973,ATOM / USDt 0.15%,wagmi-kava,2428.5309,9.140022846,15.0
2026-03-17 06:00:00+00:00,1.93252164121777,1.93813099554799,1.92937661784544,1.93813099554799,0.6455205635419584,cosmos_research,kava,0x0932f9d6ef3577abcba6013f733ea14f70115973,ATOM / USDt 0.15%,wagmi-kava,2428.5309,9.140022846,15.0
2026-03-17 07:00:00+00:00,1.93813099554799,1.94408058546271,1.93793213470619,1.94159567906965,1.300965854304531,cosmos_research,kava,0x0932f9d6ef3577abcba6013f733ea14f70115973,ATOM / USDt 0.15%,wagmi-kava,2428.5309,9.140022846,15.0
2026-03-17 08:00:00+00:00,1.94159567906965,1.94390918329452,1.94159567906965,1.94390918329452,0.0800326849854188,cosmos_research,kava,0x0932f9d6ef3577abcba6013f733ea14f70115973,ATOM / USDt 0.15%,wagmi-kava,2428.5309,9.140022846,15.0
2026-03-17 09:00:00+00:00,1.94390918329452,1.9487306300188,1.93893352838334,1.9487306300188,1.457554315156428,cosmos_research,kava,0x0932f9d6ef3577abcba6013f733ea14f70115973,ATOM / USDt 0.15%,wagmi-kava,2428.5309,9.140022846,15.0
2026-03-17 10:00:00+00:00,1.9487306300188,1.9487306300188,1.9487306300188,1.9487306300188,0.0,cosmos_research,kava,0x0932f9d6ef3577abcba6013f733ea14f70115973,ATOM / USDt 0.15%,wagmi-kava,2428.5309,9.140022846,15.0
2026-03-17 11:00:00+00:00,1.9487306300188,1.94896493476842,1.93981763506074,1.94498248864729,1.351714110087935,cosmos_research,kava,0x0932f9d6ef3577abcba6013f733ea14f70115973,ATOM / USDt 0.15%,wagmi-kava,2428.5309,9.140022846,15.0
2026-03-17 12:00:00+00:00,1.94498248864729,1.94559627291288,1.93532522792337,1.93532522792337,1.42976841274606,cosmos_research,kava,0x0932f9d6ef3577abcba6013f733ea14f70115973,ATOM / USDt 0.15%,wagmi-kava,2428.5309,9.140022846,15.0
2026-03-17 13:00:00+00:00,1.93532522792337,1.94698330238989,1.92583559410507,1.9414972179462,1.2752991191069132,cosmos_research,kava,0x0932f9d6ef3577abcba6013f733ea14f70115973,ATOM / USDt 0.15%,wagmi-kava,2428.5309,9.140022846,15.0
2026-03-17 14:00:00+00:00,1.9414972179462,1.94721538498346,1.93584375094593,1.94721538498346,0.32398334707844,cosmos_research,kava,0x0932f9d6ef3577abcba6013f733ea14f70115973,ATOM / USDt 0.15%,wagmi-kava,2428.5309,9.140022846,15.0
2026-03-17 15:00:00+00:00,1.94721538498346,1.95104906927908,1.92874941469444,1.92874941469444,2.230330058373513,cosmos_research,kava,0x0932f9d6ef3577abcba6013f733ea14f70115973,ATOM / USDt 0.15%,wagmi-kava,2428.5309,9.140022846,15.0
2026-03-17 16:00:00+00:00,1.92874941469444,1.94893906867643,1.92874941469444,1.94893906867643,0.094774957970666,cosmos_research,kava,0x0932f9d6ef3577abcba6013f733ea14f70115973,ATOM / USDt 0.15%,wagmi-kava,2428.5309,9.140022846,15.0
2026-03-17 17:00:00+00:00,1.94893906867643,1.9513864833182,1.94893906867643,1.95053200077139,0.425810838188852,cosmos_research,kava,0x0932f9d6ef3577abcba6013f733ea14f70115973,ATOM / USDt 0.15%,wagmi-kava,2428.5309,9.140022846,15.0
2026-03-17 18:00:00+00:00,1.95053200077139,1.95053200077139,1.94298443889218,1.94298443889218,0.331450659527972,cosmos_research,kava,0x0932f9d6ef3577abcba6013f733ea14f70115973,ATOM / USDt 0.15%,wagmi-kava,2428.5309,9.140022846,15.0
2026-03-17 19:00:00+00:00,1.94298443889218,1.94747014364671,1.94298443889218,1.94747014364671,0.0893051383772072,cosmos_research,kava,0x0932f9d6ef3577abcba6013f733ea14f70115973,ATOM / USDt 0.15%,wagmi-kava,2428.5309,9.140022846,15.0
2026-03-17 20:00:00+00:00,1.94747014364671,1.94747014364671,1.93826794415796,1.94138598101139,1.0014039437110875,cosmos_research,kava,0x0932f9d6ef3577abcba6013f733ea14f70115973,ATOM / USDt 0.15%,wagmi-kava,2428.5309,9.140022846,15.0
2026-03-17 21:00:00+00:00,1.94138598101139,1.96794676115223,1.94138598101139,1.96794676115223,2.157968820801544,cosmos_research,kava,0x0932f9d6ef3577abcba6013f733ea14f70115973,ATOM / USDt 0.15%,wagmi-kava,2428.5309,9.140022846,15.0
2026-03-17 22:00:00+00:00,1.96794676115223,1.96794676115223,1.95234967058756,1.95477378119192,1.6847829716480751,cosmos_research,kava,0x0932f9d6ef3577abcba6013f733ea14f70115973,ATOM / USDt 0.15%,wagmi-kava,2428.5309,9.140022846,15.0
2026-03-17 23:00:00+00:00,1.95477378119192,1.96464928809343,1.95477378119192,1.96289101681392,17.343059329895343,cosmos_research,kava,0x0932f9d6ef3577abcba6013f733ea14f70115973,ATOM / USDt 0.15%,wagmi-kava,2428.5309,9.140022846,15.0
2026-03-18 00:00:00+00:00,1.96289101681392,1.98077014679034,1.93371546470838,1.96207016419663,281.38030529548075,cosmos_research,kava,0x0932f9d6ef3577abcba6013f733ea14f70115973,ATOM / USDt 0.15%,wagmi-kava,2428.5309,9.140022846,15.0
2026-03-18 01:00:00+00:00,1.96207016419663,1.97359046678265,1.95677297716981,1.96965349200244,78.6060888534786,cosmos_research,kava,0x0932f9d6ef3577abcba6013f733ea14f70115973,ATOM / USDt 0.15%,wagmi-kava,2428.5309,9.140022846,15.0
2026-03-18 02:00:00+00:00,1.96965349200244,1.98477434340196,1.96447384904485,1.98179978700891,126.53470332899761,cosmos_research,kava,0x0932f9d6ef3577abcba6013f733ea14f70115973,ATOM / USDt 0.15%,wagmi-kava,2428.5309,9.140022846,15.0
2026-03-18 03:00:00+00:00,1.98179978700891,2.00327248437168,1.98179978700891,2.00165600063293,125.23033000414003,cosmos_research,kava,0x0932f9d6ef3577abcba6013f733ea14f70115973,ATOM / USDt 0.15%,wagmi-kava,2428.5309,9.140022846,15.0
2026-03-18 04:00:00+00:00,2.00165600063293,2.00165600063293,1.98690605278567,1.98690605278567,69.59964227273194,cosmos_research,kava,0x0932f9d6ef3577abcba6013f733ea14f70115973,ATOM / USDt 0.15%,wagmi-kava,2428.5309,9.140022846,15.0
2026-03-18 05:00:00+00:00,1.98690605278567,1.99830681707698,1.98535659439431,1.99060458188047,136.32367697288547,cosmos_research,kava,0x0932f9d6ef3577abcba6013f733ea14f70115973,ATOM / USDt 0.15%,wagmi-kava,2428.5309,9.140022846,15.0
2026-03-18 06:00:00+00:00,1.99060458188047,1.99626695294752,1.98524426875325,1.98687045461154,51.71108577834056,cosmos_research,kava,0x0932f9d6ef3577abcba6013f733ea14f70115973,ATOM / USDt 0.15%,wagmi-kava,2428.5309,9.140022846,15.0
2026-03-18 07:00:00+00:00,1.98687045461154,2.007560622153,1.97964037686701,1.99050923642576,227.22029417502418,cosmos_research,kava,0x0932f9d6ef3577abcba6013f733ea14f70115973,ATOM / USDt 0.15%,wagmi-kava,2428.5309,9.140022846,15.0
2026-03-18 08:00:00+00:00,1.99050923642576,1.99898006778505,1.98955254267119,1.99101038374634,116.39937867648555,cosmos_research,kava,0x0932f9d6ef3577abcba6013f733ea14f70115973,ATOM / USDt 0.15%,wagmi-kava,2428.5309,9.140022846,15.0
2026-03-18 09:00:00+00:00,1.99101038374634,2.02042774825998,1.99101038374634,2.01457147401309,204.34066190051846,cosmos_research,kava,0x0932f9d6ef3577abcba6013f733ea14f70115973,ATOM / USDt 0.15%,wagmi-kava,2428.5309,9.140022846,15.0
2026-03-18 10:00:00+00:00,2.01457147401309,2.04676585732327,2.00860421175036,2.02754494464523,305.34946618964574,cosmos_research,kava,0x0932f9d6ef3577abcba6013f733ea14f70115973,ATOM / USDt 0.15%,wagmi-kava,2428.5309,9.140022846,15.0
2026-03-18 11:00:00+00:00,2.02754494464523,2.02754494464523,1.96649601882723,1.96649601882723,513.7800178609278,cosmos_research,kava,0x0932f9d6ef3577abcba6013f733ea14f70115973,ATOM / USDt 0.15%,wagmi-kava,2428.5309,9.140022846,15.0
2026-03-18 12:00:00+00:00,1.96649601882723,1.96908311891682,1.95947794349343,1.96159612400635,78.82138912643886,cosmos_research,kava,0x0932f9d6ef3577abcba6013f733ea14f70115973,ATOM / USDt 0.15%,wagmi-kava,2428.5309,9.140022846,15.0
2026-03-18 13:00:00+00:00,1.96159612400635,1.96159612400635,1.93113755497057,1.93599081446245,4.494004822368444,cosmos_research,kava,0x0932f9d6ef3577abcba6013f733ea14f70115973,ATOM / USDt 0.15%,wagmi-kava,2428.5309,9.140022846,15.0
2026-03-18 14:00:00+00:00,1.93599081446245,1.93599081446245,1.90086396004822,1.90086396004822,2.77605796827158,cosmos_research,kava,0x0932f9d6ef3577abcba6013f733ea14f70115973,ATOM / USDt 0.15%,wagmi-kava,2428.5309,9.140022846,15.0
2026-03-18 15:00:00+00:00,1.90086396004822,1.90086396004822,1.88192427571756,1.89876139797018,4.777144164917284,cosmos_research,kava,0x0932f9d6ef3577abcba6013f733ea14f70115973,ATOM / USDt 0.15%,wagmi-kava,2428.5309,9.140022846,15.0
2026-03-18 16:00:00+00:00,1.89876139797018,1.91006134120706,1.89747898038194,1.89747898038194,0.8841450541608692,cosmos_research,kava,0x0932f9d6ef3577abcba6013f733ea14f70115973,ATOM / USDt 0.15%,wagmi-kava,2428.5309,9.140022846,15.0
2026-03-18 17:00:00+00:00,1.89747898038194,1.89747898038194,1.89022880026958,1.89561079410879,1.54011456317445,cosmos_research,kava,0x0932f9d6ef3577abcba6013f733ea14f70115973,ATOM / USDt 0.15%,wagmi-kava,2428.5309,9.140022846,15.0
2026-03-18 18:00:00+00:00,1.89561079410879,1.90412994612961,1.88890187570556,1.8914521112751,2.27676856715699,cosmos_research,kava,0x0932f9d6ef3577abcba6013f733ea14f70115973,ATOM / USDt 0.15%,wagmi-kava,2428.5309,9.140022846,15.0
2026-03-18 19:00:00+00:00,1.8914521112751,1.8914521112751,1.88115464958007,1.88445821627609,0.742125739304763,cosmos_research,kava,0x0932f9d6ef3577abcba6013f733ea14f70115973,ATOM / USDt 0.15%,wagmi-kava,2428.5309,9.140022846,15.0
2026-03-18 20:00:00+00:00,1.88445821627609,1.88445821627609,1.87422024515928,1.88307828519352,1.5534467030951997,cosmos_research,kava,0x0932f9d6ef3577abcba6013f733ea14f70115973,ATOM / USDt 0.15%,wagmi-kava,2428.5309,9.140022846,15.0
2026-03-18 21:00:00+00:00,1.88307828519352,1.89421086970562,1.88307828519352,1.89421086970562,0.824894753224283,cosmos_research,kava,0x0932f9d6ef3577abcba6013f733ea14f70115973,ATOM / USDt 0.15%,wagmi-kava,2428.5309,9.140022846,15.0
2026-03-18 22:00:00+00:00,1.89421086970562,1.90567570428059,1.89421086970562,1.90567570428059,0.700668808979703,cosmos_research,kava,0x0932f9d6ef3577abcba6013f733ea14f70115973,ATOM / USDt 0.15%,wagmi-kava,2428.5309,9.140022846,15.0
2026-03-18 23:00:00+00:00,1.90567570428059,1.9073710892855,1.90567570428059,1.9073710892855,0.160055137586304,cosmos_research,kava,0x0932f9d6ef3577abcba6013f733ea14f70115973,ATOM / USDt 0.15%,wagmi-kava,2428.5309,9.140022846,15.0
2026-03-19 00:00:00+00:00,1.9073710892855,1.91336475394425,1.8960116547959,1.8960116547959,0.669198081088429,cosmos_research,kava,0x0932f9d6ef3577abcba6013f733ea14f70115973,ATOM / USDt 0.15%,wagmi-kava,2428.5309,9.140022846,15.0
2026-03-19 01:00:00+00:00,1.8960116547959,1.90811881634234,1.89375226565045,1.90442019396941,1.5222482417932004,cosmos_research,kava,0x0932f9d6ef3577abcba6013f733ea14f70115973,ATOM / USDt 0.15%,wagmi-kava,2428.5309,9.140022846,15.0
2026-03-19 02:00:00+00:00,1.90442019396941,1.9160964490837,1.90442019396941,1.90974778411608,1.7565690821831805,cosmos_research,kava,0x0932f9d6ef3577abcba6013f733ea14f70115973,ATOM / USDt 0.15%,wagmi-kava,2428.5309,9.140022846,15.0
2026-03-19 03:00:00+00:00,1.90974778411608,1.91724747534078,1.90849075803441,1.91724747534078,0.9328889744913857,cosmos_research,kava,0x0932f9d6ef3577abcba6013f733ea14f70115973,ATOM / USDt 0.15%,wagmi-kava,2428.5309,9.140022846,15.0
2026-03-19 04:00:00+00:00,1.91724747534078,1.91724747534078,1.91724747534078,1.91724747534078,0.0,cosmos_research,kava,0x0932f9d6ef3577abcba6013f733ea14f70115973,ATOM / USDt 0.15%,wagmi-kava,2428.5309,9.140022846,15.0
2026-03-19 05:00:00+00:00,1.91724747534078,1.91724747534078,1.89203415942924,1.89203415942924,1.420235612665107,cosmos_research,kava,0x0932f9d6ef3577abcba6013f733ea14f70115973,ATOM / USDt 0.15%,wagmi-kava,2428.5309,9.140022846,15.0
2026-03-19 06:00:00+00:00,1.89203415942924,1.89203415942924,1.8823813469341,1.88619941460369,0.7434251400597978,cosmos_research,kava,0x0932f9d6ef3577abcba6013f733ea14f70115973,ATOM / USDt 0.15%,wagmi-kava,2428.5309,9.140022846,15.0
2026-03-19 07:00:00+00:00,1.88619941460369,1.8887992944827,1.87013082003414,1.87869829430153,1.5067619042638705,cosmos_research,kava,0x0932f9d6ef3577abcba6013f733ea14f70115973,ATOM / USDt 0.15%,wagmi-kava,2428.5309,9.140022846,15.0
2026-03-19 08:00:00+00:00,1.87869829430153,1.87869829430153,1.87474291947339,1.87476867675142,0.6209731289858635,cosmos_research,kava,0x0932f9d6ef3577abcba6013f733ea14f70115973,ATOM / USDt 0.15%,wagmi-kava,2428.5309,9.140022846,15.0
2026-03-19 09:00:00+00:00,1.87476867675142,1.87476867675142,1.85855494376418,1.86843943497908,0.851500510644866,cosmos_research,kava,0x0932f9d6ef3577abcba6013f733ea14f70115973,ATOM / USDt 0.15%,wagmi-kava,2428.5309,9.140022846,15.0
2026-03-19 10:00:00+00:00,1.86843943497908,1.87534925175238,1.8462269529796,1.8462269529796,3.486654467868803,cosmos_research,kava,0x0932f9d6ef3577abcba6013f733ea14f70115973,ATOM / USDt 0.15%,wagmi-kava,2428.5309,9.140022846,15.0
2026-03-19 11:00:00+00:00,1.8462269529796,1.8462269529796,1.84485434070649,1.84485434070649,0.14187114365467,cosmos_research,kava,0x0932f9d6ef3577abcba6013f733ea14f70115973,ATOM / USDt 0.15%,wagmi-kava,2428.5309,9.140022846,15.0
2026-03-19 12:00:00+00:00,1.84485434070649,1.84528608748344,1.83962637042346,1.83962637042346,0.4852234920678429,cosmos_research,kava,0x0932f9d6ef3577abcba6013f733ea14f70115973,ATOM / USDt 0.15%,wagmi-kava,2428.5309,9.140022846,15.0
2026-03-19 13:00:00+00:00,1.83962637042346,1.8399344621198,1.82431386440166,1.8399344621198,2.6094069317588695,cosmos_research,kava,0x0932f9d6ef3577abcba6013f733ea14f70115973,ATOM / USDt 0.15%,wagmi-kava,2428.5309,9.140022846,15.0
2026-03-19 14:00:00+00:00,1.8399344621198,1.84741451486805,1.83379556252273,1.83379556252273,0.9732568161598131,cosmos_research,kava,0x0932f9d6ef3577abcba6013f733ea14f70115973,ATOM / USDt 0.15%,wagmi-kava,2428.5309,9.140022846,15.0
2026-03-19 15:00:00+00:00,1.83379556252273,1.84316217585525,1.83302145404012,1.83302145404012,0.425106721725536,cosmos_research,kava,0x0932f9d6ef3577abcba6013f733ea14f70115973,ATOM / USDt 0.15%,wagmi-kava,2428.5309,9.140022846,15.0
2026-03-19 16:00:00+00:00,1.83302145404012,1.85434393496974,1.83302145404012,1.84013176243527,1.872591543611289,cosmos_research,kava,0x0932f9d6ef3577abcba6013f733ea14f70115973,ATOM / USDt 0.15%,wagmi-kava,2428.5309,9.140022846,15.0
2026-03-19 17:00:00+00:00,1.84013176243527,1.84346045781316,1.83551829398459,1.83551829398459,1.5223098782505862,cosmos_research,kava,0x0932f9d6ef3577abcba6013f733ea14f70115973,ATOM / USDt 0.15%,wagmi-kava,2428.5309,9.140022846,15.0
2026-03-19 18:00:00+00:00,1.83551829398459,1.84013159952516,1.8252366242562,1.8252366242562,0.7037085828280099,cosmos_research,kava,0x0932f9d6ef3577abcba6013f733ea14f70115973,ATOM / USDt 0.15%,wagmi-kava,2428.5309,9.140022846,15.0
2026-03-19 19:00:00+00:00,1.8252366242562,1.84690132583576,1.8252366242562,1.8431057154822,2.494627973418053,cosmos_research,kava,0x0932f9d6ef3577abcba6013f733ea14f70115973,ATOM / USDt 0.15%,wagmi-kava,2428.5309,9.140022846,15.0
2026-03-19 20:00:00+00:00,1.8431057154822,1.84959643490685,1.8431057154822,1.84648022256709,0.4280737955832196,cosmos_research,kava,0x0932f9d6ef3577abcba6013f733ea14f70115973,ATOM / USDt 0.15%,wagmi-kava,2428.5309,9.140022846,15.0
2026-03-19 21:00:00+00:00,1.84648022256709,1.84648022256709,1.83479905404306,1.84133640173787,1.2028675993000995,cosmos_research,kava,0x0932f9d6ef3577abcba6013f733ea14f70115973,ATOM / USDt 0.15%,wagmi-kava,2428.5309,9.140022846,15.0
2026-03-19 22:00:00+00:00,1.84133640173787,1.84193485492708,1.7995812179059,1.80536473371543,3.078852431666284,cosmos_research,kava,0x0932f9d6ef3577abcba6013f733ea14f70115973,ATOM / USDt 0.15%,wagmi-kava,2428.5309,9.140022846,15.0
2026-03-19 23:00:00+00:00,1.80536473371543,1.813669159332,1.79530153569003,1.813669159332,1.5186017759893773,cosmos_research,kava,0x0932f9d6ef3577abcba6013f733ea14f70115973,ATOM / USDt 0.15%,wagmi-kava,2428.5309,9.140022846,15.0
2026-03-20 00:00:00+00:00,1.813669159332,1.813669159332,1.7912179734528,1.7912179734528,0.829672965221329,cosmos_research,kava,0x0932f9d6ef3577abcba6013f733ea14f70115973,ATOM / USDt 0.15%,wagmi-kava,2428.5309,9.140022846,15.0
2026-03-20 01:00:00+00:00,1.7912179734528,1.81842455601037,1.7912179734528,1.81613870353929,1.009748690421506,cosmos_research,kava,0x0932f9d6ef3577abcba6013f733ea14f70115973,ATOM / USDt 0.15%,wagmi-kava,2428.5309,9.140022846,15.0
2026-03-20 02:00:00+00:00,1.81613870353929,1.81706121134099,1.80730699033799,1.80730699033799,0.478012688773012,cosmos_research,kava,0x0932f9d6ef3577abcba6013f733ea14f70115973,ATOM / USDt 0.15%,wagmi-kava,2428.5309,9.140022846,15.0
2026-03-20 03:00:00+00:00,1.80730699033799,1.81045046623113,1.80633239968758,1.80633239968758,0.467439836278771,cosmos_research,kava,0x0932f9d6ef3577abcba6013f733ea14f70115973,ATOM / USDt 0.15%,wagmi-kava,2428.5309,9.140022846,15.0
2026-03-20 04:00:00+00:00,1.80633239968758,1.80923877415009,1.80565894866414,1.80923877415009,1.311171083781083,cosmos_research,kava,0x0932f9d6ef3577abcba6013f733ea14f70115973,ATOM / USDt 0.15%,wagmi-kava,2428.5309,9.140022846,15.0
2026-03-20 05:00:00+00:00,1.80923877415009,1.82603777059619,1.80749346633422,1.8233661615611,1.721717008865573,cosmos_research,kava,0x0932f9d6ef3577abcba6013f733ea14f70115973,ATOM / USDt 0.15%,wagmi-kava,2428.5309,9.140022846,15.0
2026-03-20 06:00:00+00:00,1.8233661615611,1.83140567322814,1.81960720999213,1.83140567322814,0.8894632322555994,cosmos_research,kava,0x0932f9d6ef3577abcba6013f733ea14f70115973,ATOM / USDt 0.15%,wagmi-kava,2428.5309,9.140022846,15.0
2026-03-20 07:00:00+00:00,1.83140567322814,1.83140567322814,1.81838969068441,1.82726412445103,2.532441084126999,cosmos_research,kava,0x0932f9d6ef3577abcba6013f733ea14f70115973,ATOM / USDt 0.15%,wagmi-kava,2428.5309,9.140022846,15.0
2026-03-20 08:00:00+00:00,1.82726412445103,1.82726412445103,1.82116551431881,1.82116551431881,0.548621314750672,cosmos_research,kava,0x0932f9d6ef3577abcba6013f733ea14f70115973,ATOM / USDt 0.15%,wagmi-kava,2428.5309,9.140022846,15.0
2026-03-20 09:00:00+00:00,1.82116551431881,1.82116551431881,1.81262583098595,1.81262583098595,0.635783948095815,cosmos_research,kava,0x0932f9d6ef3577abcba6013f733ea14f70115973,ATOM / USDt 0.15%,wagmi-kava,2428.5309,9.140022846,15.0
2026-03-20 10:00:00+00:00,1.81262583098595,1.81262583098595,1.78956376907049,1.80289433955936,0.7319828145719278,cosmos_research,kava,0x0932f9d6ef3577abcba6013f733ea14f70115973,ATOM / USDt 0.15%,wagmi-kava,2428.5309,9.140022846,15.0
2026-03-20 11:00:00+00:00,1.80289433955936,1.80933127149855,1.80289433955936,1.80858226779416,0.324872942621349,cosmos_research,kava,0x0932f9d6ef3577abcba6013f733ea14f70115973,ATOM / USDt 0.15%,wagmi-kava,2428.5309,9.140022846,15.0
2026-03-20 12:00:00+00:00,1.80858226779416,1.81150164336288,1.80262958236253,1.80262958236253,0.9189674067624795,cosmos_research,kava,0x0932f9d6ef3577abcba6013f733ea14f70115973,ATOM / USDt 0.15%,wagmi-kava,2428.5309,9.140022846,15.0
2026-03-20 13:00:00+00:00,1.80262958236253,1.80564913137133,1.79592881485647,1.79592881485647,2.010920387949571,cosmos_research,kava,0x0932f9d6ef3577abcba6013f733ea14f70115973,ATOM / USDt 0.15%,wagmi-kava,2428.5309,9.140022846,15.0
2026-03-20 14:00:00+00:00,1.79592881485647,1.80872889805947,1.79592881485647,1.80367630307887,0.4700256601807865,cosmos_research,kava,0x0932f9d6ef3577abcba6013f733ea14f70115973,ATOM / USDt 0.15%,wagmi-kava,2428.5309,9.140022846,15.0
2026-03-20 15:00:00+00:00,1.80367630307887,1.80524983879698,1.80367630307887,1.80524983879698,0.239805778086113,cosmos_research,kava,0x0932f9d6ef3577abcba6013f733ea14f70115973,ATOM / USDt 0.15%,wagmi-kava,2428.5309,9.140022846,15.0
2026-03-20 16:00:00+00:00,1.80524983879698,1.80524983879698,1.78944621522834,1.79160626452119,1.6377075056116819,cosmos_research,kava,0x0932f9d6ef3577abcba6013f733ea14f70115973,ATOM / USDt 0.15%,wagmi-kava,2428.5309,9.140022846,15.0
2026-03-20 17:00:00+00:00,1.79160626452119,1.81501192096638,1.79160626452119,1.81354368019938,2.00129153400294,cosmos_research,kava,0x0932f9d6ef3577abcba6013f733ea14f70115973,ATOM / USDt 0.15%,wagmi-kava,2428.5309,9.140022846,15.0
2026-03-20 18:00:00+00:00,1.81354368019938,1.81581237150584,1.81212824169564,1.81371815299577,0.5581689209325289,cosmos_research,kava,0x0932f9d6ef3577abcba6013f733ea14f70115973,ATOM / USDt 0.15%,wagmi-kava,2428.5309,9.140022846,15.0
2026-03-20 19:00:00+00:00,1.81371815299577,1.81657976223572,1.81257580081673,1.81657976223572,0.6746832889852094,cosmos_research,kava,0x0932f9d6ef3577abcba6013f733ea14f70115973,ATOM / USDt 0.15%,wagmi-kava,2428.5309,9.140022846,15.0
2026-03-20 20:00:00+00:00,1.81657976223572,1.81657976223572,1.80771771014369,1.81119586133652,1.042160023698064,cosmos_research,kava,0x0932f9d6ef3577abcba6013f733ea14f70115973,ATOM / USDt 0.15%,wagmi-kava,2428.5309,9.140022846,15.0
2026-03-20 21:00:00+00:00,1.81119586133652,1.81946155630963,1.80977689072099,1.81946155630963,1.0809144484426747,cosmos_research,kava,0x0932f9d6ef3577abcba6013f733ea14f70115973,ATOM / USDt 0.15%,wagmi-kava,2428.5309,9.140022846,15.0
2026-03-20 22:00:00+00:00,1.81946155630963,1.82391506696231,1.81786651832187,1.82391506696231,0.6131394221427873,cosmos_research,kava,0x0932f9d6ef3577abcba6013f733ea14f70115973,ATOM / USDt 0.15%,wagmi-kava,2428.5309,9.140022846,15.0
2026-03-20 23:00:00+00:00,1.82391506696231,1.83005691677634,1.82210320945757,1.83005691677634,0.9587343301615989,cosmos_research,kava,0x0932f9d6ef3577abcba6013f733ea14f70115973,ATOM / USDt 0.15%,wagmi-kava,2428.5309,9.140022846,15.0
2026-03-21 00:00:00+00:00,1.83005691677634,1.83424600968799,1.82444507752356,1.83089584088605,0.5661266697583845,cosmos_research,kava,0x0932f9d6ef3577abcba6013f733ea14f70115973,ATOM / USDt 0.15%,wagmi-kava,2428.5309,9.140022846,15.0
2026-03-21 01:00:00+00:00,1.83089584088605,1.84113627144231,1.83089584088605,1.84113627144231,0.717532946714276,cosmos_research,kava,0x0932f9d6ef3577abcba6013f733ea14f70115973,ATOM / USDt 0.15%,wagmi-kava,2428.5309,9.140022846,15.0
2026-03-21 02:00:00+00:00,1.84113627144231,1.85569791100924,1.84113627144231,1.84771854664066,1.0131234369773143,cosmos_research,kava,0x0932f9d6ef3577abcba6013f733ea14f70115973,ATOM / USDt 0.15%,wagmi-kava,2428.5309,9.140022846,15.0
2026-03-21 03:00:00+00:00,1.84771854664066,1.84771854664066,1.83827019650643,1.84329777539443,0.320430135474457,cosmos_research,kava,0x0932f9d6ef3577abcba6013f733ea14f70115973,ATOM / USDt 0.15%,wagmi-kava,2428.5309,9.140022846,15.0
2026-03-21 04:00:00+00:00,1.84329777539443,1.84329777539443,1.84129675242082,1.84191533416821,0.401850536247472,cosmos_research,kava,0x0932f9d6ef3577abcba6013f733ea14f70115973,ATOM / USDt 0.15%,wagmi-kava,2428.5309,9.140022846,15.0
2026-03-21 05:00:00+00:00,1.84191533416821,1.8470978776141,1.83489371971243,1.83489371971243,2.15986457984241,cosmos_research,kava,0x0932f9d6ef3577abcba6013f733ea14f70115973,ATOM / USDt 0.15%,wagmi-kava,2428.5309,9.140022846,15.0
2026-03-21 06:00:00+00:00,1.83489371971243,1.84564212030076,1.83489371971243,1.84564212030076,1.0795433708498972,cosmos_research,kava,0x0932f9d6ef3577abcba6013f733ea14f70115973,ATOM / USDt 0.15%,wagmi-kava,2428.5309,9.140022846,15.0
2026-03-21 07:00:00+00:00,1.84564212030076,1.84564212030076,1.84564212030076,1.84564212030076,0.0,cosmos_research,kava,0x0932f9d6ef3577abcba6013f733ea14f70115973,ATOM / USDt 0.15%,wagmi-kava,2428.5309,9.140022846,15.0
2026-03-21 08:00:00+00:00,1.84564212030076,1.85323970716847,1.84512790625642,1.85323970716847,0.9617059144052656,cosmos_research,kava,0x0932f9d6ef3577abcba6013f733ea14f70115973,ATOM / USDt 0.15%,wagmi-kava,2428.5309,9.140022846,15.0
2026-03-21 09:00:00+00:00,1.85323970716847,1.85323970716847,1.83871085144676,1.84443456270785,1.4435277267752233,cosmos_research,kava,0x0932f9d6ef3577abcba6013f733ea14f70115973,ATOM / USDt 0.15%,wagmi-kava,2428.5309,9.140022846,15.0
2026-03-21 10:00:00+00:00,1.84443456270785,1.84896072657536,1.84443456270785,1.84896072657536,0.142257189341982,cosmos_research,kava,0x0932f9d6ef3577abcba6013f733ea14f70115973,ATOM / USDt 0.15%,wagmi-kava,2428.5309,9.140022846,15.0
2026-03-21 11:00:00+00:00,1.84896072657536,1.84896072657536,1.83442204025238,1.83767798216682,1.187631311206418,cosmos_research,kava,0x0932f9d6ef3577abcba6013f733ea14f70115973,ATOM / USDt 0.15%,wagmi-kava,2428.5309,9.140022846,15.0
2026-03-21 12:00:00+00:00,1.83767798216682,1.8383831168142,1.82840343103019,1.8383831168142,2.1930987549997014,cosmos_research,kava,0x0932f9d6ef3577abcba6013f733ea14f70115973,ATOM / USDt 0.15%,wagmi-kava,2428.5309,9.140022846,15.0
2026-03-21 13:00:00+00:00,1.8383831168142,1.84052864960128,1.8383831168142,1.84052864960128,0.625721329865287,cosmos_research,kava,0x0932f9d6ef3577abcba6013f733ea14f70115973,ATOM / USDt 0.15%,wagmi-kava,2428.5309,9.140022846,15.0
2026-03-21 14:00:00+00:00,1.84052864960128,1.84675571827702,1.83348663822523,1.83348663822523,0.340623263608645,cosmos_research,kava,0x0932f9d6ef3577abcba6013f733ea14f70115973,ATOM / USDt 0.15%,wagmi-kava,2428.5309,9.140022846,15.0
2026-03-21 15:00:00+00:00,1.83348663822523,1.83730606307729,1.83348663822523,1.83584717679786,0.601166203941951,cosmos_research,kava,0x0932f9d6ef3577abcba6013f733ea14f70115973,ATOM / USDt 0.15%,wagmi-kava,2428.5309,9.140022846,15.0
2026-03-21 16:00:00+00:00,1.83584717679786,1.8408927207875,1.83584717679786,1.8408927207875,0.246326173183134,cosmos_research,kava,0x0932f9d6ef3577abcba6013f733ea14f70115973,ATOM / USDt 0.15%,wagmi-kava,2428.5309,9.140022846,15.0
2026-03-21 17:00:00+00:00,1.8408927207875,1.84692637300805,1.83654769525537,1.83654769525537,2.425520859133329,cosmos_research,kava,0x0932f9d6ef3577abcba6013f733ea14f70115973,ATOM / USDt 0.15%,wagmi-kava,2428.5309,9.140022846,15.0
2026-03-21 18:00:00+00:00,1.83654769525537,1.84149937921499,1.83654769525537,1.83741988667016,0.645586665705331,cosmos_research,kava,0x0932f9d6ef3577abcba6013f733ea14f70115973,ATOM / USDt 0.15%,wagmi-kava,2428.5309,9.140022846,15.0
2026-03-21 19:00:00+00:00,1.83741988667016,1.83741988667016,1.83590650874119,1.83590650874119,0.325471341776147,cosmos_research,kava,0x0932f9d6ef3577abcba6013f733ea14f70115973,ATOM / USDt 0.15%,wagmi-kava,2428.5309,9.140022846,15.0
2026-03-21 20:00:00+00:00,1.83590650874119,1.83590650874119,1.82188424195395,1.82188424195395,0.2094115833368274,cosmos_research,kava,0x0932f9d6ef3577abcba6013f733ea14f70115973,ATOM / USDt 0.15%,wagmi-kava,2428.5309,9.140022846,15.0
2026-03-21 21:00:00+00:00,1.82188424195395,1.8267531236388,1.81318945648702,1.82267682860487,1.5304619714450356,cosmos_research,kava,0x0932f9d6ef3577abcba6013f733ea14f70115973,ATOM / USDt 0.15%,wagmi-kava,2428.5309,9.140022846,15.0
2026-03-21 22:00:00+00:00,1.82267682860487,1.82267682860487,1.8184698859561,1.8184698859561,0.0447289037848621,cosmos_research,kava,0x0932f9d6ef3577abcba6013f733ea14f70115973,ATOM / USDt 0.15%,wagmi-kava,2428.5309,9.140022846,15.0
2026-03-21 23:00:00+00:00,1.8184698859561,1.8202142570944,1.80716613495711,1.80760381756608,2.151522931863069,cosmos_research,kava,0x0932f9d6ef3577abcba6013f733ea14f70115973,ATOM / USDt 0.15%,wagmi-kava,2428.5309,9.140022846,15.0
2026-03-22 00:00:00+00:00,1.80760381756608,1.80760381756608,1.78109548722942,1.78587254653812,4.389464611688669,cosmos_research,kava,0x0932f9d6ef3577abcba6013f733ea14f70115973,ATOM / USDt 0.15%,wagmi-kava,2428.5309,9.140022846,15.0
2026-03-22 01:00:00+00:00,1.78587254653812,1.79351378912884,1.78539980241129,1.78539980241129,1.064048434435882,cosmos_research,kava,0x0932f9d6ef3577abcba6013f733ea14f70115973,ATOM / USDt 0.15%,wagmi-kava,2428.5309,9.140022846,15.0
2026-03-22 02:00:00+00:00,1.78539980241129,1.79858869204454,1.78228409284154,1.79858869204454,2.749366157929568,cosmos_research,kava,0x0932f9d6ef3577abcba6013f733ea14f70115973,ATOM / USDt 0.15%,wagmi-kava,2428.5309,9.140022846,15.0
2026-03-22 03:00:00+00:00,1.79858869204454,1.80065600003386,1.7861935525427,1.79542314819532,2.9447728314555257,cosmos_research,kava,0x0932f9d6ef3577abcba6013f733ea14f70115973,ATOM / USDt 0.15%,wagmi-kava,2428.5309,9.140022846,15.0
2026-03-22 04:00:00+00:00,1.79542314819532,1.80084255426616,1.783015273504,1.79988132525081,0.6193369510896796,cosmos_research,kava,0x0932f9d6ef3577abcba6013f733ea14f70115973,ATOM / USDt 0.15%,wagmi-kava,2428.5309,9.140022846,15.0
2026-03-22 05:00:00+00:00,1.79988132525081,1.80179236716618,1.79381760701063,1.79658988595607,1.037849289063544,cosmos_research,kava,0x0932f9d6ef3577abcba6013f733ea14f70115973,ATOM / USDt 0.15%,wagmi-kava,2428.5309,9.140022846,15.0
2026-03-22 06:00:00+00:00,1.79658988595607,1.79658988595607,1.7871570805029,1.7871570805029,0.9453532322715883,cosmos_research,kava,0x0932f9d6ef3577abcba6013f733ea14f70115973,ATOM / USDt 0.15%,wagmi-kava,2428.5309,9.140022846,15.0
2026-03-22 07:00:00+00:00,1.7871570805029,1.7871570805029,1.77897656458635,1.77897656458635,0.2707362023909612,cosmos_research,kava,0x0932f9d6ef3577abcba6013f733ea14f70115973,ATOM / USDt 0.15%,wagmi-kava,2428.5309,9.140022846,15.0
2026-03-22 08:00:00+00:00,1.77897656458635,1.78350272979186,1.77007341046081,1.77007341046081,1.015448625304021,cosmos_research,kava,0x0932f9d6ef3577abcba6013f733ea14f70115973,ATOM / USDt 0.15%,wagmi-kava,2428.5309,9.140022846,15.0
2026-03-22 09:00:00+00:00,1.77007341046081,1.77176170471848,1.76507299270272,1.76878256032239,0.5363698755380828,cosmos_research,kava,0x0932f9d6ef3577abcba6013f733ea14f70115973,ATOM / USDt 0.15%,wagmi-kava,2428.5309,9.140022846,15.0
2026-03-22 10:00:00+00:00,1.76878256032239,1.76878256032239,1.76878256032239,1.76878256032239,0.0,cosmos_research,kava,0x0932f9d6ef3577abcba6013f733ea14f70115973,ATOM / USDt 0.15%,wagmi-kava,2428.5309,9.140022846,15.0
2026-03-22 11:00:00+00:00,1.76878256032239,1.76878256032239,1.76878256032239,1.76878256032239,0.0,cosmos_research,kava,0x0932f9d6ef3577abcba6013f733ea14f70115973,ATOM / USDt 0.15%,wagmi-kava,2428.5309,9.140022846,15.0
2026-03-22 12:00:00+00:00,1.76878256032239,1.77938926424347,1.76878256032239,1.77938926424347,1.3468977563511062,cosmos_research,kava,0x0932f9d6ef3577abcba6013f733ea14f70115973,ATOM / USDt 0.15%,wagmi-kava,2428.5309,9.140022846,15.0
2026-03-22 13:00:00+00:00,1.77938926424347,1.78364071218448,1.7717364299423,1.77608793971512,1.1594277839983116,cosmos_research,kava,0x0932f9d6ef3577abcba6013f733ea14f70115973,ATOM / USDt 0.15%,wagmi-kava,2428.5309,9.140022846,15.0
2026-03-22 14:00:00+00:00,1.77608793971512,1.77608793971512,1.77477014139312,1.77477014139312,0.159922762670793,cosmos_research,kava,0x0932f9d6ef3577abcba6013f733ea14f70115973,ATOM / USDt 0.15%,wagmi-kava,2428.5309,9.140022846,15.0
2026-03-22 15:00:00+00:00,1.77477014139312,1.79192063071664,1.77477014139312,1.7876524163297,1.934416456631679,cosmos_research,kava,0x0932f9d6ef3577abcba6013f733ea14f70115973,ATOM / USDt 0.15%,wagmi-kava,2428.5309,9.140022846,15.0
2026-03-22 16:00:00+00:00,1.7876524163297,1.79698465881996,1.7876524163297,1.79132218619334,3.031117554491946,cosmos_research,kava,0x0932f9d6ef3577abcba6013f733ea14f70115973,ATOM / USDt 0.15%,wagmi-kava,2428.5309,9.140022846,15.0
2026-03-22 17:00:00+00:00,1.79132218619334,1.79132218619334,1.79132218619334,1.79132218619334,0.0,cosmos_research,kava,0x0932f9d6ef3577abcba6013f733ea14f70115973,ATOM / USDt 0.15%,wagmi-kava,2428.5309,9.140022846,15.0
2026-03-22 18:00:00+00:00,1.79132218619334,1.79132218619334,1.78231235323438,1.78231235323438,0.520473200809839,cosmos_research,kava,0x0932f9d6ef3577abcba6013f733ea14f70115973,ATOM / USDt 0.15%,wagmi-kava,2428.5309,9.140022846,15.0
2026-03-22 19:00:00+00:00,1.78231235323438,1.78231235323438,1.77714495386674,1.77714495386674,0.525194316781377,cosmos_research,kava,0x0932f9d6ef3577abcba6013f733ea14f70115973,ATOM / USDt 0.15%,wagmi-kava,2428.5309,9.140022846,15.0
2026-03-22 20:00:00+00:00,1.77714495386674,1.77835384543107,1.77405097201125,1.77835384543107,0.9634464543752213,cosmos_research,kava,0x0932f9d6ef3577abcba6013f733ea14f70115973,ATOM / USDt 0.15%,wagmi-kava,2428.5309,9.140022846,15.0
2026-03-22 21:00:00+00:00,1.77835384543107,1.77960454832847,1.76293481611195,1.76557254875264,0.8946864825980616,cosmos_research,kava,0x0932f9d6ef3577abcba6013f733ea14f70115973,ATOM / USDt 0.15%,wagmi-kava,2428.5309,9.140022846,15.0
2026-03-22 22:00:00+00:00,1.76557254875264,1.77182185407554,1.75583573802403,1.76991059285587,1.6125820536584312,cosmos_research,kava,0x0932f9d6ef3577abcba6013f733ea14f70115973,ATOM / USDt 0.15%,wagmi-kava,2428.5309,9.140022846,15.0
2026-03-22 23:00:00+00:00,1.76991059285587,1.76991059285587,1.76991059285587,1.76991059285587,0.0,cosmos_research,kava,0x0932f9d6ef3577abcba6013f733ea14f70115973,ATOM / USDt 0.15%,wagmi-kava,2428.5309,9.140022846,15.0
2026-03-23 00:00:00+00:00,1.76991059285587,1.7820426202731,1.76736810312723,1.77416153920974,1.0841587492088742,cosmos_research,kava,0x0932f9d6ef3577abcba6013f733ea14f70115973,ATOM / USDt 0.15%,wagmi-kava,2428.5309,9.140022846,15.0
2026-03-23 01:00:00+00:00,1.77416153920974,1.77871191055794,1.76992043683602,1.77871191055794,0.5885112670094453,cosmos_research,kava,0x0932f9d6ef3577abcba6013f733ea14f70115973,ATOM / USDt 0.15%,wagmi-kava,2428.5309,9.140022846,15.0
2026-03-23 02:00:00+00:00,1.77871191055794,1.78373086581453,1.7769463697819,1.7769463697819,1.260278139482844,cosmos_research,kava,0x0932f9d6ef3577abcba6013f733ea14f70115973,ATOM / USDt 0.15%,wagmi-kava,2428.5309,9.140022846,15.0
2026-03-23 03:00:00+00:00,1.7769463697819,1.78323363022986,1.7769463697819,1.78025148702001,0.801047361186208,cosmos_research,kava,0x0932f9d6ef3577abcba6013f733ea14f70115973,ATOM / USDt 0.15%,wagmi-kava,2428.5309,9.140022846,15.0
2026-03-23 04:00:00+00:00,1.78025148702001,1.78197744287698,1.778190148808,1.78157638563229,0.7824998568154785,cosmos_research,kava,0x0932f9d6ef3577abcba6013f733ea14f70115973,ATOM / USDt 0.15%,wagmi-kava,2428.5309,9.140022846,15.0
2026-03-23 05:00:00+00:00,1.78157638563229,1.78157638563229,1.77952111972461,1.77972813418738,0.3839048352593473,cosmos_research,kava,0x0932f9d6ef3577abcba6013f733ea14f70115973,ATOM / USDt 0.15%,wagmi-kava,2428.5309,9.140022846,15.0
2026-03-23 06:00:00+00:00,1.77972813418738,1.77972813418738,1.76928088384096,1.76928088384096,0.83497055663822,cosmos_research,kava,0x0932f9d6ef3577abcba6013f733ea14f70115973,ATOM / USDt 0.15%,wagmi-kava,2428.5309,9.140022846,15.0
2026-03-23 07:00:00+00:00,1.76928088384096,1.76971955035197,1.75069461555717,1.7604142950018,2.6929622358957226,cosmos_research,kava,0x0932f9d6ef3577abcba6013f733ea14f70115973,ATOM / USDt 0.15%,wagmi-kava,2428.5309,9.140022846,15.0
2026-03-23 08:00:00+00:00,1.7604142950018,1.77516621134235,1.76013350126243,1.76397322724441,2.889834634267397,cosmos_research,kava,0x0932f9d6ef3577abcba6013f733ea14f70115973,ATOM / USDt 0.15%,wagmi-kava,2428.5309,9.140022846,15.0
2026-03-23 09:00:00+00:00,1.76397322724441,1.76416714690804,1.75657727930386,1.75978053878272,0.6638960198485006,cosmos_research,kava,0x0932f9d6ef3577abcba6013f733ea14f70115973,ATOM / USDt 0.15%,wagmi-kava,2428.5309,9.140022846,15.0
2026-03-23 10:00:00+00:00,1.75978053878272,1.77659177044062,1.75978053878272,1.77639903462777,3.3998583881660247,cosmos_research,kava,0x0932f9d6ef3577abcba6013f733ea14f70115973,ATOM / USDt 0.15%,wagmi-kava,2428.5309,9.140022846,15.0
2026-03-23 11:00:00+00:00,1.77639903462777,1.83892450709852,1.77639903462777,1.81719710635482,13.181686139524603,cosmos_research,kava,0x0932f9d6ef3577abcba6013f733ea14f70115973,ATOM / USDt 0.15%,wagmi-kava,2428.5309,9.140022846,15.0
2026-03-23 12:00:00+00:00,1.81719710635482,1.82454453047007,1.81481975544408,1.82116081621674,3.3385282476109235,cosmos_research,kava,0x0932f9d6ef3577abcba6013f733ea14f70115973,ATOM / USDt 0.15%,wagmi-kava,2428.5309,9.140022846,15.0
2026-03-23 13:00:00+00:00,1.82116081621674,1.84020472545051,1.82116081621674,1.84020472545051,2.440003547753706,cosmos_research,kava,0x0932f9d6ef3577abcba6013f733ea14f70115973,ATOM / USDt 0.15%,wagmi-kava,2428.5309,9.140022846,15.0
2026-03-23 14:00:00+00:00,1.84020472545051,1.84020472545051,1.79896696678968,1.8074742034546,5.633427866969866,cosmos_research,kava,0x0932f9d6ef3577abcba6013f733ea14f70115973,ATOM / USDt 0.15%,wagmi-kava,2428.5309,9.140022846,15.0
2026-03-23 15:00:00+00:00,1.8074742034546,1.81532729370524,1.79025561654293,1.79025561654293,3.514217191112152,cosmos_research,kava,0x0932f9d6ef3577abcba6013f733ea14f70115973,ATOM / USDt 0.15%,wagmi-kava,2428.5309,9.140022846,15.0
2026-03-23 16:00:00+00:00,1.79025561654293,1.79881106529821,1.77381035434649,1.77381035434649,2.3193359692876965,cosmos_research,kava,0x0932f9d6ef3577abcba6013f733ea14f70115973,ATOM / USDt 0.15%,wagmi-kava,2428.5309,9.140022846,15.0
2026-03-23 17:00:00+00:00,1.77381035434649,1.77697329478742,1.76626284448687,1.76899418899497,4.436033408451542,cosmos_research,kava,0x0932f9d6ef3577abcba6013f733ea14f70115973,ATOM / USDt 0.15%,wagmi-kava,2428.5309,9.140022846,15.0
2026-03-23 18:00:00+00:00,1.76899418899497,1.77441210683799,1.75470056412407,1.76719337543088,3.756676004899383,cosmos_research,kava,0x0932f9d6ef3577abcba6013f733ea14f70115973,ATOM / USDt 0.15%,wagmi-kava,2428.5309,9.140022846,15.0
2026-03-23 19:00:00+00:00,1.76719337543088,1.77473742621987,1.74987822521933,1.74991387102468,0.5758131405731701,cosmos_research,kava,0x0932f9d6ef3577abcba6013f733ea14f70115973,ATOM / USDt 0.15%,wagmi-kava,2428.5309,9.140022846,15.0
2026-03-23 20:00:00+00:00,1.74991387102468,1.77844733785455,1.74991387102468,1.77844733785455,2.2310125437547943,cosmos_research,kava,0x0932f9d6ef3577abcba6013f733ea14f70115973,ATOM / USDt 0.15%,wagmi-kava,2428.5309,9.140022846,15.0
2026-03-23 21:00:00+00:00,1.77844733785455,1.78444844446768,1.77844733785455,1.77914609254564,0.7992707685427398,cosmos_research,kava,0x0932f9d6ef3577abcba6013f733ea14f70115973,ATOM / USDt 0.15%,wagmi-kava,2428.5309,9.140022846,15.0
2026-03-23 22:00:00+00:00,1.77914609254564,1.787344052263,1.77360069509236,1.7744137868401,1.8644674636909953,cosmos_research,kava,0x0932f9d6ef3577abcba6013f733ea14f70115973,ATOM / USDt 0.15%,wagmi-kava,2428.5309,9.140022846,15.0
2026-03-23 23:00:00+00:00,1.7744137868401,1.77873872378319,1.76865227083351,1.77873872378319,1.4223842013539678,cosmos_research,kava,0x0932f9d6ef3577abcba6013f733ea14f70115973,ATOM / USDt 0.15%,wagmi-kava,2428.5309,9.140022846,15.0
2026-03-24 00:00:00+00:00,1.77873872378319,1.78857105245421,1.77498471535703,1.77934139677598,2.2605277335800475,cosmos_research,kava,0x0932f9d6ef3577abcba6013f733ea14f70115973,ATOM / USDt 0.15%,wagmi-kava,2428.5309,9.140022846,15.0
2026-03-24 01:00:00+00:00,1.77934139677598,1.7894316761175,1.77934139677598,1.78796525677065,1.093468606456305,cosmos_research,kava,0x0932f9d6ef3577abcba6013f733ea14f70115973,ATOM / USDt 0.15%,wagmi-kava,2428.5309,9.140022846,15.0
2026-03-24 02:00:00+00:00,1.78796525677065,1.79311452053834,1.78290569449763,1.79311452053834,0.9798315759348384,cosmos_research,kava,0x0932f9d6ef3577abcba6013f733ea14f70115973,ATOM / USDt 0.15%,wagmi-kava,2428.5309,9.140022846,15.0
2026-03-24 03:00:00+00:00,1.79311452053834,1.79311452053834,1.7786107122797,1.7786107122797,1.328045095411502,cosmos_research,kava,0x0932f9d6ef3577abcba6013f733ea14f70115973,ATOM / USDt 0.15%,wagmi-kava,2428.5309,9.140022846,15.0
2026-03-24 04:00:00+00:00,1.7786107122797,1.78331803243728,1.7786107122797,1.78331803243728,0.35127636288884,cosmos_research,kava,0x0932f9d6ef3577abcba6013f733ea14f70115973,ATOM / USDt 0.15%,wagmi-kava,2428.5309,9.140022846,15.0
2026-03-24 05:00:00+00:00,1.78331803243728,1.78331803243728,1.78331803243728,1.78331803243728,0.0,cosmos_research,kava,0x0932f9d6ef3577abcba6013f733ea14f70115973,ATOM / USDt 0.15%,wagmi-kava,2428.5309,9.140022846,15.0
2026-03-24 06:00:00+00:00,1.78331803243728,1.78331803243728,1.77034776861619,1.77034776861619,0.4323440009895355,cosmos_research,kava,0x0932f9d6ef3577abcba6013f733ea14f70115973,ATOM / USDt 0.15%,wagmi-kava,2428.5309,9.140022846,15.0
2026-03-24 07:00:00+00:00,1.77034776861619,1.78543929254317,1.77034776861619,1.78543929254317,1.0842315707249157,cosmos_research,kava,0x0932f9d6ef3577abcba6013f733ea14f70115973,ATOM / USDt 0.15%,wagmi-kava,2428.5309,9.140022846,15.0
2026-03-24 08:00:00+00:00,1.78543929254317,1.78543929254317,1.78543929254317,1.78543929254317,0.0,cosmos_research,kava,0x0932f9d6ef3577abcba6013f733ea14f70115973,ATOM / USDt 0.15%,wagmi-kava,2428.5309,9.140022846,15.0
2026-03-24 09:00:00+00:00,1.78543929254317,1.79165816570686,1.77441860112616,1.77441860112616,1.1508114624409862,cosmos_research,kava,0x0932f9d6ef3577abcba6013f733ea14f70115973,ATOM / USDt 0.15%,wagmi-kava,2428.5309,9.140022846,15.0
2026-03-24 10:00:00+00:00,1.77441860112616,1.78249893416205,1.77441860112616,1.78249893416205,0.458554463148166,cosmos_research,kava,0x0932f9d6ef3577abcba6013f733ea14f70115973,ATOM / USDt 0.15%,wagmi-kava,2428.5309,9.140022846,15.0
2026-03-24 11:00:00+00:00,1.78249893416205,1.78880070952106,1.78084478528732,1.78880070952106,0.721116833330894,cosmos_research,kava,0x0932f9d6ef3577abcba6013f733ea14f70115973,ATOM / USDt 0.15%,wagmi-kava,2428.5309,9.140022846,15.0
2026-03-24 12:00:00+00:00,1.78880070952106,1.79280193845734,1.78183933880155,1.78776577558149,1.2309367514703633,cosmos_research,kava,0x0932f9d6ef3577abcba6013f733ea14f70115973,ATOM / USDt 0.15%,wagmi-kava,2428.5309,9.140022846,15.0
2026-03-24 13:00:00+00:00,1.78776577558149,1.78776577558149,1.78123113019505,1.78123113019505,0.598120089047992,cosmos_research,kava,0x0932f9d6ef3577abcba6013f733ea14f70115973,ATOM / USDt 0.15%,wagmi-kava,2428.5309,9.140022846,15.0
2026-03-24 14:00:00+00:00,1.78123113019505,1.78461608306451,1.7696708166895,1.77310445785266,1.6292760865906595,cosmos_research,kava,0x0932f9d6ef3577abcba6013f733ea14f70115973,ATOM / USDt 0.15%,wagmi-kava,2428.5309,9.140022846,15.0
