block_number,block_timestamp,base_fee_per_gas_wei,gas_used,gas_limit
24653049,2026-03-14 03:31:59+00:00,29289540,55022242,60000000
24653331,2026-03-14 04:28:23+00:00,30781052,21208574,60000000
24653450,2026-03-14 04:52:11+00:00,29152680,36535782,60000000
24653454,2026-03-14 04:53:11+00:00,29041752,11395726,60000000
24653455,2026-03-14 04:53:23+00:00,26790500,22414507,60000000
24653456,2026-03-14 04:53:35+00:00,25943754,19310317,60000000
24653462,2026-03-14 04:54:47+00:00,31191848,9373085,59999943
24653477,2026-03-14 04:57:47+00:00,29012514,59995492,60000000
24653803,2026-03-14 06:02:59+00:00,34114918,41668512,60000000
24653809,2026-03-14 06:04:11+00:00,30332978,59937181,59941351
24653846,2026-03-14 06:11:35+00:00,30402543,22307808,60000000
24653926,2026-03-14 06:27:47+00:00,31519987,35867385,59941408
24653974,2026-03-14 06:37:23+00:00,29174359,59300826,60000000
24653985,2026-03-14 06:39:35+00:00,40373810,54909207,59941408
24654015,2026-03-14 06:45:35+00:00,31815569,37742597,60000000
24654049,2026-03-14 06:52:23+00:00,29094004,55976176,60000000
24654080,2026-03-14 06:58:35+00:00,34475911,25506859,60000000
24654108,2026-03-14 07:04:11+00:00,39593876,27382717,60000000
24654146,2026-03-14 07:11:59+00:00,50366467,11437131,60000000
24654148,2026-03-14 07:12:23+00:00,44568615,59799459,60000000
24654565,2026-03-14 08:36:23+00:00,37488777,59988437,60000000
24654596,2026-03-14 08:42:35+00:00,37929046,55252267,60000000
24654604,2026-03-14 08:44:11+00:00,39663244,59988472,60000000
24654626,2026-03-14 08:48:35+00:00,38873438,59860869,59941408
24654627,2026-03-14 08:48:47+00:00,43719559,44270793,59999943
24654630,2026-03-14 08:49:23+00:00,41642820,27011612,60000000
24654776,2026-03-14 09:18:35+00:00,43919220,35877300,60000000
24654786,2026-03-14 09:20:35+00:00,40920050,14842395,60000000
24654806,2026-03-14 09:24:35+00:00,37493248,58617450,59999943
24654808,2026-03-14 09:24:59+00:00,45545498,19423692,60000000
24654810,2026-03-14 09:25:23+00:00,41570859,41936044,59999943
24654924,2026-03-14 09:48:11+00:00,32313222,19807746,60000000
24654928,2026-03-14 09:48:59+00:00,36495574,59993377,60000000
24654942,2026-03-14 09:51:47+00:00,40700090,58599589,59941408
24654973,2026-03-14 09:57:59+00:00,40951763,28259778,60000000
24655050,2026-03-14 10:13:23+00:00,40473361,54909449,60000000
24655067,2026-03-14 10:16:47+00:00,29315755,59980332,60000000
24655151,2026-03-14 10:33:47+00:00,41553139,37394130,59941408
24655157,2026-03-14 10:34:59+00:00,46369866,18280414,60000000
24655159,2026-03-14 10:35:23+00:00,41830157,59906937,60000000
24655187,2026-03-14 10:40:59+00:00,37549111,6610037,60000000
24655188,2026-03-14 10:41:11+00:00,33889644,55615040,60000000
24655210,2026-03-14 10:45:35+00:00,30912039,23248084,60000000
24655211,2026-03-14 10:45:47+00:00,30042392,49802226,60000000
24655251,2026-03-14 10:53:59+00:00,30711274,16893815,59941408
24655332,2026-03-14 11:10:11+00:00,33910991,16679320,60000000
24655608,2026-03-14 12:05:23+00:00,33375035,24373236,59882873
24655629,2026-03-14 12:09:35+00:00,31272594,53390652,60000000
24655672,2026-03-14 12:18:23+00:00,45833536,38500654,60000000
24656103,2026-03-14 13:44:35+00:00,44949738,41882659,60000000
24656500,2026-03-14 15:04:11+00:00,42862008,43183145,60000000
24656509,2026-03-14 15:05:59+00:00,41750211,21023439,60000000
24656520,2026-03-14 15:08:11+00:00,40907788,21981658,59999943
24656860,2026-03-14 16:16:47+00:00,42438545,37044771,59941408
24657485,2026-03-14 18:22:47+00:00,37503109,40767267,60000000
24657633,2026-03-14 18:52:35+00:00,29936104,59536865,60000000
24657815,2026-03-14 19:29:11+00:00,29549341,43000084,60000000
24657885,2026-03-14 19:43:11+00:00,40026118,33830917,60000000
24657988,2026-03-14 20:03:47+00:00,42681551,31995724,60000000
24658182,2026-03-14 20:42:47+00:00,37750131,26382802,60000000
24658196,2026-03-14 20:45:35+00:00,31558717,59016908,60000000
24658218,2026-03-14 20:49:59+00:00,34773747,59376946,60000000
24658220,2026-03-14 20:50:23+00:00,38030210,39116901,60058592
24658241,2026-03-14 20:54:35+00:00,36691395,22072870,60000000
24658251,2026-03-14 20:56:35+00:00,31619374,14521329,59941180
24658253,2026-03-14 20:56:59+00:00,32944400,37499863,60000000
24658257,2026-03-14 20:57:47+00:00,31340483,28449319,60000000
24658271,2026-03-14 21:00:35+00:00,30686471,45749587,60000000
24658272,2026-03-14 21:00:47+00:00,32700217,29892335,60000000
24658277,2026-03-14 21:01:47+00:00,29631879,58799434,60000000
24658346,2026-03-14 21:15:35+00:00,28779864,13318329,60000000
24658395,2026-03-14 21:25:35+00:00,29677830,59550413,60000000
24658499,2026-03-14 21:46:23+00:00,30405156,42854892,59999943
24658514,2026-03-14 21:49:23+00:00,28592575,59626157,59941408
24658519,2026-03-14 21:50:23+00:00,32514762,39424641,59999829
24658684,2026-03-14 22:23:35+00:00,29361598,59153645,60000000
24658689,2026-03-14 22:24:35+00:00,29764535,58002146,59999943
24658880,2026-03-14 23:02:59+00:00,24858227,18412980,60000000
24658881,2026-03-14 23:03:11+00:00,23658091,18061072,60000000
24658889,2026-03-14 23:04:47+00:00,26839282,59606017,59941408
24658890,2026-03-14 23:04:59+00:00,30156648,59999715,59999943
24658897,2026-03-14 23:06:23+00:00,32535346,23745465,60000000
24658909,2026-03-14 23:08:47+00:00,40762378,9956455,59941408
24658919,2026-03-14 23:10:47+00:00,40464839,14477822,60000000
24659215,2026-03-15 00:10:23+00:00,26195348,43694613,59882873
24659440,2026-03-15 00:55:59+00:00,24463228,50156789,60000000
24659938,2026-03-15 02:35:59+00:00,26305018,40048651,59941408
24659941,2026-03-15 02:36:35+00:00,25619106,34765793,59941408
24659981,2026-03-15 02:44:35+00:00,27226272,28180615,60000000
24660043,2026-03-15 02:56:59+00:00,26807560,33365173,60000000
24660140,2026-03-15 03:16:23+00:00,24717874,51495258,60000000
24660198,2026-03-15 03:27:59+00:00,27156232,43584637,60000000
24660249,2026-03-15 03:38:11+00:00,27727637,39975209,60000000
24660850,2026-03-15 05:38:47+00:00,32713796,27213710,60000000
24660866,2026-03-15 05:41:59+00:00,30147929,47744655,60000000
24661154,2026-03-15 06:39:47+00:00,39320009,14671868,60000000
24661480,2026-03-15 07:45:11+00:00,26093249,56795812,60000000
24661607,2026-03-15 08:10:59+00:00,29610366,53581759,60000000
24661863,2026-03-15 09:02:23+00:00,32988417,31327748,59999943
24662262,2026-03-15 10:22:11+00:00,28412761,27700969,60000000
24662283,2026-03-15 10:26:23+00:00,28141666,20974136,60000000
24662376,2026-03-15 10:44:59+00:00,25709263,30629660,60000000
24662424,2026-03-15 10:54:35+00:00,25967613,55438818,60000000
24662465,2026-03-15 11:02:47+00:00,26065415,30918848,60000000
24662468,2026-03-15 11:03:23+00:00,24449093,59989178,60000000
24662472,2026-03-15 11:04:11+00:00,25626948,53101851,60000000
24662475,2026-03-15 11:04:47+00:00,27087963,34640090,60000000
24662486,2026-03-15 11:06:59+00:00,25988876,20748295,60000000
24662733,2026-03-15 11:56:59+00:00,30267771,59932993,59941408
24662815,2026-03-15 12:13:23+00:00,34253163,7805826,60000000
24663099,2026-03-15 13:10:23+00:00,37606838,41164211,60000000
24663102,2026-03-15 13:10:59+00:00,44616780,38658521,60000000
24663140,2026-03-15 13:18:47+00:00,53471437,22676955,60000000
24663142,2026-03-15 13:19:11+00:00,57095395,54319381,60000000
24663191,2026-03-15 13:28:59+00:00,39698459,16134149,60000000
24663199,2026-03-15 13:30:35+00:00,34164466,55460190,60000000
24663201,2026-03-15 13:30:59+00:00,42443057,45658034,60000000
24663208,2026-03-15 13:32:23+00:00,39440585,34439115,60000000
24663217,2026-03-15 13:34:11+00:00,34831084,34735634,60000000
24663277,2026-03-15 13:46:11+00:00,47550763,26785555,60000000
24663521,2026-03-15 14:35:11+00:00,143512858,18205102,59941408
24663530,2026-03-15 14:36:59+00:00,130699151,59111442,60000000
24663956,2026-03-15 16:02:11+00:00,39561885,37581696,59941351
24664520,2026-03-15 17:55:11+00:00,37134598,37281106,60000000
24664531,2026-03-15 17:57:23+00:00,59918233,37389443,60000000
24664714,2026-03-15 18:33:59+00:00,37350111,20955277,60000000
24664728,2026-03-15 18:36:47+00:00,40370845,56002270,60000000
24664782,2026-03-15 18:47:35+00:00,30465797,59969683,60000000
24664851,2026-03-15 19:01:35+00:00,37390147,31615592,60000000
24664852,2026-03-15 19:01:47+00:00,37641843,34439238,60000000
24664857,2026-03-15 19:02:47+00:00,38242481,26929181,60000000
24664868,2026-03-15 19:04:59+00:00,33977828,17407052,59941408
24664869,2026-03-15 19:05:11+00:00,32197400,31439172,59999943
24664895,2026-03-15 19:10:23+00:00,31835707,14894210,60000000
24664907,2026-03-15 19:12:47+00:00,32626169,55401188,60000000
24664909,2026-03-15 19:13:11+00:00,33440077,23764497,59999943
24664910,2026-03-15 19:13:23+00:00,32571265,59934604,59941351
24664911,2026-03-15 19:13:35+00:00,36641756,32857749,59999886
24664912,2026-03-15 19:13:47+00:00,37078069,13901746,60000000
24664913,2026-03-15 19:13:59+00:00,34591019,20212364,60000000
24664914,2026-03-15 19:14:23+00:00,33180335,44985126,60000000
24664915,2026-03-15 19:14:35+00:00,35252049,28191193,60000000
24664916,2026-03-15 19:14:47+00:00,34986366,55749876,60000000
24664968,2026-03-15 19:25:11+00:00,34285983,23071420,60000000
24664987,2026-03-15 19:28:59+00:00,33857947,49063835,60000000
24665131,2026-03-15 19:57:47+00:00,27297896,29891120,59999829
24665143,2026-03-15 20:00:11+00:00,30915516,15745573,59941408
24665266,2026-03-15 20:24:47+00:00,31860455,26558181,60000000
24665290,2026-03-15 20:29:35+00:00,25358146,58694458,60000000
24665292,2026-03-15 20:29:59+00:00,30081125,27464450,60000000
24665293,2026-03-15 20:30:11+00:00,29763325,48258571,60000000
24665295,2026-03-15 20:30:35+00:00,32367885,17539676,60000000
24665296,2026-03-15 20:30:47+00:00,30687409,19509395,60000000
24665297,2026-03-15 20:30:59+00:00,29346037,27139728,60000000
24665298,2026-03-15 20:31:11+00:00,28996297,33674895,60000000
24665300,2026-03-15 20:31:35+00:00,27516856,33829274,59999943
24665323,2026-03-15 20:36:11+00:00,28055038,59985691,60000000
24665324,2026-03-15 20:36:23+00:00,31560245,46826042,60000000
24665328,2026-03-15 20:37:11+00:00,31049050,10923002,60000000
24665330,2026-03-15 20:37:35+00:00,31759263,17497879,60000000
24665331,2026-03-15 20:37:47+00:00,30104855,52610915,60000000
24665340,2026-03-15 20:39:35+00:00,43333964,59862269,59882816
24665493,2026-03-15 21:10:23+00:00,28212680,51545028,59999943
24665775,2026-03-15 22:06:47+00:00,33339936,13066129,60000000
24665829,2026-03-15 22:17:35+00:00,42203979,50961441,60000000
24665867,2026-03-15 22:25:11+00:00,31929452,32802571,60000000
24665899,2026-03-15 22:32:11+00:00,24935374,18777128,60000000
24665900,2026-03-15 22:32:23+00:00,23769347,24357578,59941408
24665902,2026-03-15 22:32:47+00:00,21801367,53212015,60000000
24665911,2026-03-15 22:34:35+00:00,28486838,9102191,60000000
24665913,2026-03-15 22:34:59+00:00,26077670,23347572,60000000
24665933,2026-03-15 22:38:59+00:00,35308415,16925214,60000000
24665934,2026-03-15 22:39:11+00:00,33384874,29551186,59941408
24665941,2026-03-15 22:40:35+00:00,47157872,14013095,59999772
24665947,2026-03-15 22:41:47+00:00,40638685,52391500,60000000
24665948,2026-03-15 22:41:59+00:00,44430189,59998694,60000000
24665949,2026-03-15 22:42:11+00:00,49983720,44412960,60000000
24665951,2026-03-15 22:42:35+00:00,59606450,59823158,60000000
24665955,2026-03-15 22:43:23+00:00,58394548,37236081,60000000
24665956,2026-03-15 22:43:35+00:00,60155163,25825620,60000000
24665966,2026-03-15 22:45:35+00:00,87938273,26418013,60000000
24665994,2026-03-15 22:51:11+00:00,129418903,20866893,60000000
24665995,2026-03-15 22:51:23+00:00,124493917,59985780,60000000
24666002,2026-03-15 22:52:47+00:00,144965473,29210861,60000000
24666005,2026-03-15 22:53:23+00:00,136365801,30741548,60000000
24666052,2026-03-15 23:02:47+00:00,201793337,40847640,59941408
24666067,2026-03-15 23:05:47+00:00,232591270,34217117,60000000
24666071,2026-03-15 23:06:35+00:00,242498030,24487910,59999943
24666075,2026-03-15 23:07:23+00:00,229822963,48035167,60000000
24666081,2026-03-15 23:08:35+00:00,215299424,44861780,60000000
24666083,2026-03-15 23:08:59+00:00,212672272,13026222,60000000
24666092,2026-03-15 23:10:47+00:00,232602202,24907824,60000000
24666099,2026-03-15 23:12:11+00:00,273478473,47408782,60000000
24666208,2026-03-15 23:33:59+00:00,101304397,18820280,60000000
24666212,2026-03-15 23:34:47+00:00,119062378,18017521,60000000
24666216,2026-03-15 23:35:35+00:00,131639457,35635172,60000000
24666217,2026-03-15 23:35:47+00:00,134730336,15911274,60000000
24666218,2026-03-15 23:35:59+00:00,126821258,41100333,60000000
24666219,2026-03-15 23:36:11+00:00,132686917,15630923,60000000
24666261,2026-03-15 23:44:35+00:00,80598816,43830168,60000000
