dex,pair_address,block_number,transaction_hash,log_index,event_name,topic0,removed
uniswap_v2,0xbb2b8038a1640196fbe3e38816f3e67cba72d940,24653049,0x2448a640cadde6d22b3b576a5ddd5b88dbfa6d6afc40071770ab5d3bfcb22a24,162,Sync,0x1c411e9a96e071241c2f21f7726b17ae89e3cab4c78be50e062b03a9fffbbad1,False
uniswap_v2,0xbb2b8038a1640196fbe3e38816f3e67cba72d940,24653049,0x2448a640cadde6d22b3b576a5ddd5b88dbfa6d6afc40071770ab5d3bfcb22a24,163,Mint,0x4c209b5fc8ad50758f13e2e1088ba56a560dff690a1c6fef26394f4c03821c4f,False
uniswap_v2,0xbb2b8038a1640196fbe3e38816f3e67cba72d940,24653049,0x2448a640cadde6d22b3b576a5ddd5b88dbfa6d6afc40071770ab5d3bfcb22a24,199,Sync,0x1c411e9a96e071241c2f21f7726b17ae89e3cab4c78be50e062b03a9fffbbad1,False
uniswap_v2,0xbb2b8038a1640196fbe3e38816f3e67cba72d940,24653049,0x2448a640cadde6d22b3b576a5ddd5b88dbfa6d6afc40071770ab5d3bfcb22a24,200,Burn,0xdccd412f0b1252819cb1fd330b93224ca42612892bb3f4f789976e6d81936496,False
uniswap_v2,0xbb2b8038a1640196fbe3e38816f3e67cba72d940,24653331,0x1ae2f47bf512e8d20176bdcca028876e76c2d5740fc0ee707d493b328c97a767,146,Sync,0x1c411e9a96e071241c2f21f7726b17ae89e3cab4c78be50e062b03a9fffbbad1,False
uniswap_v2,0xbb2b8038a1640196fbe3e38816f3e67cba72d940,24653331,0x1ae2f47bf512e8d20176bdcca028876e76c2d5740fc0ee707d493b328c97a767,147,Swap,0xd78ad95fa46c994b6551d0da85fc275fe613ce37657fb8d5e3d130840159d822,False
uniswap_v2,0xbb2b8038a1640196fbe3e38816f3e67cba72d940,24653450,0x2128978b7307a48fdbcd30a42db968cd180b26dbcf3495300b046671884a47ed,210,Sync,0x1c411e9a96e071241c2f21f7726b17ae89e3cab4c78be50e062b03a9fffbbad1,False
uniswap_v2,0xbb2b8038a1640196fbe3e38816f3e67cba72d940,24653450,0x2128978b7307a48fdbcd30a42db968cd180b26dbcf3495300b046671884a47ed,211,Swap,0xd78ad95fa46c994b6551d0da85fc275fe613ce37657fb8d5e3d130840159d822,False
sushiswap_v2,0xceff51756c56ceffca006cd410b03ffc46dd3a58,24653450,0x2128978b7307a48fdbcd30a42db968cd180b26dbcf3495300b046671884a47ed,225,Sync,0x1c411e9a96e071241c2f21f7726b17ae89e3cab4c78be50e062b03a9fffbbad1,False
sushiswap_v2,0xceff51756c56ceffca006cd410b03ffc46dd3a58,24653450,0x2128978b7307a48fdbcd30a42db968cd180b26dbcf3495300b046671884a47ed,226,Swap,0xd78ad95fa46c994b6551d0da85fc275fe613ce37657fb8d5e3d130840159d822,False
uniswap_v2,0xbb2b8038a1640196fbe3e38816f3e67cba72d940,24653454,0x193ff1a8ce0ef96612677f7612cc1d6f0601695b05d0cbb58c4bcdb304bd515e,178,Sync,0x1c411e9a96e071241c2f21f7726b17ae89e3cab4c78be50e062b03a9fffbbad1,False
uniswap_v2,0xbb2b8038a1640196fbe3e38816f3e67cba72d940,24653454,0x193ff1a8ce0ef96612677f7612cc1d6f0601695b05d0cbb58c4bcdb304bd515e,179,Swap,0xd78ad95fa46c994b6551d0da85fc275fe613ce37657fb8d5e3d130840159d822,False
sushiswap_v2,0xceff51756c56ceffca006cd410b03ffc46dd3a58,24653454,0x193ff1a8ce0ef96612677f7612cc1d6f0601695b05d0cbb58c4bcdb304bd515e,236,Sync,0x1c411e9a96e071241c2f21f7726b17ae89e3cab4c78be50e062b03a9fffbbad1,False
sushiswap_v2,0xceff51756c56ceffca006cd410b03ffc46dd3a58,24653454,0x193ff1a8ce0ef96612677f7612cc1d6f0601695b05d0cbb58c4bcdb304bd515e,237,Swap,0xd78ad95fa46c994b6551d0da85fc275fe613ce37657fb8d5e3d130840159d822,False
uniswap_v2,0xbb2b8038a1640196fbe3e38816f3e67cba72d940,24653455,0xf696933bf7ceb1c6f7833db241121b8a1254d0344249817cd271d024d07b1e5e,176,Sync,0x1c411e9a96e071241c2f21f7726b17ae89e3cab4c78be50e062b03a9fffbbad1,False
uniswap_v2,0xbb2b8038a1640196fbe3e38816f3e67cba72d940,24653455,0xf696933bf7ceb1c6f7833db241121b8a1254d0344249817cd271d024d07b1e5e,177,Swap,0xd78ad95fa46c994b6551d0da85fc275fe613ce37657fb8d5e3d130840159d822,False
sushiswap_v2,0xceff51756c56ceffca006cd410b03ffc46dd3a58,24653456,0xdcd7b465450091aace1d94db32f572750de7648e32c6e07a90053a8df54a594c,186,Sync,0x1c411e9a96e071241c2f21f7726b17ae89e3cab4c78be50e062b03a9fffbbad1,False
sushiswap_v2,0xceff51756c56ceffca006cd410b03ffc46dd3a58,24653456,0xdcd7b465450091aace1d94db32f572750de7648e32c6e07a90053a8df54a594c,187,Swap,0xd78ad95fa46c994b6551d0da85fc275fe613ce37657fb8d5e3d130840159d822,False
uniswap_v2,0xbb2b8038a1640196fbe3e38816f3e67cba72d940,24653456,0x67b229e7ae3b434ed242893a9aac70a6bc03df8641aac8d144705bad36056ee0,315,Sync,0x1c411e9a96e071241c2f21f7726b17ae89e3cab4c78be50e062b03a9fffbbad1,False
uniswap_v2,0xbb2b8038a1640196fbe3e38816f3e67cba72d940,24653456,0x67b229e7ae3b434ed242893a9aac70a6bc03df8641aac8d144705bad36056ee0,316,Swap,0xd78ad95fa46c994b6551d0da85fc275fe613ce37657fb8d5e3d130840159d822,False
uniswap_v2,0xbb2b8038a1640196fbe3e38816f3e67cba72d940,24653462,0xf9476666b230a7c39b703587ae0c888aecb7d3b48dad042073d2abfe638fe9c8,261,Sync,0x1c411e9a96e071241c2f21f7726b17ae89e3cab4c78be50e062b03a9fffbbad1,False
uniswap_v2,0xbb2b8038a1640196fbe3e38816f3e67cba72d940,24653462,0xf9476666b230a7c39b703587ae0c888aecb7d3b48dad042073d2abfe638fe9c8,262,Swap,0xd78ad95fa46c994b6551d0da85fc275fe613ce37657fb8d5e3d130840159d822,False
uniswap_v2,0xbb2b8038a1640196fbe3e38816f3e67cba72d940,24653477,0xebf650f91fd1fc851756f159a1f079028e77f3df5df9de07fd3264d67e1b5da1,146,Sync,0x1c411e9a96e071241c2f21f7726b17ae89e3cab4c78be50e062b03a9fffbbad1,False
uniswap_v2,0xbb2b8038a1640196fbe3e38816f3e67cba72d940,24653477,0xebf650f91fd1fc851756f159a1f079028e77f3df5df9de07fd3264d67e1b5da1,147,Swap,0xd78ad95fa46c994b6551d0da85fc275fe613ce37657fb8d5e3d130840159d822,False
sushiswap_v2,0xceff51756c56ceffca006cd410b03ffc46dd3a58,24653803,0xa93d5b6d8867a777fb18a805ade4a6905d6eae587465103ef5d184af86633d49,651,Sync,0x1c411e9a96e071241c2f21f7726b17ae89e3cab4c78be50e062b03a9fffbbad1,False
sushiswap_v2,0xceff51756c56ceffca006cd410b03ffc46dd3a58,24653803,0xa93d5b6d8867a777fb18a805ade4a6905d6eae587465103ef5d184af86633d49,652,Swap,0xd78ad95fa46c994b6551d0da85fc275fe613ce37657fb8d5e3d130840159d822,False
uniswap_v2,0xbb2b8038a1640196fbe3e38816f3e67cba72d940,24653809,0x11e99ba667eebf10a4c78d3e9cc104272a7d809d9bc66ef8c67156290f5e6421,312,Sync,0x1c411e9a96e071241c2f21f7726b17ae89e3cab4c78be50e062b03a9fffbbad1,False
uniswap_v2,0xbb2b8038a1640196fbe3e38816f3e67cba72d940,24653809,0x11e99ba667eebf10a4c78d3e9cc104272a7d809d9bc66ef8c67156290f5e6421,313,Mint,0x4c209b5fc8ad50758f13e2e1088ba56a560dff690a1c6fef26394f4c03821c4f,False
uniswap_v2,0xbb2b8038a1640196fbe3e38816f3e67cba72d940,24653809,0x11e99ba667eebf10a4c78d3e9cc104272a7d809d9bc66ef8c67156290f5e6421,349,Sync,0x1c411e9a96e071241c2f21f7726b17ae89e3cab4c78be50e062b03a9fffbbad1,False
uniswap_v2,0xbb2b8038a1640196fbe3e38816f3e67cba72d940,24653809,0x11e99ba667eebf10a4c78d3e9cc104272a7d809d9bc66ef8c67156290f5e6421,350,Burn,0xdccd412f0b1252819cb1fd330b93224ca42612892bb3f4f789976e6d81936496,False
sushiswap_v2,0xceff51756c56ceffca006cd410b03ffc46dd3a58,24653846,0x33ec320daa28ed73e75bf99722efbcfdc1811748fadbe8b3bbc948579055bc86,456,Sync,0x1c411e9a96e071241c2f21f7726b17ae89e3cab4c78be50e062b03a9fffbbad1,False
sushiswap_v2,0xceff51756c56ceffca006cd410b03ffc46dd3a58,24653846,0x33ec320daa28ed73e75bf99722efbcfdc1811748fadbe8b3bbc948579055bc86,457,Swap,0xd78ad95fa46c994b6551d0da85fc275fe613ce37657fb8d5e3d130840159d822,False
sushiswap_v2,0xceff51756c56ceffca006cd410b03ffc46dd3a58,24653926,0x3e2111e17573f2563fd0827f3600836a51cc923e9d0cacb6adf742d5cb1a15ea,595,Sync,0x1c411e9a96e071241c2f21f7726b17ae89e3cab4c78be50e062b03a9fffbbad1,False
sushiswap_v2,0xceff51756c56ceffca006cd410b03ffc46dd3a58,24653926,0x3e2111e17573f2563fd0827f3600836a51cc923e9d0cacb6adf742d5cb1a15ea,596,Swap,0xd78ad95fa46c994b6551d0da85fc275fe613ce37657fb8d5e3d130840159d822,False
sushiswap_v2,0xceff51756c56ceffca006cd410b03ffc46dd3a58,24653974,0x64e34e994046fd44c0fd4e2baaf3ff35c9c8f399b492c5dd780cf319b016a0b5,1012,Sync,0x1c411e9a96e071241c2f21f7726b17ae89e3cab4c78be50e062b03a9fffbbad1,False
sushiswap_v2,0xceff51756c56ceffca006cd410b03ffc46dd3a58,24653974,0x64e34e994046fd44c0fd4e2baaf3ff35c9c8f399b492c5dd780cf319b016a0b5,1013,Swap,0xd78ad95fa46c994b6551d0da85fc275fe613ce37657fb8d5e3d130840159d822,False
sushiswap_v2,0xceff51756c56ceffca006cd410b03ffc46dd3a58,24653985,0x9ecb96b0569f53a3c03df17fc005b7d9606235cfd9dfbd9d46be3f326a8ef5e4,317,Sync,0x1c411e9a96e071241c2f21f7726b17ae89e3cab4c78be50e062b03a9fffbbad1,False
sushiswap_v2,0xceff51756c56ceffca006cd410b03ffc46dd3a58,24653985,0x9ecb96b0569f53a3c03df17fc005b7d9606235cfd9dfbd9d46be3f326a8ef5e4,318,Swap,0xd78ad95fa46c994b6551d0da85fc275fe613ce37657fb8d5e3d130840159d822,False
sushiswap_v2,0xceff51756c56ceffca006cd410b03ffc46dd3a58,24654015,0x5b62746d24b2155cb72c02c0b017de50253f852f0c34691b06f16fea1e321f45,484,Sync,0x1c411e9a96e071241c2f21f7726b17ae89e3cab4c78be50e062b03a9fffbbad1,False
sushiswap_v2,0xceff51756c56ceffca006cd410b03ffc46dd3a58,24654015,0x5b62746d24b2155cb72c02c0b017de50253f852f0c34691b06f16fea1e321f45,485,Swap,0xd78ad95fa46c994b6551d0da85fc275fe613ce37657fb8d5e3d130840159d822,False
uniswap_v2,0xbb2b8038a1640196fbe3e38816f3e67cba72d940,24654049,0x46e833e6e3e78d658f08eb75ef0b2784c3aef433d6b6dd005a1481458d12780d,166,Sync,0x1c411e9a96e071241c2f21f7726b17ae89e3cab4c78be50e062b03a9fffbbad1,False
uniswap_v2,0xbb2b8038a1640196fbe3e38816f3e67cba72d940,24654049,0x46e833e6e3e78d658f08eb75ef0b2784c3aef433d6b6dd005a1481458d12780d,167,Swap,0xd78ad95fa46c994b6551d0da85fc275fe613ce37657fb8d5e3d130840159d822,False
uniswap_v2,0xbb2b8038a1640196fbe3e38816f3e67cba72d940,24654080,0x95002a1220b27e02666b420f34cad2a6371a1cd99823f3aaa533bb6773d283ae,53,Sync,0x1c411e9a96e071241c2f21f7726b17ae89e3cab4c78be50e062b03a9fffbbad1,False
uniswap_v2,0xbb2b8038a1640196fbe3e38816f3e67cba72d940,24654080,0x95002a1220b27e02666b420f34cad2a6371a1cd99823f3aaa533bb6773d283ae,54,Swap,0xd78ad95fa46c994b6551d0da85fc275fe613ce37657fb8d5e3d130840159d822,False
uniswap_v2,0xbb2b8038a1640196fbe3e38816f3e67cba72d940,24654108,0xf048a863a1c2b04e80874574e91a0d4ba696ca5b02a7c172a98c6abca345e667,71,Sync,0x1c411e9a96e071241c2f21f7726b17ae89e3cab4c78be50e062b03a9fffbbad1,False
uniswap_v2,0xbb2b8038a1640196fbe3e38816f3e67cba72d940,24654108,0xf048a863a1c2b04e80874574e91a0d4ba696ca5b02a7c172a98c6abca345e667,72,Swap,0xd78ad95fa46c994b6551d0da85fc275fe613ce37657fb8d5e3d130840159d822,False
sushiswap_v2,0xceff51756c56ceffca006cd410b03ffc46dd3a58,24654146,0xa0f4bc6157622140fc12a71bbd9108d7d81b2c2a7553f51d5aeb1dbe913aff60,35,Sync,0x1c411e9a96e071241c2f21f7726b17ae89e3cab4c78be50e062b03a9fffbbad1,False
sushiswap_v2,0xceff51756c56ceffca006cd410b03ffc46dd3a58,24654146,0xa0f4bc6157622140fc12a71bbd9108d7d81b2c2a7553f51d5aeb1dbe913aff60,36,Swap,0xd78ad95fa46c994b6551d0da85fc275fe613ce37657fb8d5e3d130840159d822,False
uniswap_v2,0xbb2b8038a1640196fbe3e38816f3e67cba72d940,24654148,0x77826d6ed3e2b651dcc8a7b88985b7a0d8f3cdbe602f127216390a1000e9e476,237,Sync,0x1c411e9a96e071241c2f21f7726b17ae89e3cab4c78be50e062b03a9fffbbad1,False
uniswap_v2,0xbb2b8038a1640196fbe3e38816f3e67cba72d940,24654148,0x77826d6ed3e2b651dcc8a7b88985b7a0d8f3cdbe602f127216390a1000e9e476,238,Swap,0xd78ad95fa46c994b6551d0da85fc275fe613ce37657fb8d5e3d130840159d822,False
sushiswap_v2,0xceff51756c56ceffca006cd410b03ffc46dd3a58,24654148,0x987f9ef98eda4305067bbf4edc4b9ec8db64a390f27fba9e4dd05ada0e89a6ba,241,Sync,0x1c411e9a96e071241c2f21f7726b17ae89e3cab4c78be50e062b03a9fffbbad1,False
sushiswap_v2,0xceff51756c56ceffca006cd410b03ffc46dd3a58,24654148,0x987f9ef98eda4305067bbf4edc4b9ec8db64a390f27fba9e4dd05ada0e89a6ba,242,Swap,0xd78ad95fa46c994b6551d0da85fc275fe613ce37657fb8d5e3d130840159d822,False
uniswap_v2,0xbb2b8038a1640196fbe3e38816f3e67cba72d940,24654565,0xba81c406cf4d622c2fc9fd415c6d0d44700be5e8316f89be4c3783a79c642a05,484,Sync,0x1c411e9a96e071241c2f21f7726b17ae89e3cab4c78be50e062b03a9fffbbad1,False
uniswap_v2,0xbb2b8038a1640196fbe3e38816f3e67cba72d940,24654565,0xba81c406cf4d622c2fc9fd415c6d0d44700be5e8316f89be4c3783a79c642a05,485,Mint,0x4c209b5fc8ad50758f13e2e1088ba56a560dff690a1c6fef26394f4c03821c4f,False
uniswap_v2,0xbb2b8038a1640196fbe3e38816f3e67cba72d940,24654565,0xba81c406cf4d622c2fc9fd415c6d0d44700be5e8316f89be4c3783a79c642a05,521,Sync,0x1c411e9a96e071241c2f21f7726b17ae89e3cab4c78be50e062b03a9fffbbad1,False
uniswap_v2,0xbb2b8038a1640196fbe3e38816f3e67cba72d940,24654565,0xba81c406cf4d622c2fc9fd415c6d0d44700be5e8316f89be4c3783a79c642a05,522,Burn,0xdccd412f0b1252819cb1fd330b93224ca42612892bb3f4f789976e6d81936496,False
uniswap_v2,0xbb2b8038a1640196fbe3e38816f3e67cba72d940,24654596,0xeb3330e4fc1732aa30584db43f582791d7e206a3a9ccf481928d846bc5828b6e,197,Sync,0x1c411e9a96e071241c2f21f7726b17ae89e3cab4c78be50e062b03a9fffbbad1,False
uniswap_v2,0xbb2b8038a1640196fbe3e38816f3e67cba72d940,24654596,0xeb3330e4fc1732aa30584db43f582791d7e206a3a9ccf481928d846bc5828b6e,198,Swap,0xd78ad95fa46c994b6551d0da85fc275fe613ce37657fb8d5e3d130840159d822,False
sushiswap_v2,0xceff51756c56ceffca006cd410b03ffc46dd3a58,24654604,0x5e7cc48b199a3a6189a088316f78d797b2cc602412a029ce644599165aff2db7,131,Sync,0x1c411e9a96e071241c2f21f7726b17ae89e3cab4c78be50e062b03a9fffbbad1,False
sushiswap_v2,0xceff51756c56ceffca006cd410b03ffc46dd3a58,24654604,0x5e7cc48b199a3a6189a088316f78d797b2cc602412a029ce644599165aff2db7,132,Swap,0xd78ad95fa46c994b6551d0da85fc275fe613ce37657fb8d5e3d130840159d822,False
uniswap_v2,0xbb2b8038a1640196fbe3e38816f3e67cba72d940,24654626,0x0d9d1fb2f7e0cc65a310d971eb4d23a40ac862d1d2bc49cedf54fe2a66edbbdf,717,Sync,0x1c411e9a96e071241c2f21f7726b17ae89e3cab4c78be50e062b03a9fffbbad1,False
uniswap_v2,0xbb2b8038a1640196fbe3e38816f3e67cba72d940,24654626,0x0d9d1fb2f7e0cc65a310d971eb4d23a40ac862d1d2bc49cedf54fe2a66edbbdf,718,Swap,0xd78ad95fa46c994b6551d0da85fc275fe613ce37657fb8d5e3d130840159d822,False
sushiswap_v2,0xceff51756c56ceffca006cd410b03ffc46dd3a58,24654627,0x326a848bc46bf0deca103176dd44171fe55b86dd2f765c560fe100a8b7e7afd4,85,Sync,0x1c411e9a96e071241c2f21f7726b17ae89e3cab4c78be50e062b03a9fffbbad1,False
sushiswap_v2,0xceff51756c56ceffca006cd410b03ffc46dd3a58,24654627,0x326a848bc46bf0deca103176dd44171fe55b86dd2f765c560fe100a8b7e7afd4,86,Swap,0xd78ad95fa46c994b6551d0da85fc275fe613ce37657fb8d5e3d130840159d822,False
uniswap_v2,0xbb2b8038a1640196fbe3e38816f3e67cba72d940,24654627,0x9d8756ae45a8e82f31c3a2c8ad8704e8b270f0a23294df27e46921fe172a18c1,142,Sync,0x1c411e9a96e071241c2f21f7726b17ae89e3cab4c78be50e062b03a9fffbbad1,False
uniswap_v2,0xbb2b8038a1640196fbe3e38816f3e67cba72d940,24654627,0x9d8756ae45a8e82f31c3a2c8ad8704e8b270f0a23294df27e46921fe172a18c1,143,Swap,0xd78ad95fa46c994b6551d0da85fc275fe613ce37657fb8d5e3d130840159d822,False
uniswap_v2,0xbb2b8038a1640196fbe3e38816f3e67cba72d940,24654630,0x8895f05ff554d188e308170428c65e6527d44ad7d47de7ba25d74240eea2d8f2,25,Sync,0x1c411e9a96e071241c2f21f7726b17ae89e3cab4c78be50e062b03a9fffbbad1,False
uniswap_v2,0xbb2b8038a1640196fbe3e38816f3e67cba72d940,24654630,0x8895f05ff554d188e308170428c65e6527d44ad7d47de7ba25d74240eea2d8f2,26,Swap,0xd78ad95fa46c994b6551d0da85fc275fe613ce37657fb8d5e3d130840159d822,False
uniswap_v2,0xbb2b8038a1640196fbe3e38816f3e67cba72d940,24654776,0x3597164d6dd0a2d5b6ed110f06403b90d17402297b3d07b121edb7edce7736cb,115,Sync,0x1c411e9a96e071241c2f21f7726b17ae89e3cab4c78be50e062b03a9fffbbad1,False
uniswap_v2,0xbb2b8038a1640196fbe3e38816f3e67cba72d940,24654776,0x3597164d6dd0a2d5b6ed110f06403b90d17402297b3d07b121edb7edce7736cb,116,Swap,0xd78ad95fa46c994b6551d0da85fc275fe613ce37657fb8d5e3d130840159d822,False
sushiswap_v2,0xceff51756c56ceffca006cd410b03ffc46dd3a58,24654786,0x2811375cbbd7c1fcaf3b11e6edd01f0f4d304361bb29c7e54de93bc5c6cbad4f,257,Sync,0x1c411e9a96e071241c2f21f7726b17ae89e3cab4c78be50e062b03a9fffbbad1,False
sushiswap_v2,0xceff51756c56ceffca006cd410b03ffc46dd3a58,24654786,0x2811375cbbd7c1fcaf3b11e6edd01f0f4d304361bb29c7e54de93bc5c6cbad4f,258,Swap,0xd78ad95fa46c994b6551d0da85fc275fe613ce37657fb8d5e3d130840159d822,False
uniswap_v2,0xbb2b8038a1640196fbe3e38816f3e67cba72d940,24654786,0xf37af32b4832a343de86c7c8cff27c3ce3496f67bce3cc108d351295b455d145,303,Sync,0x1c411e9a96e071241c2f21f7726b17ae89e3cab4c78be50e062b03a9fffbbad1,False
uniswap_v2,0xbb2b8038a1640196fbe3e38816f3e67cba72d940,24654786,0xf37af32b4832a343de86c7c8cff27c3ce3496f67bce3cc108d351295b455d145,304,Swap,0xd78ad95fa46c994b6551d0da85fc275fe613ce37657fb8d5e3d130840159d822,False
uniswap_v2,0xbb2b8038a1640196fbe3e38816f3e67cba72d940,24654806,0x18378f723f7d814cbff75fbda8190030b0357089b2e255a17630c16838aafe12,169,Sync,0x1c411e9a96e071241c2f21f7726b17ae89e3cab4c78be50e062b03a9fffbbad1,False
uniswap_v2,0xbb2b8038a1640196fbe3e38816f3e67cba72d940,24654806,0x18378f723f7d814cbff75fbda8190030b0357089b2e255a17630c16838aafe12,170,Swap,0xd78ad95fa46c994b6551d0da85fc275fe613ce37657fb8d5e3d130840159d822,False
sushiswap_v2,0xceff51756c56ceffca006cd410b03ffc46dd3a58,24654808,0xee0b978bffb1e18a6b74cadae037448d63b27bb0ac6ceec129e8930208db53a3,416,Sync,0x1c411e9a96e071241c2f21f7726b17ae89e3cab4c78be50e062b03a9fffbbad1,False
sushiswap_v2,0xceff51756c56ceffca006cd410b03ffc46dd3a58,24654808,0xee0b978bffb1e18a6b74cadae037448d63b27bb0ac6ceec129e8930208db53a3,417,Swap,0xd78ad95fa46c994b6551d0da85fc275fe613ce37657fb8d5e3d130840159d822,False
uniswap_v2,0xbb2b8038a1640196fbe3e38816f3e67cba72d940,24654810,0x310f56e4658c4b2a4f4348fd03f3c678d719ebb69791f098b645d4164fc52511,72,Sync,0x1c411e9a96e071241c2f21f7726b17ae89e3cab4c78be50e062b03a9fffbbad1,False
uniswap_v2,0xbb2b8038a1640196fbe3e38816f3e67cba72d940,24654810,0x310f56e4658c4b2a4f4348fd03f3c678d719ebb69791f098b645d4164fc52511,73,Swap,0xd78ad95fa46c994b6551d0da85fc275fe613ce37657fb8d5e3d130840159d822,False
uniswap_v2,0xbb2b8038a1640196fbe3e38816f3e67cba72d940,24654924,0x9207ce9c90a4a58276d3f69a2df8632c169a6999d81502b0c49aedfc7f95a2a4,220,Sync,0x1c411e9a96e071241c2f21f7726b17ae89e3cab4c78be50e062b03a9fffbbad1,False
uniswap_v2,0xbb2b8038a1640196fbe3e38816f3e67cba72d940,24654924,0x9207ce9c90a4a58276d3f69a2df8632c169a6999d81502b0c49aedfc7f95a2a4,221,Swap,0xd78ad95fa46c994b6551d0da85fc275fe613ce37657fb8d5e3d130840159d822,False
sushiswap_v2,0xceff51756c56ceffca006cd410b03ffc46dd3a58,24654924,0x9207ce9c90a4a58276d3f69a2df8632c169a6999d81502b0c49aedfc7f95a2a4,275,Sync,0x1c411e9a96e071241c2f21f7726b17ae89e3cab4c78be50e062b03a9fffbbad1,False
sushiswap_v2,0xceff51756c56ceffca006cd410b03ffc46dd3a58,24654924,0x9207ce9c90a4a58276d3f69a2df8632c169a6999d81502b0c49aedfc7f95a2a4,276,Swap,0xd78ad95fa46c994b6551d0da85fc275fe613ce37657fb8d5e3d130840159d822,False
uniswap_v2,0xbb2b8038a1640196fbe3e38816f3e67cba72d940,24654928,0xdd1ed711c8794fcdff69f6662d9983d935a5777ce6a823c5b9bd741f6620baac,1140,Sync,0x1c411e9a96e071241c2f21f7726b17ae89e3cab4c78be50e062b03a9fffbbad1,False
uniswap_v2,0xbb2b8038a1640196fbe3e38816f3e67cba72d940,24654928,0xdd1ed711c8794fcdff69f6662d9983d935a5777ce6a823c5b9bd741f6620baac,1141,Swap,0xd78ad95fa46c994b6551d0da85fc275fe613ce37657fb8d5e3d130840159d822,False
sushiswap_v2,0xceff51756c56ceffca006cd410b03ffc46dd3a58,24654942,0x1c52ec8705ffe2ac1beeaa99f096320e6e93a41442461bb0143709903e824556,937,Sync,0x1c411e9a96e071241c2f21f7726b17ae89e3cab4c78be50e062b03a9fffbbad1,False
sushiswap_v2,0xceff51756c56ceffca006cd410b03ffc46dd3a58,24654942,0x1c52ec8705ffe2ac1beeaa99f096320e6e93a41442461bb0143709903e824556,938,Swap,0xd78ad95fa46c994b6551d0da85fc275fe613ce37657fb8d5e3d130840159d822,False
uniswap_v2,0xbb2b8038a1640196fbe3e38816f3e67cba72d940,24654973,0x5f651ed22ced250b034e95137617fd87a41d32559ce3183cb0cb1378d9ed7d00,55,Sync,0x1c411e9a96e071241c2f21f7726b17ae89e3cab4c78be50e062b03a9fffbbad1,False
uniswap_v2,0xbb2b8038a1640196fbe3e38816f3e67cba72d940,24654973,0x5f651ed22ced250b034e95137617fd87a41d32559ce3183cb0cb1378d9ed7d00,56,Swap,0xd78ad95fa46c994b6551d0da85fc275fe613ce37657fb8d5e3d130840159d822,False
sushiswap_v2,0xceff51756c56ceffca006cd410b03ffc46dd3a58,24654973,0x563b951922982878048478ee5baa5a35ac9fbc86143557871c83bc933cbe8729,248,Sync,0x1c411e9a96e071241c2f21f7726b17ae89e3cab4c78be50e062b03a9fffbbad1,False
sushiswap_v2,0xceff51756c56ceffca006cd410b03ffc46dd3a58,24654973,0x563b951922982878048478ee5baa5a35ac9fbc86143557871c83bc933cbe8729,249,Swap,0xd78ad95fa46c994b6551d0da85fc275fe613ce37657fb8d5e3d130840159d822,False
uniswap_v2,0xbb2b8038a1640196fbe3e38816f3e67cba72d940,24655050,0x529466daf03d70c83633503649c0d1d3f9ba71933c0fac5b8fa8008191661c8c,849,Sync,0x1c411e9a96e071241c2f21f7726b17ae89e3cab4c78be50e062b03a9fffbbad1,False
uniswap_v2,0xbb2b8038a1640196fbe3e38816f3e67cba72d940,24655050,0x529466daf03d70c83633503649c0d1d3f9ba71933c0fac5b8fa8008191661c8c,850,Swap,0xd78ad95fa46c994b6551d0da85fc275fe613ce37657fb8d5e3d130840159d822,False
sushiswap_v2,0xceff51756c56ceffca006cd410b03ffc46dd3a58,24655067,0xeb1a069efef2165738c2f6c6f2c1e5712ec63d32fd9153d08d1e620ba504be40,201,Sync,0x1c411e9a96e071241c2f21f7726b17ae89e3cab4c78be50e062b03a9fffbbad1,False
sushiswap_v2,0xceff51756c56ceffca006cd410b03ffc46dd3a58,24655067,0xeb1a069efef2165738c2f6c6f2c1e5712ec63d32fd9153d08d1e620ba504be40,202,Swap,0xd78ad95fa46c994b6551d0da85fc275fe613ce37657fb8d5e3d130840159d822,False
uniswap_v2,0xbb2b8038a1640196fbe3e38816f3e67cba72d940,24655067,0x49ff4a98ace97f5c5b5540db99d76adcac1d9ef666da1087db3f5155e0bbf80b,205,Sync,0x1c411e9a96e071241c2f21f7726b17ae89e3cab4c78be50e062b03a9fffbbad1,False
uniswap_v2,0xbb2b8038a1640196fbe3e38816f3e67cba72d940,24655067,0x49ff4a98ace97f5c5b5540db99d76adcac1d9ef666da1087db3f5155e0bbf80b,206,Swap,0xd78ad95fa46c994b6551d0da85fc275fe613ce37657fb8d5e3d130840159d822,False
uniswap_v2,0xbb2b8038a1640196fbe3e38816f3e67cba72d940,24655151,0xf69d406e340493debe1528042cfeab5ed804e1d24e9d74f4f269cda15e59c291,275,Sync,0x1c411e9a96e071241c2f21f7726b17ae89e3cab4c78be50e062b03a9fffbbad1,False
uniswap_v2,0xbb2b8038a1640196fbe3e38816f3e67cba72d940,24655151,0xf69d406e340493debe1528042cfeab5ed804e1d24e9d74f4f269cda15e59c291,276,Swap,0xd78ad95fa46c994b6551d0da85fc275fe613ce37657fb8d5e3d130840159d822,False
sushiswap_v2,0xceff51756c56ceffca006cd410b03ffc46dd3a58,24655157,0x09bcfdc8597c5845dd646b5c2c23d3882f918ab073875051401f526d7b6434d3,361,Sync,0x1c411e9a96e071241c2f21f7726b17ae89e3cab4c78be50e062b03a9fffbbad1,False
sushiswap_v2,0xceff51756c56ceffca006cd410b03ffc46dd3a58,24655157,0x09bcfdc8597c5845dd646b5c2c23d3882f918ab073875051401f526d7b6434d3,362,Swap,0xd78ad95fa46c994b6551d0da85fc275fe613ce37657fb8d5e3d130840159d822,False
uniswap_v2,0xbb2b8038a1640196fbe3e38816f3e67cba72d940,24655159,0x6c716e8c6ec1e127e112585f0dfbb6459d3e17d8beb9e5735a542a3a910df542,182,Sync,0x1c411e9a96e071241c2f21f7726b17ae89e3cab4c78be50e062b03a9fffbbad1,False
uniswap_v2,0xbb2b8038a1640196fbe3e38816f3e67cba72d940,24655159,0x6c716e8c6ec1e127e112585f0dfbb6459d3e17d8beb9e5735a542a3a910df542,183,Swap,0xd78ad95fa46c994b6551d0da85fc275fe613ce37657fb8d5e3d130840159d822,False
sushiswap_v2,0xceff51756c56ceffca006cd410b03ffc46dd3a58,24655159,0xe2f5013b022a891f97409a421b9a490a6a4c075083295fca696e9d31f74c503c,262,Sync,0x1c411e9a96e071241c2f21f7726b17ae89e3cab4c78be50e062b03a9fffbbad1,False
sushiswap_v2,0xceff51756c56ceffca006cd410b03ffc46dd3a58,24655159,0xe2f5013b022a891f97409a421b9a490a6a4c075083295fca696e9d31f74c503c,263,Swap,0xd78ad95fa46c994b6551d0da85fc275fe613ce37657fb8d5e3d130840159d822,False
uniswap_v2,0xbb2b8038a1640196fbe3e38816f3e67cba72d940,24655187,0x7880d90fd348d3c4ab47ea7c2f8b8f9a0a24dfb04b79fbfba333806fa95f12de,97,Sync,0x1c411e9a96e071241c2f21f7726b17ae89e3cab4c78be50e062b03a9fffbbad1,False
uniswap_v2,0xbb2b8038a1640196fbe3e38816f3e67cba72d940,24655187,0x7880d90fd348d3c4ab47ea7c2f8b8f9a0a24dfb04b79fbfba333806fa95f12de,98,Swap,0xd78ad95fa46c994b6551d0da85fc275fe613ce37657fb8d5e3d130840159d822,False
uniswap_v2,0xbb2b8038a1640196fbe3e38816f3e67cba72d940,24655188,0x045268defbfb2cf11bd33eeb01d2cd74cb3bb67f03448b5d914d700878ff275f,361,Sync,0x1c411e9a96e071241c2f21f7726b17ae89e3cab4c78be50e062b03a9fffbbad1,False
uniswap_v2,0xbb2b8038a1640196fbe3e38816f3e67cba72d940,24655188,0x045268defbfb2cf11bd33eeb01d2cd74cb3bb67f03448b5d914d700878ff275f,362,Swap,0xd78ad95fa46c994b6551d0da85fc275fe613ce37657fb8d5e3d130840159d822,False
sushiswap_v2,0xceff51756c56ceffca006cd410b03ffc46dd3a58,24655188,0x0ea1e5fdf83700add9e4c0acce3b7bdf2355833e8487fd3f11a577440f818acc,412,Sync,0x1c411e9a96e071241c2f21f7726b17ae89e3cab4c78be50e062b03a9fffbbad1,False
sushiswap_v2,0xceff51756c56ceffca006cd410b03ffc46dd3a58,24655188,0x0ea1e5fdf83700add9e4c0acce3b7bdf2355833e8487fd3f11a577440f818acc,413,Swap,0xd78ad95fa46c994b6551d0da85fc275fe613ce37657fb8d5e3d130840159d822,False
uniswap_v2,0xbb2b8038a1640196fbe3e38816f3e67cba72d940,24655210,0xe2abdc60ecaf00220ebc99c37a7b432b530cb259acf090def87a30043c668783,59,Sync,0x1c411e9a96e071241c2f21f7726b17ae89e3cab4c78be50e062b03a9fffbbad1,False
uniswap_v2,0xbb2b8038a1640196fbe3e38816f3e67cba72d940,24655210,0xe2abdc60ecaf00220ebc99c37a7b432b530cb259acf090def87a30043c668783,60,Swap,0xd78ad95fa46c994b6551d0da85fc275fe613ce37657fb8d5e3d130840159d822,False
sushiswap_v2,0xceff51756c56ceffca006cd410b03ffc46dd3a58,24655210,0xe2abdc60ecaf00220ebc99c37a7b432b530cb259acf090def87a30043c668783,95,Sync,0x1c411e9a96e071241c2f21f7726b17ae89e3cab4c78be50e062b03a9fffbbad1,False
sushiswap_v2,0xceff51756c56ceffca006cd410b03ffc46dd3a58,24655210,0xe2abdc60ecaf00220ebc99c37a7b432b530cb259acf090def87a30043c668783,96,Swap,0xd78ad95fa46c994b6551d0da85fc275fe613ce37657fb8d5e3d130840159d822,False
sushiswap_v2,0xceff51756c56ceffca006cd410b03ffc46dd3a58,24655211,0xbbad12a77ebc0f5bca7a20b69870f252fdfa6ccad342398b8358ba0115ebf257,1548,Sync,0x1c411e9a96e071241c2f21f7726b17ae89e3cab4c78be50e062b03a9fffbbad1,False
sushiswap_v2,0xceff51756c56ceffca006cd410b03ffc46dd3a58,24655211,0xbbad12a77ebc0f5bca7a20b69870f252fdfa6ccad342398b8358ba0115ebf257,1549,Swap,0xd78ad95fa46c994b6551d0da85fc275fe613ce37657fb8d5e3d130840159d822,False
uniswap_v2,0xbb2b8038a1640196fbe3e38816f3e67cba72d940,24655251,0x89231c7a43408a5a2e3f065751ec69295f597b42c82beeb69503c508d6cc5417,260,Sync,0x1c411e9a96e071241c2f21f7726b17ae89e3cab4c78be50e062b03a9fffbbad1,False
uniswap_v2,0xbb2b8038a1640196fbe3e38816f3e67cba72d940,24655251,0x89231c7a43408a5a2e3f065751ec69295f597b42c82beeb69503c508d6cc5417,261,Swap,0xd78ad95fa46c994b6551d0da85fc275fe613ce37657fb8d5e3d130840159d822,False
uniswap_v2,0xbb2b8038a1640196fbe3e38816f3e67cba72d940,24655332,0xae350ecbf509c4deb1a19095620336977a96bf333f9541b1a85156355a2f82f8,362,Sync,0x1c411e9a96e071241c2f21f7726b17ae89e3cab4c78be50e062b03a9fffbbad1,False
uniswap_v2,0xbb2b8038a1640196fbe3e38816f3e67cba72d940,24655332,0xae350ecbf509c4deb1a19095620336977a96bf333f9541b1a85156355a2f82f8,363,Mint,0x4c209b5fc8ad50758f13e2e1088ba56a560dff690a1c6fef26394f4c03821c4f,False
uniswap_v2,0xbb2b8038a1640196fbe3e38816f3e67cba72d940,24655332,0xae350ecbf509c4deb1a19095620336977a96bf333f9541b1a85156355a2f82f8,399,Sync,0x1c411e9a96e071241c2f21f7726b17ae89e3cab4c78be50e062b03a9fffbbad1,False
uniswap_v2,0xbb2b8038a1640196fbe3e38816f3e67cba72d940,24655332,0xae350ecbf509c4deb1a19095620336977a96bf333f9541b1a85156355a2f82f8,400,Burn,0xdccd412f0b1252819cb1fd330b93224ca42612892bb3f4f789976e6d81936496,False
sushiswap_v2,0xceff51756c56ceffca006cd410b03ffc46dd3a58,24655608,0x98a4a81b13bb297fbcdb42af553bad8fcdfb4658f643ec479e94e7f81cc28d7b,120,Sync,0x1c411e9a96e071241c2f21f7726b17ae89e3cab4c78be50e062b03a9fffbbad1,False
sushiswap_v2,0xceff51756c56ceffca006cd410b03ffc46dd3a58,24655608,0x98a4a81b13bb297fbcdb42af553bad8fcdfb4658f643ec479e94e7f81cc28d7b,121,Swap,0xd78ad95fa46c994b6551d0da85fc275fe613ce37657fb8d5e3d130840159d822,False
sushiswap_v2,0xceff51756c56ceffca006cd410b03ffc46dd3a58,24655629,0x75d6718aa8540f8debb293bb1b071b32cc91301fd0a9fccd610115f420e9bb68,44,Sync,0x1c411e9a96e071241c2f21f7726b17ae89e3cab4c78be50e062b03a9fffbbad1,False
sushiswap_v2,0xceff51756c56ceffca006cd410b03ffc46dd3a58,24655629,0x75d6718aa8540f8debb293bb1b071b32cc91301fd0a9fccd610115f420e9bb68,45,Swap,0xd78ad95fa46c994b6551d0da85fc275fe613ce37657fb8d5e3d130840159d822,False
uniswap_v2,0xbb2b8038a1640196fbe3e38816f3e67cba72d940,24655672,0xcb8d7ce41950e8e49fd3389ea81ec7503a99b7d1055f196461b63183d4eb6ba3,28,Sync,0x1c411e9a96e071241c2f21f7726b17ae89e3cab4c78be50e062b03a9fffbbad1,False
uniswap_v2,0xbb2b8038a1640196fbe3e38816f3e67cba72d940,24655672,0xcb8d7ce41950e8e49fd3389ea81ec7503a99b7d1055f196461b63183d4eb6ba3,29,Swap,0xd78ad95fa46c994b6551d0da85fc275fe613ce37657fb8d5e3d130840159d822,False
uniswap_v2,0xbb2b8038a1640196fbe3e38816f3e67cba72d940,24655672,0x74973fd6fbb58749d060bdeb18394f217bc301622159d863b8381f750e5f22a7,46,Sync,0x1c411e9a96e071241c2f21f7726b17ae89e3cab4c78be50e062b03a9fffbbad1,False
uniswap_v2,0xbb2b8038a1640196fbe3e38816f3e67cba72d940,24655672,0x74973fd6fbb58749d060bdeb18394f217bc301622159d863b8381f750e5f22a7,47,Swap,0xd78ad95fa46c994b6551d0da85fc275fe613ce37657fb8d5e3d130840159d822,False
uniswap_v2,0xbb2b8038a1640196fbe3e38816f3e67cba72d940,24656103,0x02311e702dca328b69e705968f30f5a4cc6abf685fca8d9bf935d0c3045301c3,753,Sync,0x1c411e9a96e071241c2f21f7726b17ae89e3cab4c78be50e062b03a9fffbbad1,False
uniswap_v2,0xbb2b8038a1640196fbe3e38816f3e67cba72d940,24656103,0x02311e702dca328b69e705968f30f5a4cc6abf685fca8d9bf935d0c3045301c3,754,Mint,0x4c209b5fc8ad50758f13e2e1088ba56a560dff690a1c6fef26394f4c03821c4f,False
uniswap_v2,0xbb2b8038a1640196fbe3e38816f3e67cba72d940,24656103,0x02311e702dca328b69e705968f30f5a4cc6abf685fca8d9bf935d0c3045301c3,790,Sync,0x1c411e9a96e071241c2f21f7726b17ae89e3cab4c78be50e062b03a9fffbbad1,False
uniswap_v2,0xbb2b8038a1640196fbe3e38816f3e67cba72d940,24656103,0x02311e702dca328b69e705968f30f5a4cc6abf685fca8d9bf935d0c3045301c3,791,Burn,0xdccd412f0b1252819cb1fd330b93224ca42612892bb3f4f789976e6d81936496,False
uniswap_v2,0xbb2b8038a1640196fbe3e38816f3e67cba72d940,24656500,0x575bd742f37a3615df7c84e2e7e508b837da6b7fac1a3b767874f3467b10ddc3,346,Sync,0x1c411e9a96e071241c2f21f7726b17ae89e3cab4c78be50e062b03a9fffbbad1,False
uniswap_v2,0xbb2b8038a1640196fbe3e38816f3e67cba72d940,24656500,0x575bd742f37a3615df7c84e2e7e508b837da6b7fac1a3b767874f3467b10ddc3,347,Swap,0xd78ad95fa46c994b6551d0da85fc275fe613ce37657fb8d5e3d130840159d822,False
uniswap_v2,0xbb2b8038a1640196fbe3e38816f3e67cba72d940,24656509,0xffbe664929ca7c0bf02c2ef8106780b1672e318efa763b1c70433f2bd74a65c3,4,Sync,0x1c411e9a96e071241c2f21f7726b17ae89e3cab4c78be50e062b03a9fffbbad1,False
uniswap_v2,0xbb2b8038a1640196fbe3e38816f3e67cba72d940,24656509,0xffbe664929ca7c0bf02c2ef8106780b1672e318efa763b1c70433f2bd74a65c3,5,Swap,0xd78ad95fa46c994b6551d0da85fc275fe613ce37657fb8d5e3d130840159d822,False
uniswap_v2,0xbb2b8038a1640196fbe3e38816f3e67cba72d940,24656520,0x53d0eba396b47577cad4eb0633987b67b866d548805183362d1584d41c0ea76d,34,Sync,0x1c411e9a96e071241c2f21f7726b17ae89e3cab4c78be50e062b03a9fffbbad1,False
uniswap_v2,0xbb2b8038a1640196fbe3e38816f3e67cba72d940,24656520,0x53d0eba396b47577cad4eb0633987b67b866d548805183362d1584d41c0ea76d,35,Swap,0xd78ad95fa46c994b6551d0da85fc275fe613ce37657fb8d5e3d130840159d822,False
uniswap_v2,0xbb2b8038a1640196fbe3e38816f3e67cba72d940,24656860,0x8774615d7d62693b3426e26ac40658fd17e208680eceadccac9facc5eb228b93,353,Sync,0x1c411e9a96e071241c2f21f7726b17ae89e3cab4c78be50e062b03a9fffbbad1,False
uniswap_v2,0xbb2b8038a1640196fbe3e38816f3e67cba72d940,24656860,0x8774615d7d62693b3426e26ac40658fd17e208680eceadccac9facc5eb228b93,354,Mint,0x4c209b5fc8ad50758f13e2e1088ba56a560dff690a1c6fef26394f4c03821c4f,False
uniswap_v2,0xbb2b8038a1640196fbe3e38816f3e67cba72d940,24656860,0x8774615d7d62693b3426e26ac40658fd17e208680eceadccac9facc5eb228b93,390,Sync,0x1c411e9a96e071241c2f21f7726b17ae89e3cab4c78be50e062b03a9fffbbad1,False
uniswap_v2,0xbb2b8038a1640196fbe3e38816f3e67cba72d940,24656860,0x8774615d7d62693b3426e26ac40658fd17e208680eceadccac9facc5eb228b93,391,Burn,0xdccd412f0b1252819cb1fd330b93224ca42612892bb3f4f789976e6d81936496,False
uniswap_v2,0xbb2b8038a1640196fbe3e38816f3e67cba72d940,24657485,0x6c0bc57788703d90d5c3cd69d52cfa7561337be32da4a332b7ebfab7a582b6d2,1131,Sync,0x1c411e9a96e071241c2f21f7726b17ae89e3cab4c78be50e062b03a9fffbbad1,False
uniswap_v2,0xbb2b8038a1640196fbe3e38816f3e67cba72d940,24657485,0x6c0bc57788703d90d5c3cd69d52cfa7561337be32da4a332b7ebfab7a582b6d2,1132,Swap,0xd78ad95fa46c994b6551d0da85fc275fe613ce37657fb8d5e3d130840159d822,False
uniswap_v2,0xbb2b8038a1640196fbe3e38816f3e67cba72d940,24657633,0xe1387ea70b2d8329aecdd619ed13ae37ecfd9d4b0118f92bd926a476cb246b80,361,Sync,0x1c411e9a96e071241c2f21f7726b17ae89e3cab4c78be50e062b03a9fffbbad1,False
uniswap_v2,0xbb2b8038a1640196fbe3e38816f3e67cba72d940,24657633,0xe1387ea70b2d8329aecdd619ed13ae37ecfd9d4b0118f92bd926a476cb246b80,362,Mint,0x4c209b5fc8ad50758f13e2e1088ba56a560dff690a1c6fef26394f4c03821c4f,False
uniswap_v2,0xbb2b8038a1640196fbe3e38816f3e67cba72d940,24657633,0xe1387ea70b2d8329aecdd619ed13ae37ecfd9d4b0118f92bd926a476cb246b80,398,Sync,0x1c411e9a96e071241c2f21f7726b17ae89e3cab4c78be50e062b03a9fffbbad1,False
uniswap_v2,0xbb2b8038a1640196fbe3e38816f3e67cba72d940,24657633,0xe1387ea70b2d8329aecdd619ed13ae37ecfd9d4b0118f92bd926a476cb246b80,399,Burn,0xdccd412f0b1252819cb1fd330b93224ca42612892bb3f4f789976e6d81936496,False
uniswap_v2,0xbb2b8038a1640196fbe3e38816f3e67cba72d940,24657815,0x5c17a63bafa73d04fa46d79bb0a2804e6c95861271870f6918c392a32eea93f8,23,Sync,0x1c411e9a96e071241c2f21f7726b17ae89e3cab4c78be50e062b03a9fffbbad1,False
uniswap_v2,0xbb2b8038a1640196fbe3e38816f3e67cba72d940,24657815,0x5c17a63bafa73d04fa46d79bb0a2804e6c95861271870f6918c392a32eea93f8,24,Swap,0xd78ad95fa46c994b6551d0da85fc275fe613ce37657fb8d5e3d130840159d822,False
uniswap_v2,0xbb2b8038a1640196fbe3e38816f3e67cba72d940,24657885,0x26cfefd4fa366e3401a0b9fa77b3db11eefca48bb64b412618c28665a2d888f5,149,Sync,0x1c411e9a96e071241c2f21f7726b17ae89e3cab4c78be50e062b03a9fffbbad1,False
uniswap_v2,0xbb2b8038a1640196fbe3e38816f3e67cba72d940,24657885,0x26cfefd4fa366e3401a0b9fa77b3db11eefca48bb64b412618c28665a2d888f5,150,Swap,0xd78ad95fa46c994b6551d0da85fc275fe613ce37657fb8d5e3d130840159d822,False
uniswap_v2,0xbb2b8038a1640196fbe3e38816f3e67cba72d940,24657988,0x4691d7981a879e1f0ccd4277aa70843e75dc77a6467f93f95391e5a412c8fe9d,74,Sync,0x1c411e9a96e071241c2f21f7726b17ae89e3cab4c78be50e062b03a9fffbbad1,False
uniswap_v2,0xbb2b8038a1640196fbe3e38816f3e67cba72d940,24657988,0x4691d7981a879e1f0ccd4277aa70843e75dc77a6467f93f95391e5a412c8fe9d,75,Swap,0xd78ad95fa46c994b6551d0da85fc275fe613ce37657fb8d5e3d130840159d822,False
uniswap_v2,0xbb2b8038a1640196fbe3e38816f3e67cba72d940,24658182,0x001d84d4617c1ec62c27433e5593508213e5595193ef566d31f4813134f17f64,104,Sync,0x1c411e9a96e071241c2f21f7726b17ae89e3cab4c78be50e062b03a9fffbbad1,False
uniswap_v2,0xbb2b8038a1640196fbe3e38816f3e67cba72d940,24658182,0x001d84d4617c1ec62c27433e5593508213e5595193ef566d31f4813134f17f64,105,Swap,0xd78ad95fa46c994b6551d0da85fc275fe613ce37657fb8d5e3d130840159d822,False
uniswap_v2,0xbb2b8038a1640196fbe3e38816f3e67cba72d940,24658196,0x35ccc5c074d9d058c6864e0aee396c06694fc0b535313a5c5cbcd9179880d5b8,842,Sync,0x1c411e9a96e071241c2f21f7726b17ae89e3cab4c78be50e062b03a9fffbbad1,False
uniswap_v2,0xbb2b8038a1640196fbe3e38816f3e67cba72d940,24658196,0x35ccc5c074d9d058c6864e0aee396c06694fc0b535313a5c5cbcd9179880d5b8,843,Swap,0xd78ad95fa46c994b6551d0da85fc275fe613ce37657fb8d5e3d130840159d822,False
uniswap_v2,0xbb2b8038a1640196fbe3e38816f3e67cba72d940,24658218,0xbaba3e9cbaee39e8707f8c441766ac7df19126cad3d4a0276444cb7f4224725e,1396,Sync,0x1c411e9a96e071241c2f21f7726b17ae89e3cab4c78be50e062b03a9fffbbad1,False
uniswap_v2,0xbb2b8038a1640196fbe3e38816f3e67cba72d940,24658218,0xbaba3e9cbaee39e8707f8c441766ac7df19126cad3d4a0276444cb7f4224725e,1397,Swap,0xd78ad95fa46c994b6551d0da85fc275fe613ce37657fb8d5e3d130840159d822,False
sushiswap_v2,0xceff51756c56ceffca006cd410b03ffc46dd3a58,24658220,0xda7f88bfabf004b9ae853eefe30fd6f9546ff09b0ef5bddb2ccd67ba5db08076,110,Sync,0x1c411e9a96e071241c2f21f7726b17ae89e3cab4c78be50e062b03a9fffbbad1,False
sushiswap_v2,0xceff51756c56ceffca006cd410b03ffc46dd3a58,24658220,0xda7f88bfabf004b9ae853eefe30fd6f9546ff09b0ef5bddb2ccd67ba5db08076,111,Swap,0xd78ad95fa46c994b6551d0da85fc275fe613ce37657fb8d5e3d130840159d822,False
uniswap_v2,0xbb2b8038a1640196fbe3e38816f3e67cba72d940,24658241,0xaee300bf36a8f9669faf587f08d831284dfcfce9b001a045ff9b169dfb412406,81,Sync,0x1c411e9a96e071241c2f21f7726b17ae89e3cab4c78be50e062b03a9fffbbad1,False
uniswap_v2,0xbb2b8038a1640196fbe3e38816f3e67cba72d940,24658241,0xaee300bf36a8f9669faf587f08d831284dfcfce9b001a045ff9b169dfb412406,82,Swap,0xd78ad95fa46c994b6551d0da85fc275fe613ce37657fb8d5e3d130840159d822,False
sushiswap_v2,0xceff51756c56ceffca006cd410b03ffc46dd3a58,24658251,0x24871ab738786e812de26e29fb98e5c67d123024f19ff0a239873daf16428bf8,238,Sync,0x1c411e9a96e071241c2f21f7726b17ae89e3cab4c78be50e062b03a9fffbbad1,False
sushiswap_v2,0xceff51756c56ceffca006cd410b03ffc46dd3a58,24658251,0x24871ab738786e812de26e29fb98e5c67d123024f19ff0a239873daf16428bf8,239,Swap,0xd78ad95fa46c994b6551d0da85fc275fe613ce37657fb8d5e3d130840159d822,False
uniswap_v2,0xbb2b8038a1640196fbe3e38816f3e67cba72d940,24658253,0x5e4124ef029f75b3027d254d91b8e2e522fbcd703b1863617f6ffe3a51e1d25c,222,Sync,0x1c411e9a96e071241c2f21f7726b17ae89e3cab4c78be50e062b03a9fffbbad1,False
uniswap_v2,0xbb2b8038a1640196fbe3e38816f3e67cba72d940,24658253,0x5e4124ef029f75b3027d254d91b8e2e522fbcd703b1863617f6ffe3a51e1d25c,223,Swap,0xd78ad95fa46c994b6551d0da85fc275fe613ce37657fb8d5e3d130840159d822,False
uniswap_v2,0xbb2b8038a1640196fbe3e38816f3e67cba72d940,24658257,0xea406a2841c679c7f618605b0dc0dae1bf977e38e9ef640533cbd3e950b3ad6a,100,Sync,0x1c411e9a96e071241c2f21f7726b17ae89e3cab4c78be50e062b03a9fffbbad1,False
uniswap_v2,0xbb2b8038a1640196fbe3e38816f3e67cba72d940,24658257,0xea406a2841c679c7f618605b0dc0dae1bf977e38e9ef640533cbd3e950b3ad6a,101,Swap,0xd78ad95fa46c994b6551d0da85fc275fe613ce37657fb8d5e3d130840159d822,False
sushiswap_v2,0xceff51756c56ceffca006cd410b03ffc46dd3a58,24658257,0x93029b8e2f9a60e08ac01a5b42ca2f1e78125e8395a10e739daf895ffc4cb98e,111,Sync,0x1c411e9a96e071241c2f21f7726b17ae89e3cab4c78be50e062b03a9fffbbad1,False
sushiswap_v2,0xceff51756c56ceffca006cd410b03ffc46dd3a58,24658257,0x93029b8e2f9a60e08ac01a5b42ca2f1e78125e8395a10e739daf895ffc4cb98e,112,Swap,0xd78ad95fa46c994b6551d0da85fc275fe613ce37657fb8d5e3d130840159d822,False
uniswap_v2,0xbb2b8038a1640196fbe3e38816f3e67cba72d940,24658271,0xf9ba097c96f511d2cdfc420ae7fa668d18ff0eb20c41191caf72394b73553998,39,Sync,0x1c411e9a96e071241c2f21f7726b17ae89e3cab4c78be50e062b03a9fffbbad1,False
uniswap_v2,0xbb2b8038a1640196fbe3e38816f3e67cba72d940,24658271,0xf9ba097c96f511d2cdfc420ae7fa668d18ff0eb20c41191caf72394b73553998,40,Swap,0xd78ad95fa46c994b6551d0da85fc275fe613ce37657fb8d5e3d130840159d822,False
sushiswap_v2,0xceff51756c56ceffca006cd410b03ffc46dd3a58,24658271,0xf9ba097c96f511d2cdfc420ae7fa668d18ff0eb20c41191caf72394b73553998,50,Sync,0x1c411e9a96e071241c2f21f7726b17ae89e3cab4c78be50e062b03a9fffbbad1,False
sushiswap_v2,0xceff51756c56ceffca006cd410b03ffc46dd3a58,24658271,0xf9ba097c96f511d2cdfc420ae7fa668d18ff0eb20c41191caf72394b73553998,51,Swap,0xd78ad95fa46c994b6551d0da85fc275fe613ce37657fb8d5e3d130840159d822,False
uniswap_v2,0xbb2b8038a1640196fbe3e38816f3e67cba72d940,24658272,0xd63f999a81f867cf9a34bc57f10c92668c43e6ba5f71aeeee202182d805dcc42,177,Sync,0x1c411e9a96e071241c2f21f7726b17ae89e3cab4c78be50e062b03a9fffbbad1,False
uniswap_v2,0xbb2b8038a1640196fbe3e38816f3e67cba72d940,24658272,0xd63f999a81f867cf9a34bc57f10c92668c43e6ba5f71aeeee202182d805dcc42,178,Swap,0xd78ad95fa46c994b6551d0da85fc275fe613ce37657fb8d5e3d130840159d822,False
uniswap_v2,0xbb2b8038a1640196fbe3e38816f3e67cba72d940,24658277,0x5fab2c382698971b203306e6d77c7993840c765a094e62e342ffd597b62beffe,26,Sync,0x1c411e9a96e071241c2f21f7726b17ae89e3cab4c78be50e062b03a9fffbbad1,False
uniswap_v2,0xbb2b8038a1640196fbe3e38816f3e67cba72d940,24658277,0x5fab2c382698971b203306e6d77c7993840c765a094e62e342ffd597b62beffe,27,Swap,0xd78ad95fa46c994b6551d0da85fc275fe613ce37657fb8d5e3d130840159d822,False
uniswap_v2,0xbb2b8038a1640196fbe3e38816f3e67cba72d940,24658346,0xaaf8f48f5c4d5aa8f6f0f15dfa7184d9f5a03450055d3d1961e07c3611b6e434,55,Sync,0x1c411e9a96e071241c2f21f7726b17ae89e3cab4c78be50e062b03a9fffbbad1,False
uniswap_v2,0xbb2b8038a1640196fbe3e38816f3e67cba72d940,24658346,0xaaf8f48f5c4d5aa8f6f0f15dfa7184d9f5a03450055d3d1961e07c3611b6e434,56,Swap,0xd78ad95fa46c994b6551d0da85fc275fe613ce37657fb8d5e3d130840159d822,False
sushiswap_v2,0xceff51756c56ceffca006cd410b03ffc46dd3a58,24658346,0xaaf8f48f5c4d5aa8f6f0f15dfa7184d9f5a03450055d3d1961e07c3611b6e434,62,Sync,0x1c411e9a96e071241c2f21f7726b17ae89e3cab4c78be50e062b03a9fffbbad1,False
sushiswap_v2,0xceff51756c56ceffca006cd410b03ffc46dd3a58,24658346,0xaaf8f48f5c4d5aa8f6f0f15dfa7184d9f5a03450055d3d1961e07c3611b6e434,63,Swap,0xd78ad95fa46c994b6551d0da85fc275fe613ce37657fb8d5e3d130840159d822,False
uniswap_v2,0xbb2b8038a1640196fbe3e38816f3e67cba72d940,24658395,0x0f68b109c380440a00a595e957ed7d9053af44877f34eda85392a2501d116b42,448,Sync,0x1c411e9a96e071241c2f21f7726b17ae89e3cab4c78be50e062b03a9fffbbad1,False
uniswap_v2,0xbb2b8038a1640196fbe3e38816f3e67cba72d940,24658395,0x0f68b109c380440a00a595e957ed7d9053af44877f34eda85392a2501d116b42,449,Mint,0x4c209b5fc8ad50758f13e2e1088ba56a560dff690a1c6fef26394f4c03821c4f,False
uniswap_v2,0xbb2b8038a1640196fbe3e38816f3e67cba72d940,24658395,0x0f68b109c380440a00a595e957ed7d9053af44877f34eda85392a2501d116b42,485,Sync,0x1c411e9a96e071241c2f21f7726b17ae89e3cab4c78be50e062b03a9fffbbad1,False
uniswap_v2,0xbb2b8038a1640196fbe3e38816f3e67cba72d940,24658395,0x0f68b109c380440a00a595e957ed7d9053af44877f34eda85392a2501d116b42,486,Burn,0xdccd412f0b1252819cb1fd330b93224ca42612892bb3f4f789976e6d81936496,False
uniswap_v2,0xbb2b8038a1640196fbe3e38816f3e67cba72d940,24658499,0x9363d60de815724dc2034f0ee1cf19ec158968e45a91f0b017067e5be9fd159e,185,Sync,0x1c411e9a96e071241c2f21f7726b17ae89e3cab4c78be50e062b03a9fffbbad1,False
uniswap_v2,0xbb2b8038a1640196fbe3e38816f3e67cba72d940,24658499,0x9363d60de815724dc2034f0ee1cf19ec158968e45a91f0b017067e5be9fd159e,186,Swap,0xd78ad95fa46c994b6551d0da85fc275fe613ce37657fb8d5e3d130840159d822,False
sushiswap_v2,0xceff51756c56ceffca006cd410b03ffc46dd3a58,24658514,0x4345551e6837265fb942fda3af9a6f8b0715a72349bcb17eabe38573d3cc5da3,1109,Sync,0x1c411e9a96e071241c2f21f7726b17ae89e3cab4c78be50e062b03a9fffbbad1,False
sushiswap_v2,0xceff51756c56ceffca006cd410b03ffc46dd3a58,24658514,0x4345551e6837265fb942fda3af9a6f8b0715a72349bcb17eabe38573d3cc5da3,1110,Swap,0xd78ad95fa46c994b6551d0da85fc275fe613ce37657fb8d5e3d130840159d822,False
uniswap_v2,0xbb2b8038a1640196fbe3e38816f3e67cba72d940,24658519,0xd358213776a5b572e59f5d3cc9bd846bab18f657a3ab473631aac59a5878d90d,93,Sync,0x1c411e9a96e071241c2f21f7726b17ae89e3cab4c78be50e062b03a9fffbbad1,False
uniswap_v2,0xbb2b8038a1640196fbe3e38816f3e67cba72d940,24658519,0xd358213776a5b572e59f5d3cc9bd846bab18f657a3ab473631aac59a5878d90d,94,Swap,0xd78ad95fa46c994b6551d0da85fc275fe613ce37657fb8d5e3d130840159d822,False
sushiswap_v2,0xceff51756c56ceffca006cd410b03ffc46dd3a58,24658519,0x6e95244580ac0be59bcfe3a2e847d86d9600fd7778259c5201c63036bd4340d2,279,Sync,0x1c411e9a96e071241c2f21f7726b17ae89e3cab4c78be50e062b03a9fffbbad1,False
sushiswap_v2,0xceff51756c56ceffca006cd410b03ffc46dd3a58,24658519,0x6e95244580ac0be59bcfe3a2e847d86d9600fd7778259c5201c63036bd4340d2,280,Swap,0xd78ad95fa46c994b6551d0da85fc275fe613ce37657fb8d5e3d130840159d822,False
